wiki_id,name,is_primary
Q100257960,Ivar Markus Tallgren,true
Q100257960,Ivar Tallgren,false
Q100258348,Herman Snellman,true
Q100258348,Herman Henrik Snellman,false
Q100272554,Knut Anthoni,true
Q100272554,Knut Gustaf Mauritz Anthoni,false
Q100272570,Aleksanteri Vihonen,true
Q100323030,Fredrik Hellman,true
Q100323030,Johan Fredrik Hellman,false
Q100701345,August Herckman,true
Q100701345,Karl August Herckman,false
Q100775517,Sven Rydenius,true
Q100780792,Arno Reuter,true
Q100780792,Arno Immanuel Reuter,false
Q100781243,Isak August Björklund,true
Q100781792,Per Ståhlfot,true
Q100781792,Per Ståhlfot vanhempi,false
Q100781825,Justin von Brochen,true
Q100784211,Otto Immanuel Appelberg,true
Q100784211,Otto Appelberg,false
Q100784583,Johan Alfred Nystén,true
Q100784624,Theodor Leopold Eck,true
Q100784624,Theodor Leoplod Eck,false
Q100784667,Kurt af Enehielm,true
Q100784667,Pehr Kurt Alexander af Enehielm,false
Q100784884,Gerhard Pehr Alopaeus,true
Q100799794,Anton Viktor Appelqvist,true
Q100799795,Arnold Melcher Berger,true
Q100799795,Arnold Melker Berger,false
Q100799906,Anders Prytz,true
Q100799960,Matti E. Niemelä,true
Q100799960,Matti Edvard Niemelä,false
Q100800012,Juho Pitkänen,true
Q100802472,Adiel Bergroth,true
Q100851697,Otto Johan Blåfield,true
Q100851697,Otto Johan Blafield,false
Q100852046,Uno Otto Honka,true
Q100852046,Uno Bremer,false
Q100852046,Uno Otto Bremer,false
Q100870519,Petter Adolf Brofeldt,true
Q100898575,Kaarlo Juhana Inberg,true
Q100898575,Hannu Inberg,false
Q100923107,Gabriel Wilhelm Cadenius,true
Q100923107,Gabriel Vilhelm Cadenius,false
Q100964971,Hans Henrik Estlander,true
Q100988071,Karl Konstantin Fieandt,true
Q100988071,Karl Fieandt,false
Q100988079,Johan August Florin,true
Q100997944,Karl Oskar Fontell,true
Q101009349,Ivar Rudolf Forsman,true
Q101034212,Hugo Ferdinand Forss,true
Q101034227,August Johan Frosterus,true
Q101038653,Knut Gustaf Victor Furuhjelm,true
Q101038653,Knut Gustaf Viktor Furuhjelm,false
Q101063791,Arvid Thorsten Birger Genetz,true
Q101063791,Arvid Torsten Birger Genetz,false
Q101069591,Fredrik Edvard Grönroos,true
Q101069594,Aleksanteri Gummerus,true
Q101069594,Aleksander Gummerus,false
Q101084739,Kristian Alfred Grahn,true
Q101084739,Christian Alfred Grahn,false
Q101084740,Salomon Hirvinen,true
Q101084745,Berndt Emil Hollmérus,true
Q101084746,Axel August Hårdh,true
Q101111233,Eugen Idestam,true
Q101111233,Oscar Eugen Idestam,false
Q101111233,Oscar Eugén Idestam,false
Q101184260,Johan Henrik Ilvonen,true
Q101184294,Gustaf Adolf Ingman,true
Q101184315,Josua Johansson,true
Q101214375,August Artur Jusélius,true
Q101214375,August Artur Juselius,false
Q101214405,Wilhelm Kaitila,true
Q101243564,Sigfrid Kullhem,true
Q101243564,Sigfrid Emil Kullhem,false
Q101243566,Viktor Konsin,true
Q101243566,Viktor August Konsin,false
Q101243567,Erik Karanen,true
Q101243567,Erik Johan Karanen,false
Q101332184,Gustaf Wilhelm Liukkonen,true
Q101332452,Karl Johan Lund,true
Q101332637,Gustaf Edvard Lybeck,true
Q101332821,Frans Oskar Möller,true
Q101333226,Johan Robert Hugo Nordenswan,true
Q101333744,Frans Nordlund,true
Q101334101,Karl Arvid Nyberg,true
Q101413585,Karl Woldemar Nystén,true
Q101423239,Hjalmar Oker-Blom,true
Q101423239,Hjalmar Christian Oker-Blom,false
Q101423242,Johan Leonhard Pentzin,true
Q101503195,Juhana Emil Sandelius,true
Q101558567,Berndt Gustaf Knut Björn Waldemar Schauman,true
Q101558602,August Michael Schauman,true
Q101558683,Viktor Jedidjah Alfred Roos,true
Q101558683,Jeja Roos,false
Q101583701,Einar Ossian Schauman,true
Q101583718,Karl August Schroderus,true
Q101583769,Henrik Edvard Rauramo,true
Q101583769,Henrik Edvard Schroderus,false
Q101592349,Gustaf Ferdinand Snellman,true
Q101592511,Maximilian Spåre,true
Q101592511,Max Spåre,false
Q101592511,Maximilian Hugo Adolf Spåre,false
Q101759019,Johan Axel Tammelander,true
Q101759185,Onni Tawaststjerna,true
Q101759185,Onni Fredrik Tawaststjerna,false
Q101807585,Ernst Wilhelm Tegengren,true
Q101807788,Johan Oskar Terho,true
Q101807788,Juho Oskari Terho,false
Q102046756,Karl Wilén,true
Q102046756,Karl Wilhelmsson Wilén,false
Q102046760,Knut Gustaf Åkesson,true
Q102046761,Axel Ålenius,true
Q102057592,Artur Emil Vilhelm Klinckowström,true
Q102057607,Klas Erik Järnefelt,true
Q102057607,Klas Erik Jarnefelt,false
Q102076980,Abdon Alfred Fredrik Lindberg,true
Q102172605,August Reinhold von Willebrand,true
Q102172680,Reinhold Peter Nasacken,true
Q102172680,P. R. Nasacken,false
Q102172680,Райнхольд Питер Насакин,false
Q102172709,Johan Frans Sahlberg,true
Q102172744,Gustaf Robert Böök,true
Q102182354,Lars Berndt Olsoni,true
Q102182397,Axel Gabriel af Björksten,true
Q102182397,Axel Gabriel Björkstén,false
Q102203709,Claes Leonard de la Chapelle,true
Q102250479,Knut Uno Axel Samuel von Troil,true
Q102250479,Knut von Troil,false
Q102250479,Кнут фон Тройль,false
Q102267270,Göran Erik Axel Silfverhjelm,true
Q102267270,Goran Erik Axel Silfverhjelm,false
Q102291355,Gustaf Oskar Teodor Nordström,true
Q102291355,Gustaf Nordström,false
Q102291355,Gustaf Oskar Teodor Nordstrom,false
Q102322728,Evold Oskar Alexander Kuhlefelt,true
Q102322728,Evald Oskar Alexander Kuhlefelt,false
Q102322770,Gustaf Fritiof Utter,true
Q102322770,F. G. Utter,false
Q102322805,Karl Viktor Hjalmar af Forselles,true
Q102322869,Karl Gustaf Johan Mellin,true
Q102355437,Frans Henrik af Björksten,true
Q102355437,Frans Henrik Björkstén,false
Q102355451,Claes Robert Stenroth,true
Q102436260,Karl Edvard Lindeqvist,true
Q102436273,Fredrik Edgar Leonard Bronikowsky,true
Q102436283,Karl Johan Alfred Björkstén,true
Q102436290,Jakob Cederberg,true
Q102436300,Jarl August Hagelstam,true
Q102436300,"Aukusti Hagelstam, master of Länsimäki farm",false
Q102436312,Frans Joakim Torckell,true
Q102666560,Robert Ek,true
Q102667659,Julius Fredrik Gadd,true
Q102667808,Carl Albert Ehrnrooth,true
Q102667808,Karl Albert Ehrnrooth,false
Q102968763,Ernst Albert Gustaf Brander,true
Q103337992,Anders Oskar Törnudd,true
Q103337992,Anders Oskar Tornudd,false
Q103338093,Josef Frans Oskar Idestam,true
Q103505506,Fredrik Vilhelm Fredrikson,true
Q103505600,Otto Robert Vilhelm Tandefelt,true
Q103505754,Gustaf Alfred af Hällström,true
Q103839737,Oskar Reinhold Vilhelm von Konow,true
Q103839739,Johan August Ferdinand Kuhlefelt,true
Q103841116,Karl Adolf Nordenskiöld,true
Q103841120,Gabriel Johan Masalin,true
Q103841123,Johan August Lindelöf,true
Q103841123,Johan August Lindelof,false
Q103893624,Adolf Fredrik Josef von Kothen,true
Q103893723,Knut Theodor Pipping,true
Q103893763,Viktor Laurentius Helander,true
Q103893813,August Fredrik Järnefelt,true
Q103893884,Germund Gustaf Aminoff,true
Q103893927,Edvin Gideon Wasastjerna,true
Q103979347,Karl Verner Rosendal,true
Q104007019,Gustaf Johan Järnefelt,true
Q104007039,Berndt Erik Konstantin Hildén,true
Q104007039,Berndt Erik Constantin Hildén,false
Q104007046,Axel Henning Krabbe,true
Q104007062,Ture Birger Wegelius,true
Q104048299,Ernst Emil Vilhelm Wärnhjelm,true
Q104048304,Reinhold Brix von Böningh,true
Q104084588,Zachris Castrén,true
Q104084588,Zachris Castren,false
Q104084619,Henrik August Wrede,true
Q104084619,Henrik August Wrede af Elimä,false
Q104143705,Nils af Ursin,true
Q104143705,Nils Ursin,false
Q104143737,Johan Alfred af Björksten,true
Q104143737,Johan Alfred Björkstén,false
Q104143737,"Johannes Alfretti Koivukivi, 2.Lord of Putumi",false
Q104143745,Nils Jakob Juselius,true
Q104143746,Anton Johan Thermén,true
Q104143749,Frans Henrik Bergroth,true
Q104143750,Karl Fredrik Munck,true
Q104143752,Johan Fridolf Pipping,true
Q104143753,Johan Punderus,true
Q104145188,Karl Viktor de la Chapelle,true
Q104145188,Carl Victor de la Chapelle,false
Q104145190,Elias Malakias Rosengren,true
Q104145190,Elias Malachias Rosengren,false
Q104145190,Elias Malakias Johansson Rosengren,false
Q104145190,Elias Rosengren,false
Q104145191,Otto Mauritz Nordström,true
Q104145191,Otto Mauritz Nordstrom,false
Q104145194,Tomas Erik Robert Adolf Adlercreutz,true
Q104145197,Karl Leonard Schulman,true
Q104145197,Карл-Леонард Шульман,false
Q104150518,Karl Jakob Helander,true
Q104150529,Karl Magnus Holm,true
Q104150529,Carl Magnus Holm,false
Q104172920,Nils Karl Elias Grotenfelt,true
Q104172922,Otto Fabian Nimrod Granfelt,true
Q104172922,Otto Granfelt,false
Q104172923,Berndt Gustaf Emil Blåfield,true
Q104172926,Karl Johan Oskar von Numers,true
Q104172926,Carl Johan Oskar von Numers,false
Q104172926,カール・ヨハン・オスカー・ヴォン・ヌメルス,false
Q104172926,卡尔·约翰·奥斯卡·翁·努梅尔斯,false
Q104172926,카르르 조한 오스카르 본 누메르스,false
Q104172930,Clas Collan,true
Q104172930,Klas Collan,false
Q104176916,Gustaf Svinhufvud,true
Q104176923,Sebastian von Knorring,true
Q104176927,Otto Ferdinand Hofdahl,true
Q104188739,Magnus Arvid Krabbe,true
Q104188766,August Fredrik Jansson,true
Q104211818,Carl Magnus Mauritz Armfelt,true
Q104211818,Carl Magnus Mauritz Armfelt​,false
Q104211818,"Count Kaarle 'Käsipuoli', Armfeldt, lord of Rauhalinna & Alalemu, Count",false
Q104235951,Karl Fredrik Grönberg,true
Q104235956,Karl Vilhelm Spåre,true
Q104235956,Карл Вильгельм Спаре,false
Q104235961,Anders Israel Cajander,true
Q104235965,Albert Heikel,true
Q104235968,Axel Emanuel Berner,true
Q104235973,Claes Gustaf Beyrath,true
Q104235976,Karl Fredrik von Born,true
Q104246707,Krister Ludvig Reinhold Jägerskiöld,true
Q104246707,Christer Ludvig Jägerskiöld,false
Q104246766,Benjamin Sulin,true
Q104247447,Karl Jakob Grönberg,true
Q104248045,Adolf Fredrik Sirén,true
Q104248045,Adolf Fredrik Siren,false
Q104290665,Otto Vilhelm Ehrström,true
Q104290665,Otto Vilhelm Ehrstrom,false
Q104348657,Nils Anders Gadolin,true
Q104348657,Нильс Андерс Гадолин,false
Q104348769,Samuel Henrik Nordström,true
Q104376663,Karl Ludvig von Zansen,true
Q104376666,Fredrik Ernst Gottlieb von Zansen,true
Q104376668,Karl Efraim Lilius,true
Q104378293,Fredrik Aminoff,true
Q104378293,Фредрик Аминофф,false
Q104378411,Axel Fredrik Boije af Gennäs,true
Q104378411,Axel Fredrik Boije,false
Q104381600,Johan Gustaf Schatelowitz,true
Q104383009,Axel Gustaf August Pamfelt,true
Q104383009,Axel Gustaf August Palmfelt,false
Q104383015,Evert Vilhelm Bruncrona,true
Q104383015,Evert Wilhelm Bruncrona,false
Q104383015,에베르트 빌헬므 브룬크로나,false
Q104383016,Otto Robert Claes Gustaf von Gertten,true
Q104383018,Lars Henrik Gustaf Langenskjöld,true
Q104413208,Berndt Gustaf Mellin,true
Q104413212,Karl Fredrik Stenbäck,true
Q104413212,Carl Fredrik Stenbäck,false
Q104413212,Karl Fredrik Stenback,false
Q104549831,Karl Gustaf Creutz,true
Q104549831,Carl Gustaf Creutz,false
Q104549831,"Count Kaarle Kustavi Creutz, 6.Count of Ahvenkoski, 1.Count of Malminkartano",false
Q104549831,Карл Густав Крейц,false
Q104549842,Robert Blåfield,true
Q104549842,R. Gustaf Blåfield,false
Q104549857,Berndt Fredrik Finckenberg,true
Q104549861,Karl Arvid Krabbe,true
Q104549861,Karl Arvid Crabbe,false
Q104549861,Карл Арвид Краббе,false
Q104549865,Johan Anders Gyldenär,true
Q104549898,Hans Petter Winge,true
Q104549902,Henrik Gustaf von Knorring,true
Q104549902,Henri Gustave de Knorring,false
Q104549902,Хенрик Густав фон Кнорринг,false
Q104549905,Daniel Mattens,true
Q104549953,Henrik Johan von Knorring,true
Q104549968,Salomon Jakob Finckenberg,true
Q104549968,Salomon Jacob Finckenberg,false
Q104550011,Johan Tandefelt,true
Q104550011,Йохан Тандефельт,false
Q104550039,Kristian Adolf Verner von Rehausen,true
Q104550046,Lars Olof Prytz,true
Q104550046,Ларс Олоф Притц,false
Q104550059,Joakim Fredrik Lindtman,true
Q104550073,Karl Henrik Adlercreutz,true
Q104550083,Fredrik Ehrenmalm,true
Q104550083,Fredrik Georg Ehrenmalm,false
Q104550089,Johan Fredrik von Willebrand,true
Q104550089,Йохан Фредрик фон Виллебранд,false
Q104550141,Jonas af Enehjelm,true
Q104550141,Jonas Hellenius,false
Q104550153,Jakob af Forselles,true
Q104550153,"Jaakko 'the younger' af Forselles, 2.Lord of Peippola, Moisio, Mustila...",false
Q104550153,Якоб Форселлес,false
Q104550164,Bernt Fredrik von Konow,true
Q104550164,Berndt Fredrik von Konow,false
Q104550197,Carl Anton Broberger,true
Q104550197,Carl Filip Anton Broberg,false
Q104550197,Carl Filip Anton Broberger,false
Q104550228,Fredrik August von Zansen,true
Q104550266,Fabian af Enehjelm,true
Q104550266,Fabian Hellenius,false
Q104550266,Fabian af Enehielm,false
Q104550277,Adam Teodor Langenskiöld,true
Q104550289,Gustaf af Stenhoff,true
Q104550304,Fredrik Segercrantz,true
Q104550322,Anton Wilhelm von Schantz,true
Q104550354,Carl Gustaf Lagermarck,true
Q104550386,Erik Johan Örnhielm,true
Q104550386,Erik Johan Örnhjelm,false
Q104550447,Nils Jonas Gammal Ehrencrona,true
Q104551775,Georg Fredrik von Essen,true
Q104551788,Robert Magnus Brunow,true
Q104551793,Daniel Erik Bosin,true
Q104551801,Bernt Gustaf Eneskjöld,true
Q104551807,Carl Vilhelm Torwigge,true
Q104551815,Carl Johan Armfelt,true
Q104551827,Berndt Henrik Aminoff,true
Q104551827,Berndt H. Aminoff,false
Q104551827,Bernt Henrik Aminoff,false
Q104551827,Берндт Генрик Аминофф,false
Q104551835,Henrik Johan Kuhlefelt,true
Q104551840,Adolf Johan Lilliebrunn,true
Q104551848,Fredrik Adolf Ramsay,true
Q104551851,Axel Herman Hästesko af Målagård,true
Q104551857,Henrik Robert Spåre,true
Q104551874,Claes Uggla,true
Q104551880,Otto Christer Boije af Gennäs,true
Q104551880,Friherre Otto Christer Boije af Gennäs,false
Q104551880,Otto Christer Boije,false
Q104551880,"Бойе, Отто Кристер",false
Q104551880,Отто Кристер Бойе,false
Q104578164,Axel Reinhold Cedercreutz,true
Q104578164,Аксель Рейнхольд Седеркрёйц,false
Q104588847,Olof Cederström,true
Q104588856,Herman Höckert,true
Q104588874,August Filip Armfelt,true
Q104588874,Август Максимович Армфельт,false
Q104588874,Август-Филипп Максимович Армфельт,false
Q104588874,"Армфельт, Август Максимович",false
Q104588874,Филипп Максимович Армфельт,false
Q104588882,Fredrik Ulrik Bernt Otto Stackelberg,true
Q104588904,Mårten Fredrik Ringbom,true
Q104588904,Mårten Fredrik Ringbohm,false
Q104596836,Fredrik Ståhle,true
Q104602790,Jacob Holmstén,true
Q104602792,Johan Ascholin,true
Q104602796,Henrik Sovelius,true
Q104602798,Jakob Elias Granberg,true
Q104602800,Samuel Backman,true
Q104602803,Samuel Gottschick,true
Q104621945,Tuomas Seppälä,true
Q104621945,Tomas Seppälä,false
Q104622008,Henrik Pussila,true
Q104622014,Henrik Waris,true
Q104622018,Pietari Hoffrén,true
Q104622018,Johan Petter Hoffrén,false
Q104622031,Pietari Haaranen,true
Q104622031,Petter Haaranen,false
Q104622523,Henrik Kesti,true
Q104622523,Heikki Kesti,false
Q104622523,Henrik Gesti,false
Q104622533,Henrik Riihimäki,true
Q104627325,Eric Borgström,true
Q104627328,Nils Nyman,true
Q104627331,Pietari Wästi,true
Q104627331,Petter Wästi,false
Q104627331,Pietari Vesti,false
Q104627331,Pietari Västi,false
Q104627334,Elias Sipuli,true
Q104627338,Juhana Koivisto,true
Q104627338,Johan Koivisto,false
Q104627338,Juho Koivisto,false
Q104627340,Juhana Himanen,true
Q104627340,Johan Himain,false
Q104627343,Tuomas Tuomala,true
Q104627343,Tomas Tuomala,false
Q104627607,Elias Hintsa,true
Q104627607,Elias Hinta,false
Q104627607,Elias Sirén,false
Q104631352,Johan Lundström,true
Q104631373,Gustaf Falck,true
Q104631384,Henrik Granroth,true
Q104631391,Simon Louko,true
Q104631391,Simon Lauko,false
Q104631398,Henrik Tervonen,true
Q104631415,Johan Kelhälä,true
Q104631415,Juho Kelhälä,false
Q104631447,Simo Uotila,true
Q104631461,Antti Mongola,true
Q104631461,Anders Mongola,false
Q104631461,Antti Mullila,false
Q104663900,Olof Henrik Helander,true
Q104715289,Niilo Karilas,true
Q104715289,Niilo Karlsberg,false
Q104721213,Josef Österbladh,true
Q104721219,Frans Viktor Sandelin,true
Q104721221,Petter Gustaf Hällfors,true
Q104721229,Anders Gustaf Westerlund,true
Q104721230,Gustaf Lemström,true
Q104721230,Gustaf Adolf Lemström,false
Q104765569,Knut Fredrik Durchman,true
Q104815685,Teodor Natanael von Pfaler,true
Q104815685,Theodor Natanael von Pfaler,false
Q104815701,Peter Snellman,true
Q104815701,Petter Snellman,false
Q104815711,Johan Alarik Roos,true
Q104815713,Fredrik Nauklér,true
Q104845164,Karl Gustaf Teetgren,true
Q104845164,Carl Gustaf Teetgren,false
Q104845206,Otto Vilhelm Furuhjelm,true
Q104845228,Johannes Ilmanen,true
Q104899489,Fredrik Sneckenström,true
Q104899489,Gustaf Fredrik Sneckenström,false
Q104899495,Robert Emil Hisinger,true
Q104920110,Axel Fredrik Adolf von Christierson,true
Q104920129,August Bergenstråhle,true
Q104920129,August Bergenstråle,false
Q104920129,Carl August Johan Eugene Bergenstråhle,false
Q104920129,Carl August Johan Eugene Bergenstråle,false
Q104995553,Pekka Anttonen,true
Q104995579,Aleksanteri Arvelin,true
Q104995579,Kaarle Aleksanteri Arvelin,false
Q104995579,Karl Aleksander Arvelin,false
Q104995593,Iisakki Arvo,true
Q104995605,Gabriel Anttila,true
Q104995620,Juho Alastalo,true
Q104995643,Juhana Heikki Ala-Hanho,true
Q104995643,Juhana Heikki Alahanho,false
Q104995649,Petter Akola,true
Q104995649,Petter Aaprami Akola,false
Q104995671,Antti Ahvenainen,true
Q104995689,Pekka Ahokas,true
Q104995705,Niilo Kosonen,true
Q105037566,Anders Blomqvist,true
Q105037566,Anders Blomqvis,false
Q105037569,Karl Johan Bonde,true
Q105037578,Juho Palomaa,true
Q105037578,Johannes Brander,false
Q105037578,Johannes Palomaa,false
Q105037582,Gustaf Samuel Bredenberg,true
Q105037587,Juho Brusila,true
Q105037590,Karl Johan Brännäs,true
Q105037599,Theodor Aschan,true
Q105037599,Henrik Herman Theodor Aschan,false
Q105045039,Petter Auvinen,true
Q105045041,Matti Auvinen,true
Q105045042,Georg Edgar Candelin,true
Q105045044,Adolf Natanael Colliander,true
Q105045044,Adolf Nathanael Colliander,false
Q105045048,Alfred Filip Danielson,true
Q105048270,Alexander Otto Ehrström,true
Q105048270,Aleksander Otto Ehrström,false
Q105048270,Alexander Otto Ehrstrom,false
Q105048330,Salomon Ek,true
Q105048330,Salomon Hiitola,false
Q105064076,Juho Heikki Filppula,true
Q105064076,Johan Henrik Filppula,false
Q105064081,John Flygare,true
Q105064084,Juho Foudila,true
Q105064090,Frans Ekqvist,true
Q105064090,Frans Fredric Johansson Tammi,false
Q105064090,Frans Fredrik Ekqvist,false
Q105064090,Frans Fredrik Tammi,false
Q105064093,Olli Fredrik Eronen,true
Q105069780,Kaarlo Ekberg,true
Q105069782,Gustaf Viktor Eklund,true
Q105069783,Elias August Tunkelo,true
Q105069783,Elias August Ekman,false
Q105069783,Elias August Ekman-Isotalo,false
Q105069785,Carl Gustaf Fredriksson,true
Q105069785,Karl Gustaf Fredriksson,false
Q105069786,Niilo Aleksander Grundström,true
Q105069788,Edvard Grönroos,true
Q105069794,Johan Gabriel Gädda,true
Q105069803,Kustaa Haali,true
Q105077447,Antti Haikonen,true
Q105077448,Karl Henrik Hagman,true
Q105077448,Carl Henrik Hagman,false
Q105077451,Karl Johan Hahl,true
Q105086423,Heikki Hakulinen,true
Q105086426,Pekka Hakulinen,true
Q105086430,Adolf Halinen,true
Q105086436,Adam Halkilahti,true
Q105086441,Antti Halonen,true
Q105086443,Heikki Hannikainen,true
Q105337186,Antti Kananen,true
Q105337189,Juho Jalkanen,true
Q105337193,Anders Johan Jansson,true
Q105337195,Juho Jormakka,true
Q105337196,Simo Joutsiniemi,true
Q105337196,Simo Kerppola,false
Q105337196,Simon Kerpola,false
Q105337197,Matti Junnola,true
Q105337207,Juhana Samuel Junttila,true
Q105337207,Juho Samuel Junttila,false
Q105337210,Eeli Juntunen,true
Q105337216,Juho Herman Jurva,true
Q105337220,Kalle Juvonen,true
Q105337225,Abel Jäntti,true
Q105337228,Pekka Kakkinen,true
Q105337240,David Kalli,true
Q105337241,Heikki Kansanen,true
Q105337243,Karl August Karlstedt,true
Q105337245,David Karppelin,true
Q105337256,Israel Karvosenoja,true
Q105337273,Paavo Kasurinen,true
Q105337286,Juhana Katina,true
Q105337292,Heikki Kauranen,true
Q105337307,Fredrik Johan Inberg,true
Q105337309,Henrik Johan Isotalo,true
Q105337311,Tahvo Jaatinen,true
Q105337315,Juhana Jalkanen,true
Q105337332,Aapeli Häyrinen,true
Q105337338,Juho Ikkala,true
Q105337342,Aksel Hynninen,true
Q105337342,Akseli Hynninen,false
Q105350970,Lauri Keränen,true
Q105350977,Anders Keto,true
Q105350990,Vihtori Hosio,true
Q105350996,Jaakko Huhtanen,true
Q105350996,Jaakko Tuomaanpoika Huhtanen,false
Q105351022,Kustaa Huostila,true
Q105351030,Juhana Hyytiäinen,true
Q105351041,Anders Häggström,true
Q105432156,Juhana Konttinen,true
Q105432166,Heikki Konttinen,true
Q105432172,Kaarlo Kokkonen,true
Q105432176,Sakari Koli,true
Q105432181,Kaarle Komonen,true
Q105432186,Kaarle Konsti,true
Q105432186,Kalle Konsti,false
Q105432236,Elias Lauko,true
Q105432248,Gustaf Viktor Eklund,true
Q105432260,Iisakki Hannuksela,true
Q105432265,Karl Hannus,true
Q105432270,Jaakko Hartonen,true
Q105432279,Sanfrid Hasselqvist,true
Q105432279,Anton Gideon Sanfrid Hasselqvist,false
Q105432279,サンフリッド・ハッセルクヴィスト,false
Q105432284,Brynolf Roiha,true
Q105432288,Heikki Hassinen,true
Q105432294,Kaarle Kustaa Hegerström,true
Q105432305,Karl Viktor Paasivirta,true
Q105432305,Karl Viktor Hellström,false
Q105432314,Paul Hendunen,true
Q105432314,Paavo Hendunen,false
Q105432328,Konstantin Saarenpää,true
Q105432328,Konstantin Emanuel Herckman,false
Q105432328,Konstantin Emanuel Saarenpää,false
Q105432334,Johan Viktor Hildén,true
Q105432338,Jaakko Hirvelä,true
Q105432343,Elias Hirvonen,true
Q105432349,Kustaa Hissa,true
Q105432349,Kaarle Kustaa Hissa,false
Q105432357,Kaarlo Vilho Piintilä,true
Q105432357,Kaarlo Vilho Hollmén,false
Q105432364,Iisakki Holmi,true
Q105432364,Iisakki Lähteenoja,false
Q105432371,Juho Fredrik Horelli,true
Q105432371,Juho Fredrik Mäki-Horelli,false
Q105432376,Antti Juhana Horttanainen,true
Q105432396,Elias Illi,true
Q105454264,Mikko Lampinen,true
Q105454281,Matti Lakari,true
Q105454297,Lassi Laitinen,true
Q105454314,Lauri Vilho Laitinen,true
Q105454333,Karl Gustaf Lagerström,true
Q105454349,Antti Laari,true
Q105454393,Oskar Aleksander Laakso,true
Q105454393,Oskar Alexander Ljufström,false
Q105454409,Otto Edvard Könni,true
Q105454450,Erik Johan Kännälä,true
Q105454450,Erkki Juho Kännälä,false
Q105454506,Matti Kulkas,true
Q105454524,Tuomas Kuisma,true
Q105454545,Heikki Krook,true
Q105454545,Henrik Krook,false
Q105454580,Elias Krook,true
Q105454580,Elias Möttönen,false
Q105454605,Juho Kotilainen,true
Q105454605,Juhana Kotilainen,false
Q105454655,Matti Koponen,true
Q105470731,Tuomas Laurikainen,true
Q105470739,Hugo Kalima,true
Q105470739,Hugo Gottfrid Kalima,false
Q105470739,Hugo Landgren,false
Q105620413,Kaarle Prusi,true
Q105620414,Carl Fredrik Pousar,true
Q105620424,Juho Pernu,true
Q105620539,Abraham Patja,true
Q105620544,Karl Anshelm Packalén,true
Q105620551,Leander Olofsson,true
Q105620569,Aatu Okko,true
Q105620575,Paavo Nykänen,true
Q105620577,Anders Nordling,true
Q105620583,Anton Mäkelä,true
Q105620588,Enok Nohteri,true
Q105620591,Juho Nikkarla,true
Q105620598,Robert Gustaf Niemi,true
Q105620602,Tuomas Poutiainen,true
Q105620614,Juho Poutiainen,true
Q105620615,Heikki Poutanen,true
Q105629703,Gustaf Adolf Qwarnström,true
Q105629715,Vilhelm Pääkkönen,true
Q105629732,Heikki Punttala,true
Q105629755,Antti Punttala,true
Q105629779,Antti Juho Pulkkinen,true
Q105629807,Antti Pulkkinen,true
Q105629945,Tuomas Poikela,true
Q105629965,Juhana Pohjalainen,true
Q105629998,Juho Pietiläinen,true
Q105630056,Johan Pettersson,true
Q105636267,August Perho,true
Q105636268,Juho Pere,true
Q105636269,Vilho Penttilä,true
Q105636269,Vilhelm Penttilä,false
Q105636272,Johan Henrik Peltola,true
Q105636273,Kustaa Pellonpää,true
Q105636275,Georg Wilhelm Paunonen,true
Q105636276,Gabriel Paunonen,true
Q105645203,Juho Riipinen,true
Q105645218,Berndt Magnus Reinius,true
Q105645248,Matti Reinikkala,true
Q105645260,Kaarlo Fabian Rautajoki,true
Q105645284,Wasilei Ratinen,true
Q105645284,Vasilei Ratinen,false
Q105645300,Semen Ratinen,true
Q105645318,Aappo Rantaniemi,true
Q105645318,Abram Rantaniemi,false
Q105645334,Viktor Vilhelm Raipala,true
Q105645334,Viktor Vilhelm Raipola,false
Q105645349,Antti Pullinen,true
Q105662930,Antti Uotila,true
Q105662930,Anders Andersson Uotila,false
Q105662930,Anders Uotila,false
Q105662969,Esaias Tykki,true
Q105662969,Esaias Stycki,false
Q105663020,Lauri Tiainen,true
Q105663079,Matti Teräs-Rautila,true
Q105663079,Matti Teräsrautela,false
Q105663122,Adolf Fredrik Simolin,true
Q105663134,Johan Simula,true
Q105663208,Matti Pennanen,true
Q105701075,Aatami Tiilikainen,true
Q105701075,Adam Tiilikainen,false
Q105701078,Heikki Ylinen,true
Q105701085,Yrjö Adolf Taskinen,true
Q105701087,Taavetti Suo-Anttila,true
Q105701091,Kustaa Ruhanen,true
Q105701209,Gustav Vanha-Seppälä,true
Q105701209,Gustaf Vanha-Seppälä,false
Q105701318,Carl Georg Rosenberg,true
Q105701318,Karl Georg Rosenberg,false
Q105701492,Johan Erik Rosenberg,true
Q105701552,Elias Rotberg,true
Q105702511,Pekka Tiainen,true
Q105702515,Paavo Niskanen,true
Q105702515,Paavo Niskakoski,false
Q105702517,Johan Mynttinen,true
Q105702519,Lauri Määttä,true
Q105702526,Kaarle Muttilainen,true
Q105702528,Jaakko Myllylä,true
Q105702538,Antti Mikkola,true
Q105702538,Antti Erland Mikkola,false
Q105702549,Antti Miettinen,true
Q105708653,Axel Gabriel Lindgren,true
Q105708660,Johan Niinelä,true
Q105708660,Johan Lindegren,false
Q105751890,Heikki Toijala,true
Q105751892,Heikki Tikkanen,true
Q105751892,Heikki Antinpoika Tikkanen,false
Q105751898,Kustaa Aadolf Tervoinen,true
Q105751898,Kustaa Adolf Tervoinen,false
Q105751901,Eerik Tensikkala,true
Q105751901,Erik Tensikkala,false
Q105751906,Kaarle Henrik Teittinen,true
Q105751906,Kaarlo Heikki Teittinen,false
Q105751910,Juhana Taskinen,true
Q105751910,Johan Taskinen,false
Q105751910,Juho Taskinen,false
Q105751911,Ferdinand Taskinen,true
Q105751914,Frans Tanner,true
Q105751914,Frans Erland Tanner,false
Q105751916,Josef Söderman,true
Q105751918,Viktor Vilhelm Söderholm,true
Q105751921,Henrik Svanberg,true
Q105751922,Risto Summa,true
Q105751926,Erik Johan Stråhle,true
Q105751942,Erik Johan Stråhle,true
Q105751943,Johan Starcke,true
Q105751946,Johan Staf,true
Q105751952,Juho Sormunen,true
Q105751954,Juho Anton Särkilahti,true
Q105751954,Juho Anton Sjöblom,false
Q105751957,Juhana Sivenius-Sipilä,true
Q105751963,Gustaf Adolf Silén,true
Q105751964,Pekka Siira,true
Q105751967,Petter Sihvonen,true
Q105751971,David Savolainen,true
Q105751977,Gustaf Wilhelm Sandell,true
Q105752133,Sipro Ryösä,true
Q105752135,Claes Johan Stenroth,true
Q105756020,Juho Zitting,true
Q105756258,Juhana Ylönen,true
Q105756260,Juho Wähälä,true
Q105756262,Vilho Vitikkala,true
Q105756265,Karl Johan Winter,true
Q105756267,Joonas Venäläinen,true
Q105756269,Antti Waris,true
Q105756272,Georg Leopold Topelius,true
Q105756272,Georg Leopold Alexander Topelius,false
Q105756272,Georg Leopold Alexander Toppelius,false
Q105756276,Eerikki Sassi,true
Q105756276,Eerik Sassi,false
Q105771891,Karl Henrik Råbergh,true
Q105771893,Juho Pietari Sahlgren,true
Q105771895,Juhana Paganus,true
Q105771896,Pekka Paganus,true
Q105771897,August Samuel Nordström,true
Q105771899,Henrik Johan Malmgren,true
Q105771900,Elias Mankki,true
Q105771901,Johan Mannstén,true
Q105771903,Jaakko Martola,true
Q105771904,Antti Mattila,true
Q105771905,Erik Mattlar,true
Q105771906,Juhana Maunula,true
Q105771906,Juhana Tuomaanpoika Maunula,false
Q105920766,Aadolf Tikkanen,true
Q105920766,Adolf Tikkanen,false
Q105943504,Ferdinand Lemström,true
Q105943504,Frans Fredrik Ferdinand Lemström,false
Q105943506,Rurik Kellgren,true
Q105943506,Rurik Teodor Kellgren,false
Q105943510,Petter Johan Hämäläinen,true
Q105943514,Carl Gustaf Bergh,true
Q105943516,Christian Edvard Boehm,true
Q105943516,Kristian Edvard Boehm,false
Q105943518,Pontus Ludvig Dahlman,true
Q105946628,Samuel Johan Vesander,true
Q105946628,Samuel Johan Wesander,false
Q105946629,Stefan Träskelin,true
Q105946638,Carl W. Savander,true
Q105946638,Carl Wilhelm Savander,false
Q105946641,Anders Johan Molander,true
Q105951049,Theodor Lindroth,true
Q105951049,Fabian Theodor Lindroth,false
Q105951055,Carl Grundfeldt,true
Q105951055,Carl Adolf Fredrik Grundfeldt,false
Q105953037,Carl Wilhelm Franck,true
Q105953045,Matti Paajanen,true
Q105955066,Alarik Achrén,true
Q105955066,Karl Anshelm Alarik Achrén,false
Q105956704,Johan Fredrik Ahlberg,true
Q106223936,Adolf Fredrik Liljeros,true
Q106223945,Adolf Wilhelm von Zweygberg,true
Q106223945,A.W. von Zweygberg,false
Q106223945,Adolf Zweygberg,false
Q106223951,Adolf Albin Sopanen,true
Q106223967,Olof Blom,true
Q106223967,Olof Engelbrekt Blom,false
Q106223970,Fredrik Reinhold Ehnberg,true
Q106223979,Otto Reinhold Grönholm,true
Q106224047,Anders Gustaf Hamberg,true
Q106224054,Gustaf Mauritz Helsingius,true
Q106224074,Abraham Petrelius,true
Q106224079,Herman Wahrman,true
Q106224091,Karl Johan Boström,true
Q106224094,Johan Fredrik Gummerus,true
Q106224100,Mathias Jaatinen,true
Q106224100,Axel Mathias Jaatinen,false
Q106224104,Nikolai Lisitzin,true
Q106224110,Albert Schogster,true
Q106224110,Robert Albert Bernhard Schogster,false
Q106239181,Frans Sumelius,true
Q106239181,Frans Petter Wihelm Sumelius,false
Q106239197,Georg Rosenius,true
Q106239197,Georg Jakob Rosenius,false
Q106239201,Anshelm Nordman,true
Q106239201,Karl Anshelm Nordman,false
Q106239204,Robert Junnelius,true
Q106239204,Robert Alexander Junnelius,false
Q106239210,Alfred Hedman,true
Q106239210,Georg Jonas Alfred Hedman,false
Q106239220,Oskar Backman,true
Q106239220,Oskar August Backman,false
Q106239238,Johan Gustaf Wikeström,true
Q106239241,Johan Josef Stenbäck,true
Q106239250,Juho Pelkonen,true
Q106239253,Wilhelm Panelius,true
Q106239253,Berndt Wilhelm Panelius,false
Q106239258,Carl Nummelin,true
Q106239258,Carl Johan Nummelin,false
Q106239269,Ferdinand Lojander,true
Q106239269,Johan Ferdinand Lojander,false
Q106239274,Oscar Walter Edvard Hoving,false
Q106239274,Oskar Walter Edvard Hoving,false
Q106239274,Oskar Walter Hoving,false
Q106239274,Walter Hoving,false
Q106239284,Richard Heimberger,true
Q106239284,Richard Teodor Heimberger,false
Q106239284,Richard Theodor Heimberger,false
Q106239289,Oskar Hedlund,true
Q106239289,Per Oskar Hedlund,false
Q106239295,Axel Georg Henrik Grönvik,true
Q106239312,Carl Federley,true
Q106239312,Carl Berndt Federley,false
Q106239312,Carl Bernhard Federley,false
Q106239312,Karl Berndt Federley,false
Q106239316,Carl Eugen Åberg,true
Q106239316,Karl Eugen Åberg,false
Q106239323,Frans August Törnroth,true
Q106239334,Robert Rissanen,true
Q106240876,Albert Öberg,true
Q106240876,Johan Albert Eligius Öberg,false
Q106240907,Karl Fredrik Walle,true
Q106240914,Carl Fredrik Tojkander,true
Q106240921,Johan Strömberg,true
Q106241016,Juho Nissinen,true
Q106241039,Robert Hartman,true
Q106241049,Alfred Burman,true
Q106241049,Johan Alfred Burman,false
Q106272565,Theodor Frosterus,true
Q106272565,Nils Theodor Frosterus,false
Q106272574,Fredrik Jansson,true
Q106272574,Axel Fredrik Salomon Jansson,false
Q106272576,Carl Johan Sundman,true
Q106272578,Mikael Lindén,true
Q106272578,Frans Mikael Lindén,false
Q106309485,Juho Aatami Pelkonen,true
Q106309485,Johannes Aatami Pelkonen,false
Q106309490,Axel Grönlund,true
Q106309490,Karl Axel Wilhelm Grönlund,false
Q106309495,Albert Lindh,true
Q106309495,Johan Albert Lindh,false
Q106309501,Johan Fredrik Kerttula,true
Q106319464,Zachris Valmari,true
Q106319464,Zachris Walmari,false
Q106319465,August Emil Konstantin Tötterman,true
Q106319466,Henrik Solin,true
Q106319470,Johan Wilhelm Samberg,true
Q106319475,Herman Roschier,true
Q106319475,Paul Herman Roschier,false
Q106319479,Gösta Lindblom,true
Q106319479,Gustaf Adolf Lindblom,false
Q106319482,Hjalmar Johan Gabriel Grahn,true
Q106319489,Erik Wilhelm Savón,true
Q106319490,Erik Johan Savón,true
Q106319495,Frans Henrik Malin,true
Q106319501,Axel Holmberg,true
Q106319501,Axel Fredrik Holmberg,false
Q106319506,Atle Genetz,true
Q106319506,Atle Karl Gustaf Genetz,false
Q106319506,Atle Karl Gustaf Willian Genetz,false
Q106319509,Konrad Dahlström,true
Q106319509,Konrad William Dahlström,false
Q106319511,Axel Cronvall,true
Q106319511,Axel Magnus Adrian Cronvall,false
Q106323440,Juhana Kinttala,true
Q106323442,Simo Ylinen,true
Q106323444,Erik Isotalo,true
Q106323445,Johan Schulin,true
Q106323467,Matti Retula,true
Q106323474,Matti Ikonen,true
Q106323476,Juho Kaksola,true
Q106323476,Juhana Kaksola,false
Q106323476,Juhana Rolig-Kaksola,false
Q106323478,Kustaa Vilhelm Karhu,true
Q106323479,Mikko Karjalahti,true
Q106323484,Martti Kiuru,true
Q106323485,Oskar Kiviranta,true
Q106323485,Oskar Kivi,false
Q106323485,Oskar Maunula,false
Q106323486,Juho Klami,true
Q106323487,David Knuutinen,true
Q106323488,Urbanus Koistinen,true
Q106323491,Juho Koivisto,true
Q106323492,Juho Koivisto,true
Q106323494,Juhana Koponen,true
Q106323495,Juhana Korhonen,true
Q106323496,Aleksi Korvenranta,true
Q106323510,Matti Haapala,true
Q106323516,Mikko Helenius,true
Q106323596,Kaarle Langén-Laurila,true
Q106323598,Matti Leino,true
Q106323599,August Kristian Lemström,true
Q106323600,Pekka Leppänen,true
Q106323601,Martti Levonen,true
Q106323602,Iisakki Liimatainen,true
Q106323603,Jarl August Reinhold Lindberg,true
Q106323606,Carl Filip Lindfors,true
Q106323607,Juho Heikki Lauste,true
Q106323608,Robert Rannikko,true
Q106323608,Robert Edvin Rannikko,false
Q106323608,Robert Lukander,false
Q106323609,Juho Heikki Luoma,true
Q106323610,August Malm,true
Q106323610,August Reinhold Malm,false
Q106323614,Matti Montonen,true
Q106323615,Olli Mustonen,true
Q106323622,Pekka Kankaanrinta,true
Q106323624,Adolf Nousiainen,true
Q106323625,Erik Nygård,true
Q106323628,Kalle Oittinen,true
Q106323629,Jaakko Pahkamaa,true
Q106323634,Vihtori Penttilä,true
Q106323634,Vihtori Penttila,false
Q106323636,Kaarle Juhana Peräntie,true
Q106323636,Kaarle Juhana Perantie,false
Q106323640,Kustaa Adolf Raitanen,true
Q106323645,Jonas Vitikkala,true
Q106323650,Aappo Walta,true
Q106323650,Abraham Lappeteläinen,false
Q106323650,Abraham Valta,false
Q106323662,Johan Henrik Alkunen,true
Q106323663,Oscar Wilhelm Andstén,true
Q106323713,Magnus Björklund,true
Q106323713,Magnus Bjorklund,false
Q106323713,Magnus Malcolm Björklund,false
Q106323718,Julius Emerik Jansson,true
Q106323719,Richard Labbart,true
Q106323719,Richard Mauritz Labbart,false
Q106323722,Victor Magnus Rydman,true
Q106323724,Viktor Bergman,true
Q106323724,Karl Viktor Bergman,false
Q106342362,Juho Heikki Jokinen,true
Q106342366,Johan Albert Kosk,true
Q106342382,Taneli Kurkela,true
Q106342386,Konstantin Lojander,true
Q106342386,Konstantin Ludvig Lojander,false
Q106367950,Isak Oivanen,true
Q106367950,Isak Erland Oivanen,false
Q106367951,Simo Frithiof Parviainen,true
Q106481508,Lars August Sackleen,true
Q106481508,Ларс Август Саклен,false
Q106481509,Pehr Emil af Forselles,true
Q106490275,Victor Ludvig Alexander Falck,true
Q106543049,Alexander Aminoff,true
Q106543049,Александр Адольфович Аминов,false
Q106543049,"Аминов, Александр Адольфович",false
Q106613391,Otto Karl Hjalmar Schulman,true
Q106613391,Hjalmar Schulman,false
Q106613408,Oscar Johan Mechelin,true
Q106613413,Axel Björkenheim,true
Q106613413,Carl Axel Fredrik Björkenheim,false
Q106705866,Osma Alfred Schildt,true
Q106705868,Frans Gustaf von Winther,true
Q106705870,Rabbe Gustaf Otto Wrede,true
Q106766138,Herman Adlercreutz,true
Q106766144,August von Willebrand,true
Q106766146,Thorsten Brakel,true
Q106766155,Hans Henrik Brummer,true
Q106766158,Karl Wilhelm Bruncrona,true
Q106766161,Arthur Reinhold von Essen,true
Q106766161,Артур-Рейнгольд фон Эссен,false
Q106766166,Carl Rudolf Christer Schulman,true
Q106766167,Ernst Silfverhjelm,true
Q106766171,Johan Axel Erik Silfverhjelm,true
Q106766173,Rudolf Waldemar Munsterhjelm,true
Q106766175,Adolf Constantin Mechelin,true
Q106766179,Johan Wilhelm Brummer,true
Q106766182,Tom Hjalmar Carpelan,true
Q106766184,Hugo Edvard af Enehjelm,true
Q106766187,Carl Georg Estlander,true
Q106766188,Jakob Bernhard Estlander,true
Q106773908,Carl Wilhelm Daniel von Fieandt,true
Q106773908,Karl Wilhelm Daniel von Fieandt,false
Q106773917,Carl Axel Birger af Forselles,true
Q106773917,Карл Аксель аф Форселлес,false
Q106773926,Gabriel Benjamin Cronstedt,true
Q106773933,Emil Waldemar Cedercreutz,true
Q106773940,Gustaf Johan Reinhold Cedercreutz,true
Q106773949,Carl Axel Gustaf von Christierson,true
Q106811961,Carl Anton Reinhold Ludvig Cronstedt,true
Q106811961,"Кронштедт, Карл Антонович",false
Q106811973,Pehr Adolf Alf af Forselles,true
Q106811973,Pehr Adolf af Forselles,false
Q106811980,Charles Emil af Frosterus,true
Q106811980,Ch. Em. Frosterus,false
Q106811986,Elis Campbell Nicolas Furuhjelm,true
Q106811986,Elis Campbell Nikolai Furuhjelm,false
Q106811996,Claes Edvin Godenhjelm,true
Q106811996,Claës Edvin Godenhjelm,false
Q106811996,Klas Edvin Godenhjelm,false
Q106812004,August Fredrik Granfelt,true
Q106812011,Aarne Gripenberg,true
Q106812011,Arne Gripenberg,false
Q106812017,Tor Nils Adolf Grotenfelt,true
Q106812017,Tor Grotenfelt,false
Q106812031,Edvard Robert Ludvig Hedenberg,true
Q106812042,Hugo Oskar Alexander Magnus von Heideman,true
Q106812047,Harald August af Hellén,true
Q106812053,Ivar Theodor von Hellens,true
Q106817325,Alexander Wilhelm af Heurlin,true
Q106817420,Gustaf Emil af Hällström,true
Q106817448,Nils Adolf Lindsay von Julin,true
Q106817475,Carl Georg Jägerhorn,true
Q106879323,Gustaf Sigurd Gideon von Numers,true
Q106879323,Gösta von Numers,false
Q106888823,Reinhold Ernst Petter Jägerhorn,true
Q106888823,Reinhold Jägerhorn,false
Q106895983,Krister Robert Otto Edgar Jägerskiöld,true
Q106895983,Krister Jägerskiöld,false
Q106895983,Krister Robert Otto Edgard Jägerskiöld,false
Q106896017,Ludvig Hisinger-Jägerskiöld,true
Q106896017,Christer Ludvig Eduard Hisinger-Jägerskiöld,false
Q106896017,Krister Ludvig Edvard Hisinger-Jägerskiöld,false
Q106896031,Adolf Ferdinand von Konow,true
Q106896046,Johannes Alarik von Knorring,true
Q106906800,Alexander Gabriel Lagus,true
Q106906800,Aleksanteri Kaaprieli Lagus,false
Q106906807,August Carl Adam Lagermarck,true
Q106906807,August Carl Lagermarck,false
Q106906810,Carl Otto Alexander Munck,true
Q106906815,Arthur Pippingsköld,true
Q106906821,Lars Knut Prytz,true
Q106906821,Ларс Кнут Притц,false
Q106907163,Johan Pihlman,true
Q106910213,Adolf Aminoff,true
Q106919251,Jost Wilhelm Hugo von Qvanten,true
Q106919253,Ernst Viktor von Rehausen,true
Q106919282,Arvid Sanmark,true
Q106932779,Constantin Runo Georg von Schoultz,true
Q106932779,Konstantin Runo Georg von Schoultz,false
Q106932799,Arvid Michael af Schultén,true
Q106932799,Arvid Mikael af Schultén,false
Q106932821,Johan Viktor Segerstråle,true
Q106936586,Axel Johan Alfons Spåre,true
Q106936650,Viktor Nikolai Julius Thesleff,true
Q106936650,Victor Nicolai Julius Thesleff,false
Q106936650,Виктор Николаевич Теслев,false
Q106936698,Ivar August Wahren,true
Q106945190,Evert Viktor Wasastjerna,true
Q106945190,Evert Victor Wasastjerna,false
Q106945193,Uno Alfons Wasastjerna,true
Q106967408,Georg von Willebrand,true
Q106967411,Carl Ragnar af Björkesten,true
Q106967411,Karl Ragnar af Björkesten,false
Q106967413,Birger Fredrik af Björkesten,true
Q106967415,Axel Waldemar af Björksten,true
Q106967415,Axel Valdemar af Björksten,false
Q106967418,Gustaf Ivar Blåfield,true
Q106967418,Gustav Ivar Blåfield,false
Q106967420,John Waldemar von Bonsdorff,true
Q106967421,Gustaf Filip Creutz,true
Q106967426,Alexander Kasimir Ehrnrooth,true
Q106967426,Alexander Casimir Ehrnrooth,false
Q106967426,Sascha Ehrnrooth,false
Q106967426,"agronomist Aleksanteri Kasimir 'Kunnianjuuri', maanviljelysneuvos; lord of Terviikki manor, of Pakneesi, Lammi and",false
Q106967426,Александр Казимир Эрнрот,false
Q106967426,"Эрнрот, Александр Казимир",false
Q106967465,Carl August Gabriel von Haartman,true
Q106967467,Lars Emil von Haartman,true
Q106967469,Magnus Mikael von Kothen,true
Q106967469,Magnus Michael von Kothen,false
Q106967472,Karl Otto Reinhold Ladau,true
Q106967472,Carl Otto Reinhold Ladau,false
Q106967475,Johannes Wilhelm von Nandelstadh,true
Q106967477,Edvard Alexander Ramsay,true
Q106967477,baron Edvard Aleksanteri Ramsay,false
Q106989471,Karl Hjalmar Rosenbröijer,true
Q106989471,Carl Hjalmar Rosenbröijer,false
Q106989473,Gösta August Sackleen,true
Q106989480,Hjalmar Frithiof Segercrantz,true
Q106989480,Hjalmar Fritiof Segercrantz,false
Q106989485,Henrik Carl Gustaf August Standertskjöld,true
Q106989485,Henrik Carl-Gustaf August Standertskjöld,false
Q106989485,Henrik Karl Gustaf August Standertskjöld,false
Q106989485,"Henrikki Kaarle Kustaa August Viirikilpi, 4.Lord of Vanantaka",false
Q106989489,Waldemar Stjerncreutz,true
Q106989489,Valdemar Stjerncreutz,false
Q106989489,Владимир Александрович Шернкрейц,false
Q106989504,Henrik Ludvig Alfred Stjernvall,true
Q106989504,Хенрик Шернваль,false
Q107006384,James Mauritz Tigerstedt,true
Q107006388,Hjalmar Edvard Tawast,true
Q107012251,Axel Theodor Örnhjelm,true
Q107012252,August Henrik Uno Wrede,true
Q107012252,August Henrik Wrede af Elimä,false
Q107012252,August Wrede af Elimä,false
Q107012257,Axel Leonard von Weissenberg,true
Q107012263,Hugo Johan Wilhelm Wadenstjerna,true
Q107012263,Hugo Johan Vilhelm Wadenstjerna,false
Q107018373,Oskar Guido Tapio Aminoff,true
Q107018411,Alexander von Becker,true
Q107018413,Artur Edvard von Bonsdorff,true
Q107054972,Carl August Wilhelm Cederholm,true
Q107054972,Karl August Wilhelm Sederholm,false
Q107054977,Carl Osvald de la Chapelle,true
Q107054983,Carl Gustaf Wilhelm von Christierson,true
Q107054983,Karl Gustaf Wilhelm von Christierson,false
Q107054987,Kurt Gustaf Edvard af Enehjelm,true
Q107054990,Arvid Harald von Fieandt,true
Q107054992,Edvard Ananias af Forselles,true
Q107054992,Эдвард-Ананий Эдуардович Форселлес,false
Q107054992,Эдуард Эдуардович Форселлес,false
Q107069595,Georg Viktor Berndt von Haartman,true
Q107069595,Bernt von Haartman,false
Q107069600,Georg Carl Fridolf Kuhlefelt,true
Q107069600,Georg Karl Fridolf Kuhlefelt,false
Q107069600,Georg Kuhlefelt,false
Q107069605,Gustaf Elis Ferdinand Kuhlefelt,true
Q107069605,Elis Gustaf Ferdinand Kuhlefelt,false
Q107069611,Alexander Wilhelm Lagerborg,true
Q107086197,Henrik Josef Gustaf Mechelin,true
Q107086199,Oscar Alexander von Nandelstadh,true
Q107086202,Torsten Fredrik Zacharias Nordenswan,true
Q107172244,Gustaf Eckhard Maximilian af Enehjelm,true
Q107172247,Woldemar Alfred Ludvig Rehbinder,true
Q107172247,Voldemar Alfred Ludvig Rehbinder,false
Q107172249,Berndt Adam Emil von Schantz,true
Q107172249,Bernt Adam Emil von Schantz,false
Q107172250,Adolf Ferdinand Spåre,true
Q107172252,Henrik Carl Axel Standertskjöld,true
Q107172252,"Henrikki Viirikilpi, 5.Lord of Vavaantaka",false
Q107172253,Axel Edvard Wasastjerna,true
Q107172255,Axel de la Chapelle,true
Q107172256,Georg Mauritz von Christierson,true
Q107201195,Otto Alfred von Fieandt,true
Q107201208,Karl August Magnus Henrik Granfelt,true
Q107201208,Carl August Magnus Henric Granfelt,false
Q107201216,Alfred Michael von Haartman,true
Q107201216,Alfred Michaël von Haartman,false
Q107258244,Frans Axel Herman von Knorring,true
Q107258244,Axel von Knorring,false
Q107258245,Georg Emil Lindsay von Julin,true
Q107258245,Georg Lindsay von Julin,false
Q107258246,Maunu Ossian af Heurlin,true
Q107283213,Berndt Theodor Munck,true
Q107283213,Berndt Theodor Munck af Fulkila,false
Q107283213,Bernt Teodor Munck,false
Q107283215,Carl Gustaf Munck,true
Q107283217,Evert Magnus Ridderstad,true
Q107283219,Fredrik Walter Rosenlew,true
Q107303731,Lilli Wilhelm Schildt,true
Q107323176,Edgar Rafael Örnhjelm,true
Q107323177,Karl Max Werner Schulman,true
Q107323177,Karl Max Verner Schulman,false
Q107323179,Gustaf Emil Alfons Spåre,true
Q107323180,Fredrik Hjalmar Stackelberg,true
Q107323184,Fredrik Kristoffer Tawast,true
Q107323184,Fredrik Christoffer Tawast,false
Q107323185,John Axel Henrik Wahren,true
Q107323185,Johan Axel Henrik Wahren,false
Q107323187,Rabbe Wladimir Wrede,true
Q107323187,Rabbe Vladimir Wrede,false
Q107323187,Rabbe Vladimir Wrede af Elimä,false
Q107337643,Ivan Alexander Aminoff,true
Q107337643,Иван Александрович Аминов,false
Q107337647,Edvard Bergenheim,true
Q107337649,Georg Mauritz von Essen,true
Q107337650,Carl Theodor von Frenckell,true
Q107337677,Johan Wladimir Furuhjelm,true
Q107337678,Robert Reinhold August Hedenberg,true
Q107337682,Knut Johan Robert Lagus,true
Q107337682,Robert Lagus,false
Q107337685,Herman Maximilian Molander,true
Q107337685,Max Molander,false
Q107337689,Carl von Schoultz,true
Q107337689,Karl von Schoultz,false
Q107337690,Knut Albert Segerstråle,true
Q107337690,Albert Segerstråle,false
Q107337690,Кнут Альберт Сегерштроле,false
Q107400151,Torsten Johan Aminoff,true
Q107400155,Alexander Sebastian Ehrnrooth,true
Q107400157,Lars Magnus Vladimir Glansenstierna,true
Q107400160,Robert Johan Gustaf Gripenberg,true
Q107400164,Mauritz Fridolf Hisinger,true
Q107405251,Armas Gideon Järnefelt,true
Q107405255,Fredrik Wilhelm Hugo von Qvanten,true
Q107405257,Claes Samuel Segerstråle,true
Q107405257,Клас Самуэль Сегерштроле,false
Q107405259,Wilhelm Thesleff,true
Q107439749,Carl Eugen Armfelt,true
Q107439749,Carl Eugene Armfelt,false
Q107738924,Alexander von Knorring,true
Q107738924,Alexander Vilhelm von Knorring,false
Q107738931,Adolf Theodor Rosenbröijer,true
Q107738934,Johan Henrik von Schrowe,true
Q107738938,Fredrik Magnus Stackelberg,true
Q107750220,Adolf Kasimir Aminoff,true
Q107750220,Adolf Casimir Aminoff,false
Q107750220,"Аминов, Казимир Александрович",false
Q107750220,Казимир Александрович Аминов,false
Q107750236,Mauritz Wladimir Armfelt,true
Q107750236,Mauritz Vladimir Armfelt,false
Q107750236,Mauritz Wilhelm Armfelt,false
Q107750236,"Армфельт, Владимир Александрович",false
Q107750236,Владимир Александрович Армфельт,false
Q107750239,Adolf Edvin Arppe,true
Q107750242,Knut Adolf Boije af Gennäs,true
Q107750242,Константин Адольфович Бойе,false
Q107750248,Pehr Ivar Ekbom,true
Q107750261,Alexander Rokassowskij,true
Q107750271,Alexander von Etter,true
Q107750271,"Эттер, Александр Севастьянович",false
Q107750283,Fredrik Frithiof Maximilian Gottlieb von Zansen,true
Q107750283,Max von Zansen,false
Q107751309,Edvard Robert Standertskjöld,true
Q107751309,Эдвард Роберт Стандершельд,false
Q107797659,Alexander Eugen Spåre,true
Q107797659,Alexander Eugén Spåre,false
Q107797664,Alexis Fredrik Stewen-Steinheil,true
Q107797664,Alexis Fredrik Steven-Steinheil,false
Q107797669,Gustaf Mauritz von Essen,true
Q107797702,Oskar Adolf Järnefelt,true
Q107797702,Oscar Adolph Järnefelt,false
Q107797800,Hugo Kasimir Nordenswan,true
Q107797860,Fredrik Nordmann,true
Q107797860,Fedja Nordmann,false
Q107797860,Фредрик Леонард Нордман,false
Q107798065,Karl Johan Agaton von Numers,true
Q107798065,Carl Johan Agathon von Numers,false
Q107860633,Karl Allan Knut Schulman,true
Q107860633,Carl Allan Knut Schulman,false
Q107860636,Georg Otto Segerstråle,true
Q107860638,Axel Oskar Achates Standertskjöld,true
Q107860638,Axel Oskar Akates Standertskjöld,false
Q107860644,Alfred Edgar Wasastjerna,true
Q107860656,Georg Kasimir Ladau,true
Q107860689,Karl Frans Johan Schauman,true
Q107860706,Woldemar Gustaf Silfversvan,true
Q107918040,Paul Hugo Sölfverarm,true
Q107918042,Fredrik Willehad von Wendt,true
Q107918042,colonel Frederik Villehard Wendt,false
Q107918042,Фредрик Виллехад фон Вендт,false
Q107918125,Hjalmar Erik Gabriel von Bonsdorff,true
Q107918125,"Bonsdorff, Hjalmar Erik Gabriel von",false
Q107918125,Hjalmar Erik Gabriel v. Bonsdorff,false
Q107918125,Hjalmar von Bonsdorff,false
Q107918125,"von Bonsdorff, Hjalmar Erik Gabriel",false
Q107918176,Alfred Henrik Balthasar Ehrenstolpe,true
Q107918176,Alfred Henrik Baltazar Ehrenstolpe,false
Q107918176,Alfred Henrik Baltzar Ehrenstolpe,false
Q107918200,Berndt Adolf Grönhagen,true
Q107918200,Адольф Гренгаген,false
Q107918233,Fredrik Järnefelt,true
Q107918278,Frans Egenolf Eugen von Knorring,true
Q107918278,Egenolf von Knorring,false
Q107918278,Frans Egenolf Eugéne von Knorring,false
Q107968776,Fredrik Wilhelm Hisinger,true
Q107968777,Karl Emil Blåfield,true
Q107968778,Karl Anders Herman Boije af Gennäs,true
Q107968779,Alfred Oskar von Bonsdorff,true
Q107968780,Theodor Ulrik af Forselles,true
Q107968780,Teodor Ulrik af Forselles,false
Q107968780,Теодор аф Форселес,false
Q107968781,Carl August Edvard Gripenberg,true
Q107968781,Карл Август Эдуард Грипенберг,false
Q107968784,Wolmar af Heurlin,true
Q107968784,Carl Johan Wolmar af Heurlin,false
Q107968786,Gustaf Albin Wasastjerna,true
Q107968788,Karl Alexander Napoleon Tigerstedt,true
Q107978466,Axel Gustaf Mellin,true
Q107978466,Axel Gustav Mellin,false
Q107978468,Nikolai Adolf Reinhold Munck,true
Q107978472,Anders Georg Emil Munsterhjelm,true
Q107978474,Julius Dominicus Pinello,true
Q107978474,Julius Dominikus Pinello,false
Q107978476,Karl Gotthard Werner von Rehausen,true
Q107978479,Robert Severin af Björksten,true
Q107978479,Roopertti Severi,false
Q107978487,Karl Gustaf Brakel,true
Q107978487,Carl Gustaf Brakel,false
Q107978489,Edvard Waldemar von Christierson,true
Q107978493,Alexander Etholén,true
Q107978496,Emil Fabian Mauritz von Kothen,true
Q107994309,August von Nandelstadh,true
Q107994310,Georg Kristian Oker-Blom,true
Q107994310,Georg Christian Oker-Blom,false
Q107994311,Hjalmar Filip Palmén,true
Q107994312,Johannes Eberhard von Schantz,true
Q107994313,Axel Gabriel Wilhelm Tawaststjerna,true
Q108003408,Fredrik Nikolai Onni Theodor von Zansen,true
Q108003411,Karl Johan Vilhelm Wadenstjerna,true
Q108003411,Carl Johan Wilhelm Wadenstjerna,false
Q108003411,Karl Johann Wilhelm Wadenstjerna,false
Q108003411,Карл-Вильгельм Карлович Ваденшерна,false
Q108003416,Johan Wilhelm Stjernschantz,true
Q108003416,Johan Wilhelm Blidberg,false
Q108003418,Karl Gustaf Spåre,true
Q108003418,Карл Густаф Спаре,false
Q108003420,Karl Fredrik Sebastian von Schoultz,true
Q108003420,Carl Fredrik Sebastian von Schoultz,false
Q108003424,Fabian Wilhelm von Schantz,true
Q108003424,Fabian von Schantz,false
Q108003430,Gustaf Fredrik Rotkirch,true
Q108029576,Paul Wilhelm Jonas Edelheim,true
Q108029578,Johan Gustaf Wilhelm Brummer,true
Q108029581,Viktor Emil von Bonsdorff,true
Q108029581,Victor Emil von Bonsdorff,false
Q108043642,Oskar Leonard af Forselles,true
Q108043645,Johan Georg Agricola,true
Q108043647,August Leonidas Tawast,true
Q108043649,Otto Gerhard af Schultén,true
Q108043655,Lars Oskar Wilhelm af Heurlin,true
Q108043658,Viktor Leonhard af Forselles,true
Q108043658,Victor Leonard af Forselles,false
Q108043660,Fredrik af Forselles,true
Q108043660,Colonel Frederik Forselles,false
Q108056302,Johan Emil Furuhjelm,true
Q108056305,Conrad Osvald Hjerta,true
Q108056305,Konrad Osvald Hjerta,false
Q108056307,Gustaf Magnus Leonard Jägerskiöld,true
Q108056307,Густав Христофорович Эгершельд,false
Q108056307,"Эгершельд, Густав Христофорович",false
Q108067054,Alexander Edvard von Wendt,true
Q108067054,Александр Эдвард Вендт,false
Q108067057,Johan Ulrik von Törne,true
Q108067057,Йохан Ульрик фон Тёрне,false
Q108067058,Fridolin Stjernvall,true
Q108067061,Henrik Johan Standertskjöld,true
Q108067061,"Henrikki Johannes Viirikilpi, 3.Lord of Vanantaka",false
Q108067061,Хенрик Иоганн Стандершельд,false
Q108067063,Knut Emil von Schantz,true
Q108067071,Henrik Thomas Adlercreutz,true
Q108067073,Magnus Fredrik Tandefelt,true
Q108067073,Магнус Фредрик Тандефельт,false
Q108067079,Karl Magnus Mikael Walleen,true
Q108067079,Carl Magnus Michael Walleen,false
Q108067084,Johan Gustaf Emil Segercrantz,true
Q108067086,Bror Albert von Fieandt,true
Q108082048,Adolf Vilhelm Boije af Gennäs,true
Q108082048,Adolf Vilhelm Оттович Boije af Gennäs,false
Q108082048,Адольф Оттович Бойе,false
Q108082048,"Бойе, Адольф Оттович",false
Q108082107,Alexander Felix Carl Ekestubbe,true
Q108082117,Constantin von Fieandt,true
Q108082117,Konstantin von Fieandt,false
Q108082124,Fredrik Wilhelm Fraser,true
Q108082124,Fredrik Vilhelm Fraser,false
Q108122282,Georg Nordenswan,true
Q108122284,Georg Fredrik Pistolekors,true
Q108122287,Maximilian von Rosenkampff,true
Q108122287,Максимилиан Карлович фон Розенкампф,false
Q108122292,Johan Fredrik Vilhelm Standertskjöld,true
Q108122292,Johan Fredrik Wilhelm Standertskjöld,false
Q108122296,Curt Gustaf Stjernvall,true
Q108122296,Kurt Gustaf Stjernvall,false
Q108122298,Nikolai Alexander Thesleff,true
Q108122298,Николай Александрович Теслев,false
Q108122302,Ernst Johan von Willebrand,true
Q108122302,Эрнст Йохан фон Виллебранд,false
Q108122304,Vilhelm Otto Casper David Wrede,true
Q108122304,Vilhelm Otto Casper David Wrede af Elimä,false
Q108122304,"Vilhelm Otto Casper David, Friherre Wrede af Elimä",false
Q108122304,Каспер Густав Вреде,false
Q108122307,Alfons Jerôme von Haartman,true
Q108122307,Alfons Jerome von Haartman,false
Q108122309,Blechard Gustaf Jägerhorn,true
Q108122309,Blechard Gustaf Jägerhorn af Spurila,false
Q108146071,Fredrik Jonas Klingstedt,true
Q108146073,Johan Emil von Konow,true
Q109774866,Carl Alfred Uggla,true
Q109774866,Karl Alfred Uggla,false
Q109826711,Nikolai Thesleff,true
Q109826711,Николай Александрович Теслев,false
Q109826718,Johan Olof Reinhold von Törne,true
Q109826726,Gustaf Georg Waldemar von Essen,true
Q109826726,Gustaf Georg Valdemar von Essen,false
Q109826726,Gustaf Georg Woldemar von Essen,false
Q110322241,Theodor Bruun,true
Q110322241,Teodor Bruun,false
Q110322241,Theodor Bruun Jr.,false
Q110322241,Theodor Bruun nuorempi,false
Q110322241,Федор Федорович Брун,false
Q110322261,Walter Werner Axel von Troil,true
Q110322268,Johan Osvald Wasastjerna,true
Q110322268,Johan Oswald Wasastjerna,false
Q110322268,Johannes Osvald Wasastjerna,false
Q110322284,Gustaf Karl Kullervo von Schoultz,true
Q110322284,Карл Густав фон Шульц,false
Q110322285,Carl August Reinhold Lars Armfelt,true
Q110322285,"Count Kaarle-Augusti 'Käsipuoli', Armfeldt, lord of Viurila manor",false
Q110322286,Alexander von Collan,true
Q110322639,Johan Reinhold Taube nuorempi,true
Q110322639,Johan Reinhold Taube,false
Q110322641,Karl Johan Robert Standertskjöld,true
Q110322642,Theodor Frithiof Blåfield,true
Q110322642,Teodor Fritiof Blåfield,false
Q110322642,Teodor Fritjof Blåfjeld,false
Q110322644,Hjalmar Fridolf Samuel von Troil,true
Q110437866,Jost Joachim Pipping,true
Q11289035,Julius af Lindfors,true
Q11289035,Jacob Julius af Lindfors,false
Q11289035,Jakob Julius Lindfors,false
Q11289035,Jakob Julius af Lindfors,false
Q113394084,Matti Pikkarainen,true
Q113394084,Matti Aaponpoika Pikkarainen,false
Q113394084,Matti Abrahaminpoika Pikkarainen,false
Q11849787,Adolf Edvard Björkenheim,true
Q11849787,"Edvard Björkenheim, lord of Orisperi manor",false
Q11849791,Adolf Fredrik Rosendal,true
Q11849791,Adolphus Fredricus Rosendal,false
Q11850401,Akseli Listo,true
Q11850401,A. A. Listo,false
Q11850401,Akseli Lilius,false
Q11850401,Axel August Lilius,false
Q11850401,Axel August Listo,false
Q11850401,اكسيلى ليستو,false
Q11850593,Albert Luoma,true
Q11850593,البيرت لوما,false
Q11850599,Albert Oskar Snellman,true
Q11850636,Albrecht Fredrik Richard de la Chapelle,true
Q11850636,Albrecht Fredrik Rickhard de la Chapelle,false
Q11850636,Albrekt Fredrik Richard de la Chapelle,false
Q11850688,Aleksanteri Tuloisela,true
Q11850768,Alexander Ferdinand Borenius,true
Q11850768,Aleksander Ferdinand Borenius,false
Q11850785,Alexander von Daehn,true
Q11850785,Alexander Leonard von Daehn,false
Q11850785,Александр Леонард фон Ден,false
Q11850796,Alexis von Kræmer,true
Q11850796,Alexis Carl Oskar Fredrik von Kraemer,false
Q11850796,Alexis Karl Oskar Fredrik von Kraemer,false
Q11850796,Alexis Karl Oskar Fredrik von Kræmer,false
Q11850796,Alexis von Kraemer,false
Q11850796,Алексис Карл Оскар Фредерик фон Кремер,false
Q11850819,Alfred Brynolf Roos,true
Q11850819,A. B. Roos,false
Q11851311,Anders Henrik Snellman,true
Q11851311,A. H. Snellman,false
Q11851311,Anders Snellman,false
Q11851328,Anders Svedberg,true
Q11851990,Anton Lilius,true
Q11852102,Antti Juhana Mustonen,true
Q11852102,Anders Johan Mustonen,false
Q11852102,Antti Mustonen,false
Q11852170,Antti Mikkola,true
Q11852170,Anders Vilhelm Mikkola,false
Q11852170,Antti Vilho Mikkola,false
Q11852170,Антти Миккола,false
Q11852170,انتى ميكولا,false
Q11852260,Antti Tuomikoski,true
Q11852260,Anders Tuomikoski,false
Q11852260,انتى توميكوسكى,false
Q11852778,Arthur Sommer,true
Q11852778,Артур Соммер,false
Q11852900,Artur Hammarström,true
Q11852900,Herman Artur Hammarström,false
Q11853353,August Fellman,true
Q11853353,August Abraham Fellman,false
Q11853366,August Magnus Gustaf Armfelt,true
Q11853366,August Armfelt,false
Q11853366,"Count Aukusti 'Käsipuoli', Armfeldt, lord of Viurila manor",false
Q11853369,August Mäkipeska,true
Q11853369,August Makipeska,false
Q11853708,Axel Fredrik Tigerstedt,true
Q11853708,A. F. Tigerstedt,false
Q11853708,Аксель Фредрик Тигерстедт,false
Q11853711,Axel Gustaf Mellin,true
Q11853711,Аксель Густав Меллин,false
Q11853711,"Меллин, Аксель Густав",false
Q11853724,Axel Spoof,true
Q11853724,Axel Reinhold Spoof,false
Q11853728,Axel Wilhelm Wahren,true
Q11853728,A.W. Wahren,false
Q11854130,Berndt Adolf Carl Gregori Aminoff,true
Q11854130,Bernd Adolf Carl Gregori,false
Q11854130,Bernd Adolf Carl Gregori Aminoff,false
Q11854130,"Аминофф, Берндт Адольф",false
Q11854130,Берндт Адольф Карл Грегори Аминофф,false
Q11854141,Boris Nordmann,true
Q11854141,Bernhard,false
Q11854141,Bernhard Nordmann,false
Q11854141,Boris Davidowitsch Nordmann,false
Q11854141,Борис Нордман,false
Q11854141,"Нордман, Борис",false
Q11854144,Bernhard Fredrik Godenhjelm,true
Q11854144,B. F. Godenhjelm,false
Q11854144,Berndt Fredrik Godenhjelm,false
Q11854144,Bernhard Godenhjelm,false
Q11854976,Carl Ferdinand Borenius,true
Q11854976,Karl Ferdinand Borenius,false
Q11855007,Carl Magnus Engman,true
Q11855015,Carl Robert Mannerheim,true
Q11855015,Карл Роберт Маннергейм,false
Q11855015,Карл Роберт Манэргейм,false
Q11855015,Карл Робэрт Манэргэйм,false
Q11855015,"Маннергейм, Карл Роберт",false
Q11855015,Կառլ Ռոբերտ Մաներհայմ,false
Q11855015,קארל רוברט מנרהיים,false
Q11855015,卡尔·罗伯特·曼纳海姆,false
Q11855015,卡爾·羅伯特·曼納海姆,false
Q11855085,Casper Wrede,true
Q11855085,C. Wrede,false
Q11855085,Casper på Gesterby,false
Q11855085,W. C. M. A. Wrede,false
Q11855085,Wilhelm Casper Magnus August Wrede,false
Q11855085,Каспар Вреде,false
Q11855498,Constantin Linder,true
Q11855498,"Линдер, Константин Карлович",false
Q11856443,E. V. Petterson,true
Q11856443,Erik Viktor Petterson,false
Q11856576,Eduard Hisinger,true
Q11856576,Eduard Viktor Eugène Hisinger,false
Q11856576,Edvard Hisinger,false
Q11856576,Edvard Viktor Eugène Hisinger,false
Q11856576,Freiherr Eduard Victor Eugen Hisinger,false
Q11856603,Edvard Furuhjelm,true
Q11856603,Knut Elis Gustaf Edvard Furuhjelm,false
Q11856603,Knut Gustav Elis Edvard Furuhjelm,false
Q11856605,Edvard Hannula,true
Q11856605,ادڤارد هانولا,false
Q11856627,Edvin Avellan,true
Q11856627,Edv. Tarkki,false
Q11856627,Edvin Gustafsson Avellan,false
Q11856628,Edvin Bergroth,true
Q11856628,Edvin Leonard Bergroth,false
Q11856628,"Бергрот, Эдвин Иванович",false
Q11857435,Elis Bergroth,true
Q11857435,Gustaf Elis Bergroth,false
Q11857805,Emil Schybergson,true
Q11857805,Ernst Emil Schybergson,false
Q11857805,اميل ستشيبيرجسون,false
Q11858125,Eric von Rettig,true
Q11858125,Eric Rettig,false
Q11858125,Eric Walter von Rettig,false
Q11858125,اريك ڤون ريتيج,false
Q11858192,Erik von Schantz,true
Q11858192,Erik Gottfrid von Schantz,false
Q11858309,Erkki Juho Warpenius,true
Q11858407,Erkki Reijonen,true
Q11858407,Eemil Erkki Reijonen,false
Q11858407,Emil Erkki Reijonen,false
Q11858491,Ernst Ehrnrooth,true
Q11858491,Ernst Hjalmar Ehrnrooth,false
Q11858491,Ернст Ернрот,false
Q11858495,Ernst Gustaf von Willebrand,true
Q11858495,"Виллебранд, Эрнст Густав",false
Q11858495,Эрнст Густав фон Виллебранд,false
Q11858511,Ernst Roini,true
Q11858511,Iivar Roini,false
Q11858519,Ernst von Wendt,true
Q11858519,Ernst Constantin Willehad von Wendt,false
Q11858519,noble Ernesti Wendt,false
Q11858519,Эрнст фон Вендт,false
Q11859009,Eugen Wolff,true
Q11859009,Carl Oskar Eugen Wolff,false
Q11859009,Carl Oskar Eugène Wolff,false
Q11859009,Carl Oskar Eugén Wolff,false
Q11859009,Ойген Вольфф,false
Q11859185,Evert Wasastjerna,true
Q11859185,Evert Edelfrid Wasastjerna,false
Q11859493,Ferdinand Alexander Kumlin,true
Q11859929,Frans Edvard Edelheim,true
Q11859929,Франс Едвард Едельгейм,false
Q11859965,Frans Oskar Durchman,true
Q11859971,Frans Richard de la Chapelle,true
Q11859977,Frans Wilhelm Gustaf Hjelt,true
Q11859977,Frans Vilhelm Gustaf Hjelt,false
Q11860035,Fredrik Nybom,true
Q11860035,Fredrik Kristian Jeremias Nybom,false
Q11860037,Fredrik Paksuniemi,true
Q11860045,Fredrik Sundwall,true
Q11860045,F. W. Sundwall,false
Q11860045,Fredrik Wilhelm Sundwall,false
Q11860045,Фредерик Сандвол,false
Q11860046,Fredrik Vilhelm Lagerstedt,true
Q11860085,Fridolf Leopold Hisinger,true
Q11860085,Fridolf Hisinger,false
Q11860222,G. A. Heman,true
Q11860222,Gustaf Adolf Heman,false
Q11860258,Gabriel Tolpo,true
Q11860381,Georg Wallgren,true
Q11860382,Georg von Winther,true
Q11860382,Georg Gustaf von Winther,false
Q11860393,George Granfelt,true
Q11860393,Georg Fredrik Granfelt,false
Q11860393,George Fredrik Granfelt,false
Q11860393,چورچ جرانفيلت,false
Q11860772,Gustaf Adolf Lindblom,true
Q11860780,Gustaf Arokallio,true
Q11860780,Gustav Arokallio,false
Q11860780,جوستاف اروكاليو,false
Q11860782,Gustaf Dahlberg,true
Q11860782,Gustav Dahlberg,false
Q11860791,Gustaf Gideon Forsman,true
Q11860795,Gustaf Fredrik Rotkirch,true
Q11860795,Густав-Фредрик Роткирх,false
Q11860798,Gustaf Johannes Winter,true
Q11860812,Gustaf Robert Ehrnrooth,true
Q11860812,"Эрнрот, Густав Густавович",false
Q11860814,Gustaf Richard Idestam,true
Q11860814,Richard Idestam,false
Q11860820,Gustaf Wasastjerna,true
Q11860820,Gustaf August Falander,false
Q11860820,Gustaf August Wasastjerna,false
Q11860820,گوستاف آگوست واساستیرنا,false
Q11861473,Hans Gustaf Boije,true
Q11861477,Hans Henrik Stjernvall,true
Q11861477,Ханс Хенрик Шернваль,false
Q11861838,Heikki Jaatinen,true
Q11862304,Henrik Adolf Mechelin,true
Q11862304,Генрих Адольф Мехелин,false
Q11862333,Henrik Melander,true
Q11862333,Хенрик Меландер,false
Q11862340,Henrik Ullgren,true
Q11862406,Herman Standertskjöld-Nordenstam,true
Q11862406,Herman Sigfrid Standertskjöld-Nordenstam,false
Q11862406,Герман Стандершельд,false
Q11862406,Герман-Сигфрид Стандершельд,false
Q11863727,Hugo Richard Sandberg,true
Q11864420,Iisakki Hoikka,true
Q11864420,ايساكى هويكا,false
Q11865396,Ivar Nordlund,true
Q11865396,Karl Ivar Nordlund,false
Q11865396,ايڤار نوردلوند,false
Q11865418,J. J. F. Perander,true
Q11865418,Johan Julius Frithiof Perander,false
Q11865436,J. W. Snellman G:son,true
Q11865436,Johan Wilhelm G:son Snellman,false
Q11865436,Johan Wilhelm Snellman G:son,false
Q11865436,Johan Wilhelm Snellman Gerhardsson,false
Q11865437,J. W. Wartiainen,true
Q11865437,Johan Wilhelm Wartiainen,false
Q11865507,Jaakko Merenoja,true
Q11865507,Jaakko Jaakonpoika Merenoja,false
Q11865654,Jakob Henrik Roos,true
Q11866580,Johan Frans Andreas Galindo,true
Q11866580,Jean Cronstedt,false
Q11866580,Johan Frans Andreas Cronstedt,false
Q11866580,Иоганн Галиндо д’Урреа,false
Q11866656,Johan William Forsman,true
Q11866656,Johan Wilhelm Forsman,false
Q11866688,Johannes Gripenberg,true
Q11866688,"Грипенберг, Йоханнес",false
Q11866688,Йоханнес Грипенберг,false
Q11866699,Johannes Lagus,true
Q11866699,Johannes Gabriel Lagus,false
Q11866713,Johannes Schwartzberg,true
Q11866741,John Hedberg,true
Q11866741,Johan Fredrik Hedberg,false
Q11866741,John Fredrik Hedberg,false
Q11866741,Джон Хедберг,false
Q11866741,جون هيدبيرج,false
Q11866741,جون هيدبيرغ,false
Q11866759,John Rafael Uggla,true
Q11866759,John Uggla,false
Q11867558,Juho Astala,true
Q11867558,Juho Kustaa Astala,false
Q11867558,چوهو استالا,false
Q11867560,Juho Erkki Antila,true
Q11867560,J. E. Antila,false
Q11867560,Juho Antila,false
Q11867560,چوهو اركى انتيلا,false
Q11867648,Juho Wuolijoki,true
Q11867648,Johan Robert Wuolijoki,false
Q11867648,"Вуолийоки, Юхо",false
Q11867648,Юхо Вуолийоки,false
Q11868157,Juuso Hedberg,true
Q11868157,Josef Hedberg,false
Q11868157,Juuso Salovaara,false
Q11868577,K. G. Göös,true
Q11868577,K. G. Goos,false
Q11868577,K.G. Göös,false
Q11868577,Karl Gustaf Göös,false
Q11868577,Karl Gustav Göös,false
Q11868577,Karl Göös,false
Q11869433,Kalle Piilonen,true
Q11869433,Kalle Kustaa Piilonen,false
Q11870138,Karl Julian Karlsson,true
Q11870138,Karl Karlsson,false
Q11870138,كارل چوليان كارلسون,false
Q11870160,Karl Wilhelm Sulin,true
Q11870160,K. W. Sulin,false
Q11872025,Knut von Troil,true
Q11872025,Кнут фон Тройль,false
Q11872025,"Тройль, Кнут фон",false
Q11872368,Konrad ReijoWaara,true
Q11872368,Karl Konrad Reijo-Waara,false
Q11872368,Karl Konrad ReijoWaara,false
Q11872368,Karl Konrad Relander,false
Q11872368,Konr. Reijo-Waara,false
Q11872368,Konr. ReijoWaara,false
Q11872368,Konrad Relander,false
Q11873034,Kristian Trapp,true
Q11873034,Christian Trapp,false
Q11873034,Christian Trapp III,false
Q11873034,クリスティアン・トラップ,false
Q11873702,Kustaa Kiipula,true
Q11873704,Kustaa Jalkanen,true
Q11876241,Lorenzo Runeberg,true
Q11876241,Лоренсо Рунеберг,false
Q11876241,Рунеберг Л.,false
Q11876241,Рунеберг Лоренсо,false
Q11876241,"Рунеберг, Лоренсо",false
Q11876241,Լորենցո Ռունեբերգ,false
Q11881306,Martti Kykkling,true
Q11881306,Martin Kyckling,false
Q11881564,Matti Holma,true
Q11881716,Matti Tervaniemi,true
Q11881716,Matti Orajärvi,false
Q11881716,ماتى تيرڤانيمى,false
Q11881761,Matts von Nandelstadh,true
Q11884211,Nestor Huoponen,true
Q11884211,N. E. Huoponen,false
Q11884211,Nestor Emanuel Huoponen,false
Q11884211,نيستور هوپونين,false
Q11885598,Onni Hallsten,true
Q11885598,Gustaf Hallsten,false
Q11885598,Gustaf Onni Immanuel Hallsten,false
Q11885598,Gustaf Onni Immanuel Hallstén,false
Q11885598,اونى هالستين,false
Q11885598,اونی هالستن,false
Q11885863,Oskar von Schoultz,true
Q11885863,Oscar von Schoultz,false
Q11885863,Oskar fon Šul'c,false
Q11885871,Oskari Lahdensuo,true
Q11885871,Juho Oskari Lahdensuo,false
Q11885871,Oskari Lagerstedt,false
Q11885871,اوسكارى لاهدينسو,false
Q11885957,Osvald Wasastjerna,true
Q11885957,Osvald Severin Wasastjerna,false
Q11885957,اوسڤالد واساستچيرنا,false
Q11886018,Otto Karl von Fieandt,true
Q11886018,Otto Carl von Fieandt,false
Q11887132,Pekka Komonen,true
Q11887818,Petter Kumpulainen,true
Q11887818,Pietari Kumpulainen,false
Q11887818,ピエタリ・クンプライネン,false
Q11887818,ペッテル・クンプライネン,false
Q11887819,Petter Johan von Zweigberg,true
Q11890649,Richard Casimir de la Chapelle,true
Q11891043,Robert von Trapp,true
Q11891043,Robert Trapp,false
Q11891143,Rolf Boije,true
Q11891143,Rolf Gustaf Casimir Boije af Gennäs,false
Q11891143,Rolf Gustaf Kasimir Boije,false
Q11892298,Samuel Henrik Antell,true
Q11892298,Samuel Antell,false
Q11892298,Самуэль Генрик Антелл,false
Q11892303,Samuel Werner von Troil,true
Q11892303,Samuel Verner von Troil,false
Q11892303,Werner von Troil,false
Q11892303,Самуэль Вернер фон Тройль,false
Q11893228,Severus Konkola nuorempi,true
Q11893228,Severus Konkola,false
Q11894421,Sten Knut Johan Furuhjelm,true
Q11894421,Knut Furuhjelm,false
Q11894421,Иван Ильич Фуругельм,false
Q11897371,Theodor August Heikel,true
Q11897371,Teodor Heikel,false
Q11897371,Theodor Heikel,false
Q11898647,Tuomas Suokas,true
Q11899560,Uno von Schrowe,true
Q11899560,Uno Otto Gabriel von Schrowe,false
Q11899787,Uuno A. Varis,true
Q11899787,Uuno Helve,false
Q11902249,Walter Parviainen,true
Q11902249,Johan Walter Parviainen,false
Q11902249,Уолтер Парвиайнен,false
Q11902413,Wilhelm Stjernschantz,true
Q11902413,Wilhelm Stjernchantz,false
Q11902414,Wilhelm Snellman,true
Q11902414,Вильгельм Снельман,false
Q11902416,Wilhelm von Nottbeck,true
Q11902416,Nottbeck,false
Q11902416,Wilhelm Nottbeck,false
Q11902416,Вильгельм фон Нотбек,false
Q11903167,Zefanias Suutarla,true
Q11903167,Suomalainen talonpoika,false
Q11903167,Zefanias Kustaanpoika Suutarla,false
Q119790486,Kristian Trapp,true
Q119790486,Christian Trapp,false
Q120177852,Mikael Avellan,true
Q120177931,Henrik Hyllén,true
Q12252252,J. K. Kari,true
Q12252252,J.K. Kari,false
Q12252252,Juho Kyösti Kari,false
Q12252252,Kyösti Kari,false
Q12252252,يوهو كووستي كاري,false
Q12252252,유호 퀴외스티 카리,false
Q123232477,Yrjö Antinpoika Lyttraeus,true
Q123232477,Göran Andersson Lytter,false
Q123232477,Göran Andersson Lyttraeus,false
Q123232477,Yrjö Antinpoika Lytter,false
Q127688,J. V. Snellman,true
Q127688,J. V. Snellmanin,false
Q127688,J. V. Snellmann,false
Q127688,Johan Vilhelm Snellman,false
Q127688,Johan Wilhelm Snellman,false
Q127688,Juhana Vilhelm San,false
Q127688,Juhana Vilhelm Snellman,false
Q127688,Yohan Vilhelm Snelman,false
Q127688,Γιόχαν Βίλχελμ Σνέλμαν,false
Q127688,Ёган Вільгельм Снэльман,false
Q127688,Йоган Вільгельм Снелльман,false
Q127688,Йохан Вильгельм Снелльман,false
Q127688,"Снелльман, Йохан Вильгельм",false
Q127688,"Снельман, Иоанн Вильгельм",false
Q127688,"Снельман, Юхан Вильгельм",false
Q127688,Юхан Вильхельм Снелльман,false
Q127688,Юхан Вільгельм Снельман,false
Q127688,Յոհան Սնելլման,false
Q127688,יוהאן וילהלם סנלמן,false
Q127688,يوهان فيلهلم سنلمان,false
Q127688,یوهان ویلهلم اسنلمان,false
Q127688,ユーハン・ヴィルヘルム・スネルマン,false
Q127688,约翰·威廉·斯内尔曼,false
Q127688,요한 빌헬름 스넬만,false
Q130753710,Gabriel Arctopolitanus,true
Q13586011,Hugo Lilius,true
Q13586011,Frans Hugo Lilius,false
Q152306,Carl Gustaf Emil Mannerheim,true
Q152306,Baron Carl Gusta Emil Mannerheim,false
Q152306,Baron Carl Gustaf Emil Mannerheim,false
Q152306,Baron Karl Mannerheym,false
Q152306,C. G. E.,false
Q152306,C. G. E. Mannerheim,false
Q152306,C. G. Mannerheim,false
Q152306,C.G. Mannerheim,false
Q152306,C.G.E. Mannerheim,false
Q152306,Carel Gustaf Emil Mannerheim,false
Q152306,Carl G. E. Mannerheim,false
Q152306,Carl G. E. von Mannerheim,false
Q152306,Carl Gustaf Emil von Mannerheim,false
Q152306,Carl Gustaf Mannerheim,false
Q152306,Carl Gustaf von Mannerheim,false
Q152306,Carl Gustav Emil Mannerheim,false
Q152306,Carl Gustav Mannerheim,false
Q152306,Carl Gustaw Emil von Mannerheim,false
Q152306,Carl Gustaw Mannerheim,false
Q152306,Carl Mannerheim,false
Q152306,Carl von Mannerheim,false
Q152306,Carolus Gustavus Aemilius Mannerheim,false
Q152306,C・G・E・マンネルヘイム,false
Q152306,Emil Mannerheim,false
Q152306,Finlands fältmarskalk,false
Q152306,Garl Gustaf Emil Mannerheim,false
Q152306,General Mannerheim,false
Q152306,Gustaf Emil Mannerheim,false
Q152306,Gustaf Mannerheim,false
Q152306,Gustap Manerhém,false
Q152306,Gustav Mannerheim,false
Q152306,Gustavs Mannerheims,false
Q152306,Gustavus Mannerheim,false
Q152306,K. G. E. Manerhém,false
Q152306,K. G. Manerhém,false
Q152306,Karl Gustaf Emil Mannerheim,false
Q152306,Karl Gustav Emil' Mannergeim,false
Q152306,Karl Manerhajm,false
Q152306,Karl Qustav Emil Mannerheym,false
Q152306,Karl Qustav Mannerheym,false
Q152306,Karlas Gustavas Emilis Manerheimas,false
Q152306,Karlas Gustavas Emilis Mannerheimas,false
Q152306,Karlas Manerheimas,false
Q152306,Karls Gustavs Emils Manerheims,false
Q152306,Karls Gustavs Mannerheims,false
Q152306,Karèl Gustap Manerhém,false
Q152306,Karèl Gustap Èmil Manerhém,false
Q152306,Kustaa Mannerheim,false
Q152306,Kārlis Gustavs Mannerheims,false
Q152306,Manerhém,false
Q152306,Mannerheim,false
Q152306,Mannerheims,false
Q152306,Marsalkka Mannerheim,false
Q152306,Marskalk av Finland,false
Q152306,Marski,false
Q152306,Suomen marsalkka,false
Q152306,Von Mannerheim,false
Q152306,Καρλ Γκούσταφ Έμιλ Μάνερχαϊμ,false
Q152306,Густав Емил Манерхајм,false
Q152306,Густав Карлович Маннергейм,false
Q152306,Густав Манерхайм,false
Q152306,Густав Манерхейм,false
Q152306,Густаў Манэргэйм,false
Q152306,Карл Густав Емил Манерхайм,false
Q152306,Карл Густав Емил Манерхейм,false
Q152306,Карл Густав Еміль Маннергейм,false
Q152306,Карл Густав Манерхайм,false
Q152306,Карл Густав Манерхейм,false
Q152306,Карл Густав Маннергейм,false
Q152306,Карл Густав Эмил Маннергейм,false
Q152306,Карл Густав Эмиль Маннергейм,false
Q152306,Карл Густаф Маннерһейм,false
Q152306,Карл Густаф Эмиль Маннерхайм,false
Q152306,Карл Густаў Манэргейм,false
Q152306,Карл Густаў Эміль Манергейм,false
Q152306,Карл Густаў Эміль Манэргейм,false
Q152306,Карл Манерхајм,false
Q152306,Карл Маннергейм,false
Q152306,Карл Ґустав Маннергейм,false
Q152306,Карл-Густав Манерхайм,false
Q152306,Карл-Густав Манерхейм,false
Q152306,Кустаа Маннергейм,false
Q152306,"Манергейм, Карл Густав Эмиль",false
Q152306,Манерхайм,false
Q152306,Манерхейм,false
Q152306,Маннергейм,false
Q152306,Маннергейм Карл,false
Q152306,Маннергейм Карл Густав Эмиль,false
Q152306,Маннергейм Карл Ґустав,false
Q152306,"Маннергейм, Густав",false
Q152306,"Маннергейм, Густав Карлович",false
Q152306,"Маннергейм, Карл Густав Эмил",false
Q152306,"Маннергейм, Карл Густав Эмиль",false
Q152306,Манэргейм,false
Q152306,Маршал Финляндии,false
Q152306,Կարլ Մաներհայմ,false
Q152306,הברון קארל גוסטף אמיל מנרהיים,false
Q152306,מנרהיים,false
Q152306,קארל גוסטף אמיל מנרהיים,false
Q152306,קארל מנרהיים,false
Q152306,كارل جوستاف اميل مانرهايم,false
Q152306,كارل غوستاف إميل مانرهايم,false
Q152306,كارل مانرهايم,false
Q152306,کارل گوستاف امیل مانرهایم,false
Q152306,کارل گوستاو امیل مانرهیم,false
Q152306,কার্ল গুস্তাভ এমিল মান্নারহেইম,false
Q152306,คาร์ล กุสตาฟ เอมิล มันเนอร์เฮม,false
Q152306,გუსტავ მანერჰაიმი,false
Q152306,გუსტავ მანერჰეიმი,false
Q152306,კარლ გუსტავ ემილ მანერჰეიმი,false
Q152306,カール・グスタフ・エミール・マンネルハイム,false
Q152306,カール・グスタフ・エミール・マンネルヘイム,false
Q152306,カール・グスタフ・マンネルハイム,false
Q152306,カール・グスタフ・マンネルヘイム,false
Q152306,マンネルハイム,false
Q152306,マンネルヘイム,false
Q152306,卡尔·古斯塔夫·埃米尔·曼纳海姆,false
Q152306,卡尔·古斯塔夫·曼纳海姆,false
Q152306,卡爾·古斯塔夫·埃米爾·曼納海姆,false
Q152306,卡爾·曼納海姆,false
Q152306,古斯塔夫·曼納海姆,false
Q152306,曼納海姆,false
Q152306,曼纳林,false
Q152306,曼纳海姆，C.G.E.,false
Q152306,曼那海姆,false
Q152306,馬達漢,false
Q152306,구스타프 만네르하임,false
Q152306,만네르하임,false
Q152306,만네르헤임,false
Q152306,칼 구스타브 만네르하임,false
Q152306,칼 구스타브 만네르헤임,false
Q152306,칼 구스타브 에밀 만네르헤임 남작,false
Q152306,칼 구스타프 만네르헤임,false
Q15528987,Robert Frosterus,true
Q15528987,Robert Valentin Frosterus,false
Q15733148,Henrik Wilhelm Johan Zilliacus,true
Q15733148,Henrik Vilhelm Johan Zilliacus,false
Q15733148,Wilhelm Zilliacus,false
Q15977177,Karl Henrik Hornborg,true
Q15977177,Heikki Sarvela,false
Q15977177,Nurro,false
Q15977177,Sarvela,false
Q15977177,T-s,false
Q16158900,Pekka Ahmavaara,true
Q16158900,پيكا اهمايڤارا,false
Q16160914,Magnus Alopaeus,true
Q16161750,Ossian Ansas,true
Q16161750,Frans Ossian Ansas,false
Q16161750,Frans Ossian Husberg,false
Q16166765,Aksel Emil Brander,true
Q16166765,Axel Emil Brander,false
Q16168683,Axel Cederberg,true
Q16168683,Axel Johan Alfons Cederberg,false
Q16168683,اكسيل سيديربيرج,false
Q1661801,Felix von Willebrand,true
Q1661801,Knut Felix Villebrand,false
Q1661801,Knut Felix von Villebrand,false
Q1661801,Knut Felix von Willebrand,false
Q1661801,Кнут-Феликс фон Виллебранд,false
Q16737287,Olli Helander,true
Q1703242,Ossian Wuorenheimo,true
Q1703242,Erik Ossian Bergbom,false
Q1703242,Erik Ossian Wuorenheimo,false
Q1703242,Оссиан Бергбум,false
Q1703242,Оссиан Вуоренхеймо,false
Q17165851,Johan Axel Cedercreutz,true
Q17165851,Cedercreutz,false
Q17165851,Юхан Аксель Цедеркрейц,false
Q17380063,Kaarlo Johan Blomstedt,true
Q17380138,Kustavi Elovaara,true
Q17380138,Erik Gustaf Elovaara,false
Q17380138,Erik Gustaf Eriksson,false
Q17380138,كوستاڤى الوڤارا,false
Q17380142,Rudolf Elving,true
Q17380142,Rudolf Bernhard Elfving,false
Q17380142,Rudolf Bernhard Elving,false
Q17380142,Rudolf Elfving,false
Q17380231,Gottfrid von Falkenberg,true
Q17380231,Gottfried von Falckenberg,false
Q17380231,Johan Gottfried von Falckenberg,false
Q17380231,Johan Gottfried von Falkenberg,false
Q17380286,Nils Fredensköld,true
Q17380286,Nicolaus Hasselbom,false
Q17380286,Nils Fredenskiöld,false
Q17380288,Waldemar von Frenckell,true
Q17380288,Woldemar von Frenckell,false
Q17380292,Alexander Reinhold Frey,true
Q17380292,Aleksanteri Reino Frey,false
Q17380292,Александр Рейнхольд Фрей,false
Q17380300,Johan Carl Emil af Frosterus,true
Q17380300,Johan Charles Emil af Frosterus,false
Q17380332,Johan Gabriel Geitlin,true
Q17380332,Johann Gabriel Geitlin,false
Q17380340,Karl Grotenfelt,true
Q17380340,N. Karl Grotenfelt,false
Q17380340,Nils Karl Grotenfelt,false
Q17380340,Nils Karl Ossian Grotenfelt,false
Q17380371,Gustaf Adolf Konstantin Gripenberg,true
Q17380371,Gustaf Adolf Gripenberg,false
Q17380374,Mauritz Gripenberg,true
Q17380374,Alexander Mauritz Sebastian Gripenberg,false
Q17380374,Мауриц Грипенберг,false
Q17380374,ماوريتز جريپينبيرج,false
Q17380378,Oskar Groundstroem,true
Q17380378,Oskar Maximilian Groundstroem,false
Q17380412,Juho Haanpää,true
Q17380426,Fridolf Rafael von Haartman,true
Q17380426,Fridolf Rafaël von Haartman,false
Q17380426,Rafael von Haartman,false
Q17380426,Rafail Karlovič fon Gartman,false
Q17380426,Raphael von Hartmann,false
Q17380426,"Гартман, Рафаил Карлович",false
Q17380426,Фридольф Рафаэль фон Хаартман,false
Q17380470,Herman Hakulinen,true
Q17380470,Johan Herman Hakulinen,false
Q17380470,Juhana Herman Hakulinen,false
Q17380470,هيرمان هاكولينين,false
Q17380503,Yrjö Halonen,true
Q17380503,Yrjo Halonen,false
Q17380503,Юрьё Халонен,false
Q17380503,يارچو هالونين,false
Q17380646,Mikko Heikura,true
Q17380688,Niilo Helander,true
Q17380688,Nikolai Helander,false
Q17380724,Harald Wilhelm von Hellens,true
Q17380726,Herman Hellén,true
Q17380726,Herman Hellen,false
Q17380726,Герман Геллен,false
Q17380745,Kaarlo Hemmo,true
Q17380745,Huvineuvos,false
Q17380745,Kaarlo Herman Tiihonen,false
Q17381093,Johannes Indrenius,true
Q17381093,"Индрениус, Иван Бернгардович",false
Q17381093,요하네스 인드레니우스,false
Q17381212,August Ferdinand Juselius,true
Q17381212,Ferdinand Jusélius,false
Q17381619,Johan Erik Keto,true
Q17381716,Pehr Klockars,true
Q17381716,Petter Klockars,false
Q17381716,ペヘル・クロッカルス,false
Q17381721,Mikko Knuutila,true
Q17381721,ميكو كنوتيلا,false
Q17381729,Aleksanteri Koivisto,true
Q17381729,Алексантери Койвисто,false
Q17381729,اليكسانتيرى كويڤيستو,false
Q17381816,William Koskelin,true
Q17381816,K. W. Koskelin,false
Q17381816,Karl William Koskelin,false
Q17381816,ويليام كوسكيلين,false
Q17381860,Gustaf von Kothen,true
Q17381860,"Котен, Густав Густавович фон",false
Q17381871,Robert von Kraemer,true
Q17381871,Carl Robert von Kraemer,false
Q17381872,Wilhelm Theodor von Kraemer,true
Q17381872,Vilhelm Teodor von Kraemer,false
Q17381872,Вильхельм Теодор Кремер,false
Q17381872,"Кремер, Вильхельм Теодор",false
Q17382045,Oskari Laine,true
Q17382045,Adolf Oskari Laine,false
Q17382045,Оскари Лайне,false
Q17382045,اوسكارى لاين,false
Q17382097,Mikko Latva,true
Q17382216,Johan Henrik Liljeroos,true
Q17382216,H. J. Liljeroos,false
Q17382216,Henrik Liljeroos,false
Q17382239,Heikki Lindroos,true
Q17382239,Henrik Viktor Lindroos,false
Q17382239,هيكى ليندروس,false
Q17382239,헤이키 린드로스,false
Q17382245,Wilhelm Lindstedt,true
Q17382245,Вильгельм Линдстедт,false
Q17382272,August Lilius,true
Q17382325,Alexander Wilhelm Lyra,true
Q17382357,Hugo Malmberg,true
Q17382357,Hugo Albert Malmberg,false
Q17382357,Гуго Мальмберг,false
Q17382406,J. A. Maunu,true
Q17382406,Johan Abraham Maunu,false
Q17382504,Gustaf Edvard Mattson,true
Q17382504,Gustaf Edvard Mattsson,false
Q17382509,Juho Mynttinen,true
Q17382509,چوهو مينتينين,false
Q17382618,Johan Christoffer von Morian,true
Q17382618,Johan Kristoffer von Morian,false
Q17382618,"Johannes Kristofer Morian, 2.Lord of Sarvilahti",false
Q17382618,Юхан Кристофер фон Мориан,false
Q17382649,Abel Nyholm,true
Q17382704,Kaarle Ojanen,true
Q17382704,Carl Gustav Tuorre,false
Q17382704,كارل اوچانين,false
Q17382782,Henrik Christian Nordenswan,true
Q17382816,Evert Palmén,true
Q17382816,Karl Evert Palmén,false
Q17382829,H. G. Paloheimo,true
Q17382829,H.G. Paloheimo,false
Q17382829,Hjalmar Gabriel Brander,false
Q17382829,Hjalmar Gabriel Paloheimo,false
Q17382829,Hjalmar Paloheimo,false
Q17382829,اتش. جى. پالوهيمو,false
Q17382848,Paavo Nyrönen,true
Q17382895,Erkki Peltonen,true
Q17382895,Erik Peltonen,false
Q17382895,Erik Tiitula,false
Q17382895,Erkki Tiitula,false
Q17382895,Эркки Пелтонен,false
Q17382923,Anders Fabian Orrhjelm,true
Q17382923,Anders Fabian Orraeus,false
Q17382923,Anders Fabian Orrhielm,false
Q17382923,Andreas Fabianus Orraeus,false
Q17382923,アンデルス・ファビアン・オッラエウス,false
Q17382937,Leonard von Pfaler,true
Q17382941,Matti Pietinen,true
Q17382941,Matti Pitkänen,false
Q17382981,Wilhelm Pipping,true
Q17383027,Matthias Pazelius,true
Q17383027,Matias Pasanen,false
Q17383027,Pasasen Masa,false
Q17383064,Lauri Pelkonen,true
Q17383064,Lauri Kustaa Pelkonen,false
Q17383149,Wolter Ramsay,true
Q17383149,Volter Ramsay,false
Q17383171,Fredrik Josef Pipping,true
Q17383294,Juho Riihimäki,true
Q17383338,Wilhelm Roos,true
Q17383338,Samuel Wilhelm Roos,false
Q17383338,ويلهلم روس,false
Q17383338,ويلهيلم روس,false
Q17383421,Reinhold Johan Rehbinder,true
Q17383421,Райнхольд Йоханн Ребиндер,false
Q17383568,Emanuel Saloheimo,true
Q17383568,Emanuel Berner,false
Q17383608,Samuel Heiskanen,true
Q17383608,Samppa Heiskanen,false
Q17383608,سامويل هيسكانين,false
Q17383657,Gabriel Saarenpää,true
Q17383673,Uno Alfons Saxén,true
Q17383673,Saxén,false
Q17383673,Uno Saxén,false
Q17383702,Hugo Schulman,true
Q17383702,Carl Magnus Hugo Schulman,false
Q17383702,Карл Магнус Уго Александрович Шульман,false
Q17383717,J. A. Salminen,true
Q17383717,Johan Adolf Salminen,false
Q17383787,Gustaf Adolf Silfverhjelm,true
Q17383802,Wolmar Schildt,true
Q17383802,Kilpinen,false
Q17383802,Temu Tomas Tøtæmøinen,false
Q17383802,Volm. Kilpinen,false
Q17383802,Volmar Styrbjörn Schildt,false
Q17383802,Volmari Kilpinen,false
Q17383802,W. K.,false
Q17383802,W. Kilpinen,false
Q17383802,Warpunen Jyvæskylæn kaupunnista,false
Q17383802,Wolmar Schildt-Kilpinen,false
Q17383802,Wolmar Styrbjörn Schildt,false
Q17383802,Wolmar Styrbjörn Schildt-Kilpinen,false
Q17383802,Wolmari Kilpinen,false
Q17383863,Karl Snellman,true
Q17383863,Карл Снельман,false
Q17383866,Karl August Snellman,true
Q17383866,Karl August Snellman G:son,false
Q17383866,Karl August Snellman Gerhardsson,false
Q17383887,Gustaf Johan Silfversvan,true
Q17383987,Albert Stigzelius,true
Q17383987,Erik Albert Stigzelius,false
Q17383987,البيرت ستيجزيليوس,false
Q17383994,Julius Stjernvall,true
Q17384194,Werner Nikolai Tawaststjerna,true
Q17384194,Werner Nikolaus Tawaststjerna,false
Q17384194,Werner Tawaststjerna,false
Q17384290,Johan Reinhold Taube,true
Q17384313,Juho Torppa,true
Q17384313,چوهو تورپا,false
Q17384438,Samuel Werner von Troil,true
Q17384438,Самуэль Вернер фон Тройль,false
Q17384649,Kalle Viljakainen,true
Q17384649,Carl Viljakainen,false
Q17384649,Kaarlo Viljakainen,false
Q17384649,Kalle Wiljakainen,false
Q17384649,Karl Wiljakainen,false
Q17384649,كال ڤيلچاكاينين,false
Q17384817,Kaarlo Warvikko,true
Q17384817,K. J. Warvikko,false
Q17384817,Karl Johan Warvikko,false
Q17384817,كارلو وارڤيكو,false
Q17384840,Arthur von Weissenberg,true
Q17384840,Arthur Emil von Weissenberg,false
Q17384840,Arthur Weissenberg,false
Q17384840,ارثر ڤون ويسينبيرج,false
Q17384883,Carolus Wrede,true
Q17384883,Carl Gustaf Garibaldi Fabian Wrede,false
Q17384883,Каролус Вреде,false
Q17384892,Ferdinand von Wright,true
Q17384892,Ferdinand Wright,false
Q17384892,فيرديناند ڤون وريجت,false
Q17384963,Henrik Johan Wilhelm Zilliacus,true
Q17384963,Wilhelm Zilliacus,false
Q1785182,Oskar Hackman,true
Q1785182,Walter Oskar Hackman,false
Q1814297,Carl Erik Mannerheim,true
Q1814297,C. E. Mannerheim,false
Q1814297,Carl Mannerheim,false
Q1814297,Karl Erik Mannerheim,false
Q1814297,"Mannerheim, Carl Erik",false
Q1814297,Карл Эрик Маннергейм,false
Q1814297,"Маннергейм, Карл Эрик",false
Q1814297,كارل اريك مانرهايم,false
Q1814297,卡尔·埃里克·曼纳海姆,false
Q1814297,卡爾·埃裏克·曼納海姆,false
Q1814297,卡爾·埃里克·曼納海姆,false
Q1814297,칼 에리크 만네르헤임 백작,false
Q18632475,Johan Axel Gripenberg,true
Q18632475,Axel Gripenberg,false
Q18632475,Johan Gripenberg,false
Q18632475,"Грипенберг, Аксель Севастьянович",false
Q18632475,Юхан Аксель Грипенберг/Юхан Аксель Гриппенберг/ Аксель Севастьянович Гриппенберг,false
Q18633458,Oskar Nissinen,true
Q18633458,Oskar Petrus Nissinen,false
Q18633458,オスカー・ニッシネン,false
Q18688429,Karl Fabritius,true
Q18688521,Karl Lindholm,true
Q18814960,Rolf Thesleff,true
Q18814960,Рольф Теслефф,false
Q19703284,Johan Arvid Hjorth,true
Q1974329,Axel Lille,true
Q1974329,Axel Johan Lille,false
Q1974329,Аксель Лилле,false
Q1974329,"Лилле, Аксель",false
Q1974329,اكسيل ليل,false
Q2011821,Theodor Schwindt,true
Q2011821,Petter Theodor Schvindt,false
Q2011821,Petter Theodor Schwindt,false
Q2011821,Schwindt,false
Q2011821,Theodor Schvindt,false
Q2011821,Петер Теодор Швиндт,false
Q2011821,Петер Швиндт,false
Q2011821,Швиндт,false
Q2011821,Швиндт Петер Теодор,false
Q2011821,"Швиндт, Петер",false
Q2011821,"Швиндт, Петер Теодор",false
Q20251351,Frans Fredrik Björni,true
Q20251351,Frans Björni,false
Q20251351,Frans Fredrik Bjorni,false
Q20251380,Axel Fredrik Nikolaus Cedercreutz,true
Q20251380,Axel Cedercreutz,false
Q20251380,Axel Fredrik Nikolai Cedercreutz,false
Q20251380,Cedercreutz,false
Q20251422,Axel Ehrnrooth,true
Q20251422,Axel Reinhold Ehrnrooth,false
Q20252423,Oskar Nix,true
Q20252423,Josef Oskar Lillnix,false
Q20252423,Josef Oskar Nix,false
Q20252786,Hugo Rosenlew,true
Q20253194,Gustaf Tigerstedt,true
Q20253194,Gustaf Adolf Fredrik Tigerstedt,false
Q20254188,Eric von Troil,true
Q20254188,Eric Troil,false
Q20254188,Eric Werner Samuel von Troil,false
Q20254188,Erik Werner Samuel von Troil,false
Q20254281,Juho Snellman,true
Q20254281,Johan Juho Snellman,false
Q20254281,Johan Snellman,false
Q20255349,Frans Edvard Molander,true
Q20255738,Otto Thuneberg,true
Q20255738,Karl Otto Thuneberg,false
Q20255738,Otto Albert Thuneberg,false
Q20379163,Johan Fredrik Lundenius,true
Q203799,Otto Stenroth,true
Q203799,Otto Eliel Stenroth,false
Q203799,Ота Стэнрат,false
Q203799,Отто Стенрот,false
Q203799,"Стенрот, Отто",false
Q203799,אוטו סטנרות',false
Q203799,اوتو ستينروث,false
Q2041075,Arvid Neovius,true
Q2041075,Arvid Verner Neovius,false
Q2041075,Arvid Werner Neovius,false
Q2041075,Neovius,false
Q2041075,Арвид Неовиус,false
Q2041075,"Неовиус, Арвид",false
Q2041075,ارڤيد نيوڤيوس,false
Q20645281,Suomen suuriruhtinaskunnan valtiopäivämies,true
Q20645281,edustaja Suomen suuriruhtinaskunnan valtiopäivillä,false
Q20645281,ledamot av Finlands lantdag,false
Q20645281,member of the Diet of Finland,false
Q20645281,menbro de ła Dieta de Finlàndia,false
Q20645281,član Zbora Finske,false
Q20645281,članica Zbora Finske,false
Q20645281,депутат Сейма Великого княжества Финляндского,false
Q20645281,депутат Сейма Финляндии,false
Q20736650,Emil Frithiof Andersin,true
Q20736663,Georg Henrik Calonius,true
Q20736663,Georg Henrik Willy Calonius,false
Q20736663,Willy Calonius,false
Q20736664,Ludvig Gustaf Leonhard Clouberg,true
Q20736664,Ludvig G. L. Clouberg,false
Q20736666,Frans Ivar Edelheim,true
Q20736682,Valentin Gummerus,true
Q20736700,Jacob Wilhelm Hisinger,true
Q20736700,Jakob Wilhelm Hising,false
Q20736756,Knut Munck,true
Q20736756,Knut Emil Robert Munck,false
Q20736803,J. G. von Schrowe,true
Q20736803,Johan Gerhard von Schrowe,false
Q20736826,Adolf Waldemar Wallensköld,true
Q20736830,Jacob Viktor Wasastjerna,true
Q20736830,Jakob Viktor Wasastjerna,false
Q20800316,Valtiopäivämies Johan Ulrik Winberg,true
Q20800316,Riksdagsman Johan Ulrik Winberg,false
Q20900777,Ivar Alexander Kyander,true
Q209439,P. E. Svinhufvud,true
Q209439,P.E. Svinhufvud,false
Q209439,PE Svinhufvud,false
Q209439,Pehr Evind Svinhufvud,false
Q209439,Pehr Evind Svinhufvud af Qvalstad,false
Q209439,Pehr Eyvind Svinhufvud,false
Q209439,Pehr Svinhufvud,false
Q209439,Pērs Ēvinds Svīnhūvuds,false
Q209439,Svinhufvud,false
Q209439,Svinhufvud Per Evind,false
Q209439,"Svinhufvud, Pehr Evind",false
Q209439,Ukko-Pekka,false
Q209439,Пер Евінд Свінгувуд,false
Q209439,Пер Свинхувуд,false
Q209439,Пер Эвинд Свинхувуд,false
Q209439,Пер Эвинд Свинҳувуд,false
Q209439,Пер Эвінд Свінхувуд,false
Q209439,Пэр Эвінд Сьвінхувуд,false
Q209439,Свинхувуд,false
Q209439,Свинхувуд П.,false
Q209439,Свинхувуд П. Э.,false
Q209439,Свинхувуд Пер Эвинд,false
Q209439,"Свинхувуд, Пер",false
Q209439,"Свинхувуд, Пер Эвинд",false
Q209439,"Свинхувуд, Пэр Эвинд",false
Q209439,Свінгувуд Пер Евінд,false
Q209439,Укко-Пекка,false
Q209439,פר אווינד סוינהופווד,false
Q209439,بهر إفيند سفنهوفود,false
Q209439,بير إفيند سفينهوفد,false
Q209439,بير افيند سفينهوفد,false
Q209439,بير سفينهوفود,false
Q209439,پر اویند سوینهوفوود,false
Q209439,เปห์ เอวินด์ สวินฮุฟวุด,false
Q209439,ເພຣ ເອວິນດ໌ ສະວິນຮຸຟວຸດ,false
Q209439,ပဲဟ် အီဗင်ဒ် ဆဗင်ဟူးဖ်ဗွဒ်,false
Q209439,პერ ევინდ სვინჰუვუდი,false
Q209439,ពេរ អ៊ីវីន ស្វានហ៊ូហ្វវូដ,false
Q209439,ペール・スヴィンヒュー,false
Q209439,佩尔·埃温德·斯温胡武德,false
Q209439,斯溫胡武德,false
Q209439,페르 에빈드 스빈후부드,false
Q209439,페흐르 에빈드 스빈후부드,false
Q209441,Kyösti Kallio,true
Q209441,Gustaf Kalliokangas,false
Q209441,Gustavus Kallio,false
Q209441,Kallio,false
Q209441,Kallio Kyosti,false
Q209441,Kallio Kyösti,false
Q209441,Kallio Küösti,false
Q209441,Kiesti Kallio,false
Q209441,Kyoesti Kallio,false
Q209441,Kyosti Kallio,false
Q209441,Kyösti Kallii,false
Q209441,Каллио Кюести,false
Q209441,Каллио Кюэсти,false
Q209441,Каллио Кюёсти,false
Q209441,"Каллио, Кюести",false
Q209441,"Каллио, Кюэсти",false
Q209441,"Каллио, Кюёсти",false
Q209441,Кюести Каллио,false
Q209441,Кюесті Калліо,false
Q209441,Кюйости Калио,false
Q209441,Кюэсти Каллио,false
Q209441,Кюёсти Каллио,false
Q209441,Кюёсці Каліа,false
Q209441,Кјести Калио,false
Q209441,كووستى كاليو,false
Q209441,كووستي كاليو,false
Q209441,كيوستي كاليو,false
Q209441,کیوستی کالیو,false
Q209441,เกือสติ กัลลิโอ,false
Q209441,ຄຽິສຕິ ຄັນລີໂອ,false
Q209441,ကီအိုစတီ ကယ်လီယို,false
Q209441,კიუსტი კალიო,false
Q209441,គីយ៉ូស្ទី កាលីអូ,false
Q209441,キュオスティ・カッリオ,false
Q209441,キョスティ・カッリオ,false
Q209441,屈厄斯蒂·卡利奥,false
Q209441,屈厄斯蒂·卡利奧,false
Q209441,퀴외스티 칼리오,false
Q20962119,Alexander von Collan,true
Q20962119,Alexander Collan,false
Q20962119,Александр фон Коллан,false
Q21484496,Jaakko Häkli,true
Q21484496,Jaakko Hakli,false
Q2151937,Gustaf Gadolin,true
Q2151937,Густав Гадолин,false
Q2152676,Alexander Gadolin,true
Q2152676,A. W. Gadolin,false
Q2152676,Alexander Wilhelm Gadolin,false
Q2152676,Александр Гадолин,false
Q2152676,ألكسندر غادولين,false
Q2152676,الكسندر جادولين,false
Q21558186,Julius von Minkwitz,true
Q21558186,Julius Adalbert Joachim Mickwitz,false
Q21558186,Julius Adalbert Joakim Mickwitz,false
Q21558186,Julius Adalbert Joakim von Minkwitz,false
Q21558186,Julius Mickwitz,false
Q21558186,Юлий Якимов Миквиц,false
Q21558186,Юлий Якимович фон Минквиц,false
Q21558202,Pehr Malm,true
Q2253590,A. A. Granfelt,true
Q2253590,A.A. Granfelt,false
Q2253590,Aksel August Granfelt,false
Q2253590,Axel August Granfelt,false
Q2271104,Fredrik Idestam,true
Q2271104,Fredrik İdestam,false
Q2271104,Fredriks Idestams,false
Q2271104,Idestam,false
Q2271104,Idestam Fredrik,false
Q2271104,Kanut Fredrik Idestam,false
Q2271104,Knut Fredrik Idestam,false
Q2271104,"Идестам, Фредерик",false
Q2271104,"Идестам, Фредрик",false
Q2271104,Фредерик Идестам,false
Q2271104,Фредрик Идестам,false
Q2271104,Ֆրեդրիկ Իդեստամ,false
Q2271104,פרדריק אידסטם,false
Q2271104,فردریک ایدستام,false
Q2271104,فريدريك إيدستام,false
Q2271104,فريدريك ايدستام,false
Q2271104,فرېدريک ايډېسټام,false
Q2271104,ফ্রেডরিক ইডেস্টাম,false
Q2271104,フレドリク・イデスタム,false
Q2271104,克努特·弗雷德里克·伊德斯坦,false
Q2271104,弗雷德里克·伊德斯坦,false
Q22976890,Achates Ferdinand Gripenberg,true
Q22976890,Achates Gripenberg,false
Q22976890,Akates Ferdinand Gripenberg,false
Q22976890,Ахат Фердинанд Гриппенберг,false
Q23039685,Michael Leonard von Blom,true
Q23039685,"Блом, Михаил Оттович",false
Q23039685,Михаил Оттович Блом,false
Q23039688,Gustaf Robert Alfred Charpentier,true
Q23039688,Густав Роберт Альфред Шарпантье,false
Q23039707,Carl Gustav Mortimer von Kraemer,true
Q23039707,Carl G. M. von Kraemer,false
Q23039707,Carl G. M. von Kræmer,false
Q23039707,Carl Gustaf Mortimer von Kraemer,false
Q23039707,Carl Gustav Mortimer von Kræmer,false
Q23039707,Carl von Kraemer,false
Q23039732,Knut Robert Karl Walfrid Spåre,true
Q23039748,Vladimir Alfons Walleen,true
Q23039748,Альфонс Карлович Валлен,false
Q23039748,"Валлен, Альфонс Карлович",false
Q23040453,Herman Erik Gummerus,true
Q23040453,Herman Gummerus (ingenjör),false
Q23040650,Jakob Axel Levonius,true
Q23040901,Matti Rossi,true
Q23040901,Matti Rossi (valtiopäivämies),false
Q23040901,Матти Росси,false
Q23698908,Gustaf Rudolf Idman,true
Q23698908,グスタフ・ルドルフ・イドマン,false
Q23698923,Johan Ludvig Snellman,true
Q23698923,Юхан Людвиг Снельман,false
Q23698991,Axel Henrik Antell,true
Q23698991,Axel Antell,false
Q23731503,Jonas Peldan,true
Q23755546,Alarik Hasselblatt,true
Q23755546,Robert Alarik Hasselblatt,false
Q23761409,Carl Gustaf Bergstedt,true
Q23761409,Karl Gustaf Bergstedt,false
Q23761422,Simon Wilhelm Nylander,true
Q23761422,Simon Vilhelm Nylander,false
Q23769558,Josef Klovensich,true
Q23769558,Josef Klowensich,false
Q23769558,Josef Kluwensich,false
Q23785269,Karl Johan Fagerström,true
Q23785269,Carl Johan Fagerström,false
Q23798909,Jöran Zadler,true
Q23798909,Joran Zadler,false
Q23798941,Gabriel Gråå,true
Q23870436,August Bade,true
Q23870436,August Herman Bade,false
Q23989312,Axel Kyander,true
Q24018868,Fritiof Hultman,true
Q24018868,Frithiof Hultman,false
Q2484386,Victor Hackman,true
Q2484386,Hackman,false
Q2484386,Victor Axel Hackman,false
Q2484386,Виктор Аксель Гакман,false
Q2484386,"Гакман, Виктор Аксель",false
Q2484386,Վիկտոր Հակման,false
Q24845401,Alarik Uggla,true
Q24845401,Knut Alarik Uggla,false
Q2548588,Georg Magnus Sprengtporten,true
Q2548588,Count Georg Magnus Sprengtporten,false
Q2548588,G.M. Sprengtporten,false
Q2548588,Goran Magnus Sprengtporten,false
Q2548588,Göran Magnus Sprengtporten,false
Q2548588,"Sprengtporten, Göran Magnus",false
Q2548588,Y. M. Sprengtporten,false
Q2548588,Yrjö Maunu Sprengtporten,false
Q2548588,Георг Магнус Спренгпортен,false
Q2548588,Георг Магнус Спренгтпортен,false
Q2548588,Георг Спренгпортен,false
Q2548588,"Спренгпортен, Георг Магнус",false
Q2548588,"Спренгтпортен, Георг",false
Q2548588,"Спренгтпортен, Георг Магнус",false
Q2548588,"Спренгтпортен, Гёран Магнус",false
Q2548588,چورچ ماجنوس سپرينجتپورتين,false
Q2548588,ゲオルク・マグヌス・スプレングポルテン,false
Q2548588,格奧爾格·馬格納斯‧斯普蘭特鮑頓,false
Q2580737,Adolf Grotenfelt,true
Q2580737,Grotenfelt,false
Q2580753,Nils Grotenfelt,true
Q2580753,Grotenfelt,false
Q2580753,Nils G. M. Grotenfelt,false
Q2580753,Nils Gustaf Maximilian Grotenfelt,false
Q2605536,J. R. Danielson-Kalmari,true
Q2605536,Danielson-Kalmari,false
Q2605536,J. R. Danielson Kalmari,false
Q2605536,J.R. Danielson-Kalmari,false
Q2605536,Joh. Rich. Danielson,false
Q2605536,Joh. Rich. Danielson-Kalmari,false
Q2605536,Johan Richard Danielson-Kalmari,false
Q2605536,Richard D.- Kalmari,false
Q2605536,Richard Danielson,false
Q2605536,Richard Danielson-Kalmari,false
Q2605536,Richard Danielson-Kamlari,false
Q2605536,"Даниельсон-Кальмари, Юхан Рихард",false
Q2605536,Даниэлсон,false
Q2605536,Иоганн-Рихард Даниельсон,false
Q2605536,Йохан Ричард Даниэлсон-Кальмари,false
Q2605536,Юхан Рихард ДА́НИЕЛЬСОН-КА́ЛЬМАРИ,false
Q2605536,Юхан Рихард Даниельсон-Кальмари,false
Q2605536,چوهان ريتشارد دانيلسون كالمارى,false
Q26244660,Theodor Tigerstedt,true
Q26244660,Theodor Albert Tigerstedt,false
Q26244676,Lennart Fritiof Munck af Fulkila,true
Q26244676,Lennart Frithiof Munck af Fulkila,false
Q26244676,Lennart Fritiof Munck af Fulkkila,false
Q26244676,Lennart Munck,false
Q26244677,Anton Leonard von Knorring,true
Q26270041,Antti Kaasalainen,true
Q26270051,Otto Pesonen,true
Q26270051,Отто Песонен,false
Q2668824,Leo Mechelin,true
Q2668824,Leo,false
Q2668824,Leo Mekelīns,false
Q2668824,Leo Mēšelins,false
Q2668824,Leopold Henrik Stanislaus Mechelin,false
Q2668824,Leopold Mechelin,false
Q2668824,Mechelin,false
Q2668824,Лео Мехелин,false
Q2668824,Леопольд Генрих Станислав Мехелин,false
Q2668824,Леопольд Мехелін,false
Q2668824,Լեո Միխելին,false
Q2668824,لئو میشلن,false
Q2668824,ليو ميكيلين,false
Q2668824,لیو میشیلن,false
Q2668824,لېو مېکېلين,false
Q2668824,レオ・メケリン,false
Q2668824,レオ・メシュリン,false
Q2668824,莱奥·梅克林,false
Q2668824,莱奥·梅凯林,false
Q2668824,萊奧·梅克林,false
Q2668824,萊奧·梅凱林,false
Q2668824,里欧·梅克林,false
Q2668824,레오 메켈린,false
Q26711443,Johannes Forsskål,true
Q26711443,Johan Forsskåhl,false
Q26711443,Johannes Forsskåhl,false
Q26711443,요한 포르스콜,false
Q26711443,요한네스 포르스콜,false
Q2679655,Carl Edvard Gyldenstolpe,true
Q2679655,C. E. Gyldenstolpe,false
Q2679655,Karl Edvard Gyldenstolpe,false
Q2679655,Карл-Эдуард Гильденстольпе,false
Q27069016,Magnus Fredrik Clementeoff,true
Q27069016,Magnus Fredrik Clementioff,false
Q27074971,August Edvard Granfelt,true
Q27588825,Gustaf Adolf von Rehausen,true
Q2782482,Wilhelm Hackman,true
Q2782482,Hackman,false
Q2782482,Vilhelm Hackman,false
Q2782482,"Vilhelmi Hakmanni, director-general of Hackmann Inc., kappaneuvos of Sorsakoski",false
Q2782482,Wihelm Hackman,false
Q2782482,Вильгельм Хакман,false
Q2782482,Վիլհելմ Հակման,false
Q2782527,Johan Fredrik Hackman,true
Q2782527,Johan Fredrik Hackman d.y.,false
Q2782527,"Johannes Frederik Hackman, 1.Lord of Lavola & Herttuala",false
Q2782990,Alfred Hackman,true
Q2782990,Alfred Leopold Fredrik Hackman,false
Q2782990,Hackman,false
Q28028846,Georg Herman August Wärnhjelm,true
Q28028856,Alexander Gustaf Walle,true
Q28055991,Aimo Hallberg,true
Q28055991,Aimo Theodor Albinius Hallberg,false
Q28055994,Juho Valmari,true
Q28356840,Eero Hyvärinen,true
Q28356840,Eero Hyvarinen,false
Q28357018,Carl Ernst Wrede,true
Q28357018,Carl Ernst Wrede af Elimä,false
Q28357030,Rabbe Zakarias Wrede,true
Q28357030,Rabbe Zakarias Wrede af Elimä,false
Q28720778,Anders Lorenz Munsterhjelm,true
Q28720778,Anders Lorentz Munsterhjelm,false
Q2874754,Axel Julius De la Gardie,true
Q2874754,Axel Julius Julius de la Gardie,false
Q2874754,Axel de la Gardie,false
Q2874754,Аксель Юлиус Делагарди,false
Q2874754,Аксель Юліус Делагарді,false
Q2874754,Аксель Юліус Дэлагардзі,false
Q2874754,Делагарди Аксель Юлиус,false
Q2874754,"Делагарди, Аксель Юлиус",false
Q2874754,أكسل يوليوس دي لا غاردي,false
Q2874754,اكسيل چوليوس د لا جاردى,false
Q2874754,악셀 율리우스 데 라 가르디에,false
Q2874754,악셀 율리우스 데라가르디에,false
Q29021099,Georg Henrik Lybecker,true
Q29418972,Verner Malinen,true
Q29418972,Alexander Verner Theodor Malinen,false
Q29419475,Elis Furuhjelm,true
Q30174332,Arne Cederholm,true
Q30174332,Gustaf Arne Cederholm,false
Q30174487,Waldemar Walli,true
Q30174487,Anshelm Waldemar Walli,false
Q30174487,Anshelm Waldemar Wallin,false
Q30216290,Johan Solitander,true
Q30223957,Peter van Aken,true
Q3072579,Henrik Heikel,true
Q3101847,Georg Edvard Ramsay,true
Q3101847,Georg Edward Ramsay,false
Q3101847,George Ramsay,false
Q3101847,Georges Ramsay,false
Q3101847,Georgi Edouardovitch Ramzaï,false
Q3101847,Georgi Edouardovitch Ramzaï),false
Q3101847,Georgi Ramzaï,false
Q3101847,"colonel Jori Edvard Ramsay, 2.baron of Munkkiniemi",false
Q3101847,Георг Едвард Рамзай,false
Q3101847,Георгий Рамзай,false
Q3101847,Георгий Эдуардович Рамзай,false
Q3101847,Жорж Рамсей,false
Q3101847,"Рамзай, Георгий Эдуардович",false
Q3136761,Lars Teodor von Hellens,true
Q3136761,Lars Theodor von Hellens,false
Q3136761,Teodor von Hellens,false
Q3136761,Theodor von Hellens,false
Q3136761,"Хелленс, Ларс Теодор фон",false
Q3193368,Karl August Wrede,true
Q3193368,K. A. Wrede,false
Q3193368,Karl August Wrede af Elimä,false
Q3193368,كارل اوجوسانت وريد,false
Q3195304,Bertel Gripenberg,true
Q3195304,Bertel Johan Sebastian Gripenberg,false
Q3195304,Åke Erikson,false
Q3195304,Бертель Грипенберг,false
Q3195304,Бертель Гриппенберг,false
Q3195304,Бертель Гріпенберй,false
Q3195304,بيرتيل جريپينبيرج,false
Q3195304,ベルテル・グリペンベリ,false
Q3195304,ベルテル・グリペンベルグ,false
Q3195304,貝特爾·格里彭貝里,false
Q3195304,贝特尔·格里彭贝里,false
Q3210023,Johan Mauritz Nordenstam,true
Q3210023,J. M. Nordenstam,false
Q3210023,Иван Иванович Норденстам,false
Q3210023,Иоган Мауриц Норденстам | Юхан Мауриц Норденстам,false
Q3210023,"Норденстам, Иван Иванович",false
Q333202,Knut Hugo Pipping,true
Q333202,Hugo Pipping,false
Q333202,Knut Pipping,false
Q3364215,Wilhelmi Malmivaara,true
Q3364215,Vilhelm Malmivaara,false
Q3364215,Wilhelm Malmberg,false
Q3364215,Wilhelm Malmivaara,false
Q3364215,Wilhelmi Malmberg,false
Q3364215,ويلهيلمى مالميڤارا,false
Q3375523,R. A. Wrede,true
Q3375523,R.A. Wrede,false
Q3375523,R.A. Wrede af Elimä,false
Q3375523,Rabbe Axel Wrede,false
Q3375523,Rabbe Axel Wrede af Elimä,false
Q3375523,Rabbe Wrede,false
Q3375523,Аксель Вреде,false
Q3375523,"Вреде, Аксель",false
Q3375523,"Вреде, Раббе",false
Q3375523,"Вреде, Раббе Аксель",false
Q3375523,Раббе Аксель Вреде,false
Q3375523,Раббе Вреде,false
Q3375523,آر. اى. وريد,false
Q3375788,Agathon Meurman,true
Q3375788,Агафон Мейерман,false
Q3375788,اجاثون ميورمان,false
Q3375796,Viktor Magnus von Born,true
Q3375796,V. M. von Born,false
Q3375796,Viktor Magnus Born,false
Q3375796,Виктор Магнус фон Борн,false
Q3375796,ڤيكتور ماجنوس ڤون بورن,false
Q3450203,Isak Fellman,true
Q3450203,N. I. Fellman,false
Q3450203,N.I.Fellm.,false
Q3450203,Nicolaus Isaacus Fellmann,false
Q3450203,Nils Isak Fellman,false
Q3450203,Nils Isak Fellmann,false
Q3476875,Sebastian Gripenberg,true
Q3476875,Odert Sebastian Gripenberg,false
Q3476875,S. Gripenberg,false
Q3476875,"Грипенберг, Себастиан",false
Q3476875,Себастиан Грипенберг,false
Q3476875,سيباستيان جريپينبيرج,false
Q3476875,塞巴斯蒂安·格里彭貝里,false
Q3476875,塞巴斯蒂安·格里彭贝里,false
Q34877449,Birger von Troil,true
Q34877449,Birger Gustaf Samuel von Troil,false
Q34877449,Биргер фон Троиль,false
Q34877449,"Троиль, Биргер фон",false
Q3515784,Carl Emil Holmberg,true
Q3515784,Emil Holmberg,false
Q356644,Albert Edelfelt,true
Q356644,A. Edelfelt,false
Q356644,A. G. A. Edelfelt,false
Q356644,Albert Edenfelt,false
Q356644,Albert Gustaf Aristides Edelfelt,false
Q356644,Edelfelt,false
Q356644,"Edelfelt, Albert",false
Q356644,a. edelfeldt,false
Q356644,a. edelfelt,false
Q356644,albert edelfelt,false
Q356644,edelfeld,false
Q356644,edelfeldt,false
Q356644,Άλμπερτ Έντελφελτ,false
Q356644,Алберт Густаф Аристидес Еделфелт,false
Q356644,Алберт Еделфелт,false
Q356644,Альберт Едельфельт,false
Q356644,Альберт Эдельфельт,false
Q356644,Альберт Эдэльфельт,false
Q356644,Еделфелт,false
Q356644,Эдельфельт,false
Q356644,Эдельфельт Альберт,false
Q356644,Ալբերտ Էդելֆելտ,false
Q356644,آلبرت ادلفلت,false
Q356644,ألبرت إدلفلت,false
Q356644,البرٹ ایڈیلفیلٹ,false
Q356644,アルベルト・エーデルフェルト,false
Q356644,艾伯特·埃德爾費爾特,false
Q356644,阿尔贝特·埃德费尔特,false
Q356644,阿爾貝特·埃德費爾特,false
Q356644,알베르트 구스타프 아리스티데스 에델펠트,false
Q356644,알베르트 에델펠트,false
Q37140464,Carl Wilhelm Ignatius Sundman,true
Q3771268,Yrjö Sakari Yrjö-Koskinen,true
Q3771268,Georg Zacharias Forsman,false
Q3771268,Georg Zacharias Yrjö-Koskinen,false
Q3771268,Georg Zachris Yrjö-Koskinen,false
Q3771268,Georg Zakarias Forsman,false
Q3771268,Y. S. Yrjö-Koskinen,false
Q3771268,Yrjo Sakari Yrjo-Koskinen,false
Q3771268,Yrjö Koskinen,false
Q3771268,Yrjö-Koskinen,false
Q3771268,Yrjö-Sakari Yrjö-Koskinen,false
Q3771268,Z. Yrjö-Koskinen,false
Q3771268,Ір'ё Сакары Ір'ё-Коскінен,false
Q3771268,Ирье Касакари,false
Q3771268,Ирьё Сакари Ирьё-Коскинен,false
Q3771268,"Ирьё-Коскинен, Ирьё Сакари",false
Q3771268,أوريو كوسكينن,false
Q3771268,اوريو كوسكينن,false
Q3771268,اوریو ساکاری اوریو-کوسکینن,false
Q3771268,ユリヨ＝コスキネン,false
Q3771268,于尔约·萨卡里·于尔约-科斯基宁,false
Q3771268,于爾約·薩卡里·于爾約-科斯基寧,false
Q3784302,Jacob Albert Carl Gustaf von Julin,true
Q3784302,"Jaakko (Rolf Jacob) von Julin, Vuorineuvos, Kaukas Inc.",false
Q3784302,Jacob von Julin,false
Q3784302,Jacob von Julin d.ä.,false
Q3784302,Jacob von Julin vanhempi,false
Q3784302,Rolf Jacob von Julin,false
Q391176,Johannes Lundson,true
Q391176,Otto Johannes Lundson,false
Q391176,Otto Lundson,false
Q391176,چوهانس لوندسون,false
Q400223,Karl Johan Carpelan,true
Q4063673,Georg von Alfthan,true
Q4063673,Don Anonimo,false
Q4063673,En gemensam vän,false
Q4063673,Georg Freiherr von Alfthan,false
Q4063673,George von Alfthan,false
Q4063673,"Альфтан, Георгий Антонович",false
Q4063673,Георгий Антонович Альфтан,false
Q4064426,Edvard Reinhold von Ammondt,true
Q4064426,"Аммондт, Эдуард Васильевич",false
Q4064426,Эдуард Васильевич Аммондт,false
Q4084004,Edvard Bergenheim,true
Q4084004,Бергенгейм Едвард,false
Q4084004,Бергенгейм Эдуард,false
Q4084004,"Бергенгейм, Эдуард",false
Q4084004,Эдвард Бергенхейм,false
Q4084004,ادوارد برگنهایم,false
Q4103286,Heikki Heikinpoika Vaanila,true
Q4103286,Henrik Henriksson Vanberg,false
Q4103286,Henrik Vanberg,false
Q4103286,"Ваанила, Хейкки",false
Q4103286,"Ваанила, Хейкки Хейкинпойка",false
Q4103286,"Ваанила, Хенрик",false
Q4103286,"Ваанила, Хенрик Хенрикинпойка",false
Q4103286,Ванберг,false
Q4103286,"Ванберг, Хейкки",false
Q4103286,"Ванберг, Хенрик",false
Q4103286,"Ванберг, Хиндрик",false
Q4103286,"Ванберг, Хиндрих",false
Q4103286,Хейкки Хейкинпойка,false
Q4103286,Хенрик Ванберг,false
Q4103286,Хенрик Хенрикссон,false
Q4104162,Knut Wasastjerna,true
Q4104162,Knut Edgar Wasastjerna,false
Q4104162,"Васашерна, Кнут Эдгар",false
Q4104162,Кнут Эдгар Васашерна,false
Q4104162,كنوت ادجار واساستچيرنا,false
Q4115633,Adolf von Becker,true
Q4115633,A. von Becker,false
Q4115633,Adolf Becker,false
Q4115633,Adolf Von Becker,false
Q4115633,Adolf v. becker,false
Q4115633,Ādolfs fon Bekers,false
Q4115633,Адольф фон Беккер,false
Q4115633,"Беккер, Адольф фон",false
Q4115633,Ադոլֆ ֆոն Բեկեր,false
Q4115633,אדולף פון בקר,false
Q4115633,أدولف فون بيكر,false
Q4115633,アドルフ・フォン・ベッカー,false
Q4118893,Hj. Nortamo,true
Q4118893,Frans Hjalmar Nordling,false
Q4118893,Frans Hjalmar Nortamo,false
Q4118893,Franz-Hjalmar Nortamo,false
Q4118893,Hjalmar Nordling,false
Q4118893,Hjalmar Nortamo,false
Q4118893,Нортамо,false
Q4118893,هيالمر نورتامو,false
Q4119026,Eero Erkko,true
Q4119026,"Эркко, Ээро",false
Q4119026,Ээро Эркко,false
Q4119026,إيرو إركو,false
Q4119026,ايرو اركو,false
Q4129860,Arvid Genetz,true
Q4129860,Arvi Jännes,false
Q4129860,Arvid Genetc,false
Q4129860,Arvid Oskar Gustaf Genetz,false
Q4129860,Kaskesmailta Karjalainen,false
Q4129860,Kusta Karjalainen,false
Q4129860,Арвид Генетц,false
Q4129860,Арвід Ґенетц,false
Q4129860,"Генетц, Арвид",false
Q4129860,آروید گنتز,false
Q4129860,ارڤيد جينيتز,false
Q4129860,অরভিদ জেনেটজ,false
Q4129860,阿尔维德·耶內茨,false
Q4200624,Santeri Ivalo,true
Q4200624,Alexander Ingman,false
Q4200624,Herman Alexander Ingman,false
Q4200624,Santeri Ingman,false
Q4200624,"Santeri Ingman, Kainulainen",false
Q4200624,Ингман С.,false
Q4200624,Ингман Сантери,false
Q4200624,"Ингман, Сантери",false
Q4200624,Сантери Ингман,false
Q4200624,桑泰里·伊瓦洛,false
Q4200866,Bernhard Indrenius,true
Q4200866,Бернгард Индрениус,false
Q4200866,Бернгард Эммануилович Индрениус,false
Q4200866,Индрениус,false
Q4200866,Индрениус Б.,false
Q4200866,Индрениус Б. Э.,false
Q4200866,Индрениус Бернгард Эммануилович,false
Q4200866,"Индрениус, Бернгард",false
Q4200866,"Индрениус, Бернгард Эммануилович",false
Q4200866,Բերնհարդ Ինդրենիուս,false
Q4235999,Gustaf Axel von Kothen,true
Q4235999,Gustav Axhel von Khoten,false
Q4235999,Gustavo Axel de Cótena,false
Q4235999,Густав-Аксель Фердинандович Котен,false
Q4235999,"Котен, Густав-Аксель Фердинандович",false
Q4236005,Casimir von Kothen,true
Q4236005,Казимир Густавович Котен,false
Q4236005,Казимир фон Котен,false
Q4236005,"Котен, Казимир Густавович",false
Q4236005,Կազիմիր Կոտեն,false
Q4236005,كاسيمير ڤون كوثين,false
Q4241668,Gabriel Anton Cronstedt,true
Q4241668,Антон Карлович Кронштедт,false
Q4241668,"Кронштедт, Антон Карлович",false
Q4241669,Carl Olof Cronstedt,true
Q4241669,Carl Olof Cronstedt d.y.,false
Q4241669,Carl Olof Cronstedt den yngre,false
Q4241669,Carl Olof Cronstedt junior,false
Q4241669,Carl Olof Cronstedt the Younger,false
Q4241669,Карл-Олаф Карлович Кронштедт,false
Q4241669,"Кронштедт, Карл-Олаф Карлович",false
Q42901672,Jakob Johan Tesche,true
Q42901672,"Jaakke Johannes Tesche, master of Kumpula manor",false
Q42901717,Henrik Parviainen,true
Q42901722,Magnus Erik Alopaeus,true
Q42904200,Arthur Spåre,true
Q42904200,Arthur Robert Gustav Spåre,false
Q42904345,Enok Hjalmar Furuhjelm,true
Q4307524,Johan Reinhold Munck,true
Q4307524,Иван Иванович Мунк,false
Q4307524,Иоган Рейнгольд Мунк,false
Q4307524,"Мунк, Иван Иванович",false
Q4307524,چوهان رينهولد مونك,false
Q4320594,Paul von Nicolay,true
Q4320594,Paul Ernst Georg von Nicolay,false
Q4320594,Paul Nicolay,false
Q4320594,Николаи П.,false
Q4320594,Николаи П. Н.,false
Q4320594,Николаи Павел Николаевич,false
Q4320594,"Николаи, Павел",false
Q4320594,"Николаи, Павел Николаевич",false
Q4320594,Павел Николаевич Николаи,false
Q4320594,Павел Николаи,false
Q4332512,Christian Theodor Oker-Blom,true
Q4332512,Christian Oker-Blom d.ä.,false
Q4332512,Christian Teodor Oker-Blom,false
Q4332512,Christian Theodor Åkerblom,false
Q4332512,Åkerblom,false
Q4332512,"Окерблом, Христиан Густавович",false
Q4332512,Христиан Густавович Окерблом,false
Q4350748,Frans Ludvig Schauman,true
Q4350756,Berndt Otto Schauman,true
Q4350756,B. O. Schauman,false
Q4350756,Bernhard Otto Schauman,false
Q4351768,Antti Puhakka,true
Q4351768,안티 푸학카,false
Q4354047,Svinhufvud af Qvalstad,true
Q4354047,Svinhufvud,false
Q4354047,스빈후부드 아브 크발스타드가,false
Q4354960,Johan Ulrik Sebastian Gripenberg,true
Q4354960,Sebastian Gripenberg,false
Q4354960,"Грипенберг, Юхан Ульрик Себастиан",false
Q4354960,Йохан Ульрик Себастиан Грипенберг,false
Q4354960,Юхан Ульрик Себастиан Грипенберг,false
Q4355133,K. E. F. Ignatius,true
Q4355133,K. F. Ignatius,false
Q4355133,Karl Emil Ferdinand Ignatius,false
Q4355133,Karl Ferdinand Ignatius,false
Q4355133,Karl Ignatius,false
Q4355133,كارل فرديناند اجناطيوس,false
Q4355143,August Hjelt,true
Q4355143,August Johannes Hjelt,false
Q4355143,اوجوسانت هچيلت,false
Q4355145,Lennart Gripenberg,true
Q4355145,Alexander Leonard Gripenberg,false
Q4355148,August Nybergh,true
Q4355148,اوجوسانت نيبيرج,false
Q4355896,Jaakko Forsman,true
Q4355896,Jaakko Oskar Forsman,false
Q4355896,Jakob Oskar Forsman,false
Q4355896,"Форсман, Якко",false
Q4355896,Якко Форсман,false
Q4356483,Lorenz Lindelöf,true
Q4356483,L. Lindelöf,false
Q4356483,Lorenz Leonard Lindelöf,false
Q4356483,Lorenz Lindelof,false
Q4356483,"Линделэф, Лоренс Леонард",false
Q4356483,"Линделёф, Лоренс Леонард",false
Q4356483,"Линделёф, Лоренц",false
Q4356483,"Линделёф, Лоренц Леонард",false
Q4356483,Лоренц Леонард Линделёф,false
Q4356483,Лоренц Леонгард Линделев,false
Q4356483,Лоренц Линделёф,false
Q4356483,Лоренц Линеделёф,false
Q4356638,Josef Adam Joakim Pippingsköld,true
Q4356638,Josef Adam Joachim Pippingsköld,false
Q4356638,Josef Adam Joakim Pippingskold,false
Q4356638,Joseph Adam Joachim Pippingsköld,false
Q4356638,Joseph Adam Joakim Pippingsköld,false
Q4356638,Joseph Adam Pippingsköld,false
Q4356638,Joseph Pippingskold,false
Q4356747,Arvi Grotenfelt,true
Q4356747,Arvi Grotenfeld,false
Q4356747,Arvid Grotenfelt,false
Q4357064,Heikki Renvall,true
Q4357064,Heiki Renvalls,false
Q4357064,Heikki Gabriel Renvall,false
Q4357064,Henrik Gabriel Renvall,false
Q4357064,Henrik Renvall,false
Q4357064,"Ренвалл, Хенрик",false
Q4357064,Хенрик Ренвалл,false
Q4357064,هيكى رينڤال,false
Q4357064,هیکی رنوال,false
Q4357096,Albert von Hellens,true
Q4357096,Albert Alexander von Hellens,false
Q4357096,Baron Alpertti Aleksanteri Hellens,false
Q4357135,Robert Lagerborg,true
Q4357135,Robert Olof Lagerborg,false
Q4357216,Allan Serlachius,true
Q4357216,Allan Särkilahti,false
Q4357216,Allans Serlāšiuss,false
Q4357216,Carl Allan Serlachius,false
Q4357216,الان سيرلاكيوس,false
Q4357279,Valde Hirvikanta,true
Q4357279,Gustaf Hirvikanta,false
Q4357279,Gustaf Waldemar von Hellens,false
Q4357279,Gustaf von Hellens,false
Q4357279,ڤالد هيرڤيكانتا,false
Q4357663,Erik Berg,true
Q4357663,Kirill Berg,false
Q4357663,Эрик Федорович фон Берг,false
Q4357663,إريك بيرغ,false
Q4357869,August Schauman,true
Q4357869,Josef August Schauman,false
Q4357869,Йозеф-Август Шауман,false
Q4357869,"Шауман, Йозеф-Август",false
Q440166,Lauri Ingman,true
Q440166,Ingman,false
Q440166,Lars Ingman,false
Q440166,Lars Johannes Ingman,false
Q440166,Lauri Johannes Ingman,false
Q440166,"Ингман, Лаури",false
Q440166,Лаури Ингман,false
Q440166,Лаурі Інґман,false
Q440166,Лаўры Інгман,false
Q440166,Լաուրի Ինգման,false
Q440166,לאורי אינגמן,false
Q440166,لاورى اينجمان,false
Q440166,لاوری اینگمان,false
Q440166,ლაური ინგმანი,false
Q440166,劳里·英曼,false
Q440166,劳里·英格曼,false
Q440166,라우리 잉그만,false
Q4405514,Kasten Antell,true
Q4405514,Pehr Kasten Samuel Antell,false
Q4405514,Per Kasten Samuel Antell,false
Q4412255,Waldemar Schauman,true
Q4412255,Fredrik Waldemar Schauman,false
Q4412255,Фёдор Оскарович Шауман,false
Q4412255,Фёдор Шауман,false
Q4412255,"Шауман, Фёдор Оскарович",false
Q4413049,Leo Ehrnrooth,true
Q4413049,Leo Reinhold Ehrnrooth,false
Q4413049,Leo Ērnrūts,false
Q4413049,ليو اهرنروث,false
Q4491017,Carl von Knorring,true
Q4491017,Carl Erik von Knorring,false
Q4491023,Eugen von Knorring,true
Q4491023,Eugen Teodor von Knorring,false
Q4491023,Eugen Theodor von Knorring,false
Q4491023,Eugene Theodor von Knorring,false
Q4491023,Eugén Teodor von Knorring,false
Q4520142,Johan Eberhard von Schantz,true
Q4520142,Eberhard von Schantz,false
Q4520142,Иван Иванович Шанц,false
Q4520142,Иван Иванович фон Шанц,false
Q4520142,Иван Шанц,false
Q4520142,Фон Шанц,false
Q4520142,"Фон-Шанц, Иван Иванович",false
Q4520142,Шанц И.,false
Q4520142,Шанц И. И.,false
Q4520142,Шанц Иван Иванович,false
Q4520142,"Шанц, Иван",false
Q4520142,"Шанц, Иван Иванович",false
Q4527584,Allan Schulman,true
Q4527584,Allan Carl Waldemar Schulman,false
Q4527584,Carl Allan,false
Q4527584,Аллан-Карл-Вальдемар Шульман,false
Q4527584,"Шульман, Аллан",false
Q4527584,Ալլան Շուլման,false
Q4527584,Կարլ Ալլան,false
Q4527584,كارل الان,false
Q4527625,Constantin Nils Lorenz von Schoultz,true
Q4527625,"General Konsta Niiles Lorent Schoultz, 2.Lord of Volsi",false
Q4527625,Константин Карлович Шульц,false
Q4527625,"Шульц, Константин Карлович",false
Q4527625,"Шульц-фон, Константин Карлович",false
Q4533143,Sebastian Albrekt von Etter,true
Q4533143,Sebastian von Etter,false
Q4533143,Севастиян Етер,false
Q4533143,Севастиян Еттер,false
Q4533143,Севастьян Павлович Эттер,false
Q4533143,Севастьян Эттер,false
Q4533143,Эттер Севастьян Павлович,false
Q4533143,"Эттер, Севастьян",false
Q4533143,"Эттер, Севастьян Павлович",false
Q4533143,"Эттер-фон, Севастьян Павлович",false
Q495652,Carl Magnus Creutz,true
Q495652,"Гройц, Карл Магнус",false
Q495652,Карл Магнус Крёйц,false
Q495652,"Крёйц, Карл Магнус",false
Q5040254,Carl Gustaf Wolff,true
Q5040254,Carl Gustav Wolff,false
Q5040254,كارل غوستاف وولف,false
Q5040254,کارل گوستاف ولف,false
Q51136666,Woldemar Hackman,true
Q51136666,Woldemar Johansson Hackman,false
Q518896,Carl Gustaf Estlander,true
Q518896,Estlander,false
Q518896,"Estlander, Carl Gustaf",false
Q518896,Karl Gustaf Estlander,false
Q518896,Карл Густав Естландер,false
Q518896,Карл Густав Эстландер,false
Q518896,"Эстландер, Карл Густав",false
Q5220195,Hjalmar Lagerborg,true
Q5220195,C. Hj. Lagerborg,false
Q5220195,Carl Hjalmar Lagerborg,false
Q5220195,Hj. Lagerborg,false
Q5220195,Karl Hjalmar Lagerborg,false
Q5391954,Herman Ross,true
Q5391954,Hermannus Ross,false
Q5391954,Герман Росс,false
Q5391954,هيرمان روس,false
Q5392288,Akseli Rauanheimo,true
Q5392288,Akseli Järnefelt,false
Q5392288,Akseli Kustaa Leonard Järnefelt,false
Q5392288,Akseli Kustaa Leonard Rauanheimo,false
Q5392288,Akseli Kustaa Rauanheimo,false
Q5392288,اكسيلى راوانهيمو,false
Q5392407,Pehr Östring,true
Q5392407,Pehr Edvard Östring,false
Q5392407,Pehr Ostring,false
Q5392428,Victor von Haartman,true
Q5392428,Victor Georg Gustaf Gabriel von Haartman,false
Q5392428,Viktor Georg Gustaf Gabriel von Haartman,false
Q5392428,Viktor von Haartman,false
Q5397177,Karl Fredrik Rotkirch,true
Q5397177,Carl Fredrik Rotkirch,false
Q5397177,Карл Фридрих Роткирх,false
Q5397177,"Роткирх, Карл Фридрих",false
Q5399732,Clas von Collan,true
Q5399732,Clas Herman von Collan,false
Q5401177,Rolf Lagerborg,true
Q5401177,Rolf Herbert Hjalmar Lagerborg,false
Q5401177,Rolf Heribert Hjalmar Lagerborg,false
Q5403873,Kustaa Killinen,true
Q5403873,Kustaa Waismaa,false
Q5403873,Kustaa Waismaa Killinen,false
Q5404771,Alfred Jacobsson,true
Q5404771,Alfred Johannes Jacobsson,false
Q5404771,Johan Alfred Jacobsson,false
Q5405068,Johan August von Essen,true
Q5405266,Antti Sinkko,true
Q5405284,Vilhelm Rosenqvist,true
Q5405284,Vilhelm Teodor Rosenqvist,false
Q5405284,Vilhelm Theodor,false
Q5405284,Wilhelm Theodor Rosenqvist,false
Q5405284,ڤيلهيلم روسينكڤيست,false
Q5405855,Georg Fraser,true
Q5405855,Georg Fredrik Fraser,false
Q5405855,Георг Фразер,false
Q5405855,جورج فريزر,false
Q5407154,T. J. Boisman,true
Q5407154,Toivo Johannes Boisman,false
Q5408404,Juhana Petter Valkola,true
Q5413257,Ernesti Eemil Forsman,true
Q5413257,Ernesti Forsman,false
Q5413257,Ernst Emil Forsman,false
Q5438635,Johan Albert Edvard von Julin,true
Q5438635,Albert von Julin,false
Q5438635,"John Albert Edvard von Julin, Vuorineuvos, Fiskars Inc.",false
Q5438851,Arthur Thesleff,true
Q5438851,Thesleff,false
Q5438851,Артур Теслев,false
Q5438851,"Теслефф, Артур",false
Q5442325,Felix Saarikoski,true
Q5442325,Felix Florentin Saarikoski,false
Q5473885,Ernst Dahlström,true
Q5476985,Carl Mannerheim,true
Q5476985,Carl Erik Johan Mannerheim,false
Q5476985,Erik Johan Mannerheim,false
Q5476985,Կառլ Մաներհայմ,false
Q5478552,Alfred Norrmén,true
Q5478552,Alfred Norrmen,false
Q5478877,Hjalmar Granfelt,true
Q5478877,Otto Hjalmar Granfelt,false
Q5478917,W. A. Lavonius,true
Q5478917,Wilhelm Alexander Lavonius,false
Q5478917,Wilhelm Lavonius,false
Q5479157,Georg Schauman,true
Q5479157,Georg Carl August Schauman,false
Q5479157,چورچ ستشاومان,false
Q54834023,Axel Alfthan,true
Q54834023,Axel Gunnar Alfthan,false
Q5484401,Leonard Candelin,true
Q5485561,Fredrik Hertzberg,true
Q5486641,Julius Immanuel Bergh,true
Q5492252,Johan Fredrik Bergh,true
Q5492646,Arthur af Forselles,true
Q5492646,Arthur Edvard af Forselles,false
Q5492646,ارثر اف فورسيليس,false
Q5492740,Carl Gustav Borg,true
Q5492740,Carl Gustaf Borg,false
Q5492740,Karl Gustaf Borg,false
Q5493382,Viktor Julius von Wright,true
Q5493382,Viktor von Wright,false
Q5493382,빅토르 율리우스 폰 브리크트,false
Q5494244,Otto Tuomi,true
Q5494244,Otto Häggblom,false
Q5494244,Отто Туоми,false
Q5494968,Theodor Lindh,true
Q5494968,Anders Theodor Lindh,false
Q5494968,Теодор Линд,false
Q5499534,Fredrik Stjernvall,true
Q5499534,Fredrik Gustaf Otto Selim Stjernvall,false
Q55229314,Björn Rudolf Wasastjerna,true
Q55229314,Bjorn Wasastjerna,false
Q55229314,Björn Wasastjerna,false
Q553859,Robert Tigerstedt,true
Q553859,Robert Adolf Armand Tigerstedt,false
Q553859,Robert Adolph Armand Tigerstedt,false
Q553859,Tigerstedt,false
Q553859,Роберт Тигерстедт,false
Q553859,"Тигерстедт, Роберт",false
Q553859,رابرت تایقرستد,false
Q553859,روبرت تايجرستيدت,false
Q55395708,Wilhelm Fredrik von Nottbeck,true
Q55395708,Wilhelm Friedrich von Nottbeck,false
Q55395708,빌헬름 프리드리히 폰 노트베크,false
Q55395767,Johannes von Haartman,true
Q55395767,Carl Erik Johannes von Haartman,false
Q55395966,Tauno Järnefelt,true
Q55395966,Armas Tauno Juhana Järnefelt,false
Q55395966,Tauno Jarnefelt,false
Q5546475,Kristian von Alfthan,true
Q5546475,Kristian Alfthan,false
Q5546475,Kristian Axel von Alfthan,false
Q5546475,"Альфтан, Кристиан фон",false
Q5546475,Кристиан фон Альфтан,false
Q5546475,كريستيان ڤون الفثان,false
Q5547802,Magnus Jacob Alopaeus,true
Q5547802,Magnus Jakob Alopaeus,false
Q5547802,Магнус Якоб Алопеус,false
Q5559267,Carl Alexander Armfelt,true
Q5559267,Карл-Александр Густавович Армфельт,false
Q5560067,Adolf Edvard Arppe,true
Q5560067,Adolf Eduard Arppe,false
Q5560067,Adolphe Edouard Arppe,false
Q5560067,Адольф Эдвард Арппе,false
Q5560067,"Арппе, Адольф Эдвард",false
Q5560067,Ադոլֆ Էդվարդ Արպպե,false
Q5563655,Woldemar Backman,true
Q5563655,Herman Woldemar Backman,false
Q5568264,Frans Josef von Becker,true
Q5568264,فرانس جوسيف فون بيكر,false
Q5572052,Edvard Bergh,true
Q5572052,Edvard Bergh (publicist),false
Q5572052,Johan Herman Edvard Bergh,false
Q5578552,Petter Johan Bladh,true
Q5578552,Bladh,false
Q5578552,Pehr Johan Bladh,false
Q5578552,Pehr Johann Bladh,false
Q5578552,Peter Johan Bladh,false
Q5580871,Constantin Boije af Gennäs,true
Q5581664,Hjalmar von Bonsdorff,true
Q5581664,"Bonsdorff, Hjalmar von",false
Q5581664,Hjalmar v. Bonsdorff,false
Q5581664,"von Bonsdorff, Hjalmar",false
Q5581664,Яльмар Викторович фон Бонсдорф,false
Q5581664,ヒャルマル・フォン・ボンスドルフ,false
Q5581958,Adolf von Bonsdorff,true
Q5581958,Adolf v. Bonsdorff,false
Q5581958,"Bonsdorff, Adolf von",false
Q5581958,"von Bonsdorff, Adolf",false
Q5581962,Carl Gabriel von Bonsdorff,true
Q5581962,Carl von Bonsdorff,false
Q5581962,"Бонсдорф, Карл Габриель",false
Q5581962,Карл Габриель Бонсдорф,false
Q5581971,Hjalmar Gabriel von Bonsdorff,true
Q5581985,Johan Gabriel von Bonsdorff,true
Q5582751,Johan August von Born,true
Q5582751,"Juhana Aukusti von Born, 1.Baron of Sarvilahti",false
Q5582751,Юхан Август фон Борн,false
Q5588635,Theodor Bruun,true
Q5588635,Th. Bruun,false
Q5588635,"Брун, Фёдор Антонович",false
Q5588635,Теодор Брун,false
Q5588635,Фёдор Антонович Брун,false
Q5603759,Simon Wilhelm Carpelan,true
Q5603759,Simon Vilhelm Carpelan,false
Q5603759,"Карпелан, Симон Вильгельм",false
Q5603759,Симон Вильгельм Карпелан,false
Q5603762,Tor Carpelan,true
Q5603762,Tor Harald Carpelan,false
Q5603762,Тор Карпелан,false
Q56061835,Herman Viktor von Willebrand,true
Q56061835,Herman Victor von Willebrand,false
Q56061835,Herman von Willebrand,false
Q5608838,Anders Herman Chydenius,true
Q5608838,Anders Chydenius,false
Q5609964,Zacharias Cleve,true
Q5609964,Zacharias Joachim Cleve,false
Q5609964,Zachris Joachim Cleve,false
Q5613560,Carl Cronstedt,true
Q5614505,Johan Henrik Cygnaeus,true
Q5614505,Johan Henrik Cygnæus,false
Q5614505,Johan Hinric Cygnaeus,false
Q5614831,Woldemar von Daehn,true
Q5614831,Woldemar Carl von Daehn,false
Q5614831,Woldemar Karl von Daehn,false
Q5614831,Владимир Александрович фон Ден,false
Q5614831,"Ден, Владимир Александрович фон",false
Q5614831,ولدمار فون داهن,false
Q5614831,ولديمار ڤون دايهن,false
Q5618707,Robert Wilhelm de Geer,true
Q5618707,"Greve Robert Vilhelm de Geer, 1.Greve af Tervik",false
Q5618707,Robert Wilhelm De Geer,false
Q5618707,Robert Wilhelm De Geer af Tervik,false
Q5618707,Robert Wilhelm de Geer till Tervik,false
Q5618707,Роберт Вильгельм де Геер,false
Q5618707,ロベルト・ヴィルヘルム・デ・ゲール,false
Q5625521,Daniel Edvard Duncker,true
Q5625521,Daniel Joachim Edward Duncker,false
Q5625521,Daniel Joakim Edvard Duncker,false
Q56399134,Feodor Kiseleff,true
Q56399134,Fedor Kiselev,false
Q56399134,Feodor Kiseleff den yngre,false
Q56399134,Feodor Kiseleff nuorempi,false
Q56399134,Fjodor Kisseljow,false
Q56399134,Fyodor Kiselyov,false
Q56399134,Фёдор Киселёв,false
Q56403348,Adolf Juselius,true
Q56403428,Erik Johan Andelin,true
Q56403554,Herman Fredrik Sohlberg,true
Q56403559,Johan Matias Hackzell,true
Q56403559,Johan Matthias Hackzell,false
Q56403648,Knut Svanljung,true
Q56403648,Knut August Svanljung,false
Q56521046,Gustaf Leopold Söderström,true
Q56521046,Gustaf Leopold Soderstrom,false
Q56521046,Leopold Söderström,false
Q56856392,Michael Hisinger,true
Q56856392,Mikael Hisinger,false
Q56879979,Petter Stenhagen,true
Q5711432,Waldemar Eneberg,true
Q5719551,Carl Gustaf von Essen,true
Q5720008,Bernhard Estlander,true
Q5720008,Bernhard Rudolf Estlander,false
Q5720020,Ernst Estlander,true
Q5720020,Ernst Henrik Estlander,false
Q5720020,Эрнст Эстландер,false
Q5720020,ايرنست استلاندير,false
Q5720633,Anders Josef Europaeus,true
Q5720633,A. J. Europaeus,false
Q5720633,اندرس چوزيف يوروباوس,false
Q5737055,Edvard Gustaf af Forselles,true
Q5737055,Edvard af Forselles,false
Q5737055,"Форселлес, Эдуард Федорович",false
Q5737055,"Форселлес, Эдуард Фёдорович",false
Q5737055,Эдуард Федорович Форселлес,false
Q5737055,Эдуард Фёдорович Форселлес,false
Q5742752,Frans von Frenckell,true
Q5742752,Frans Vilhelm von Frenckell,false
Q5742752,Frans Wilhelm von Frenckell,false
Q5754980,Gabriel Geitlin,true
Q5754980,Гавриил Гейтлин,false
Q5754980,Гавриил Петрович Гейтлин,false
Q5754980,Гейтлин Гавриил Петрович,false
Q5768295,Axel Fredrik Granfelt,true
Q5772178,Alexis Gripenberg,true
Q5772178,Claes Alexis Konstantin Gripenberg,false
Q5772178,Claës Alexis Konstantin Gripenberg,false
Q5772178,Klas Alexis Gripenberg,false
Q5772178,Klas Alexis Konstantin Gripenberg,false
Q5772190,Carl Magnus Gripenberg,true
Q5773011,Julius Grotenfelt,true
Q5773011,Berndt Julius Grotenfelt,false
Q5773011,چوليوس جروتينفيلت,false
Q5773020,Kustavi Grotenfelt,true
Q5773020,Gustaf Grotenfelt,false
Q5773020,"Гротенфельт, Густав Адольфович",false
Q5780994,Carl Daniel von Haartman,true
Q5780994,Karl Daniel von Haartman,false
Q5780994,Карл Даниэль Гартман,false
Q5780994,കാൾ ഡാനിയൽ വോൺ ഹാർട്ട്മാൻ,false
Q5783235,Oskar Hainari,true
Q5783235,O.A. Hainari,false
Q5783235,Oskar Adolf Forsström,false
Q5783235,Oskar Adolf Hainari,false
Q5783235,اوسكار هاينارى,false
Q5784271,Mauritz Hallberg,true
Q5784271,Emil Fredrik Mauritz Hallberg,false
Q5784271,Мауриц Халльберг,false
Q5785113,Alexander Gustaf Julius Hallsten,true
Q5792038,Kristoffer Ægidius von Hartmansdorff,true
Q5792038,Christian Egidius,false
Q5792038,Christoffer Egidius von Hartmansdorff,false
Q5792038,Kristoffer Aegidius von Hartmansdorff,false
Q5792038,クリストファー・アエギディウス・ヴォン・ハルトマンスドルッフ,false
Q5792038,克里斯托弗·阿埃吉迪乌斯·翁·哈尔特曼斯多尔夫,false
Q5792038,크리스토페르 애기듀스 본 하르트만스도르프,false
Q5797587,Felix Heikel,true
Q5797587,Karl Felix Heikel,false
Q5797598,Ivar Heikel,true
Q5797598,Ivar A. Heikel,false
Q5797598,Ivar August Heikel,false
Q5797598,Ivar Auguste Heikel,false
Q5797598,Jvar August Heikel,false
Q5797598,Ивар Август Хейкель,false
Q5797598,Ивар Хейкель,false
Q5797598,"Хейкель, Ивар",false
Q5797598,"Хейкель, Ивар Август",false
Q5799108,Oskar von Hellens,true
Q5799108,Oskar Johannes Freiherr von Hellens,false
Q5799108,Oskar Johannes von Hellens,false
Q5802420,Robert Hermanson,true
Q5802420,Robert Fredrik Hermanson,false
Q5802420,Robert Fredrik Hermansson,false
Q58072830,Aleksander Auvinen,true
Q58072856,Julius Immanuel Gummerus,true
Q58072856,J. I. Gummerus,false
Q58072956,Arthur Rickhard Ramsay,true
Q58072956,Arthur Richard Ramsay,false
Q58072956,Arthur Rikhard Ramsay,false
Q58072956,"Рамзай, Артур Густавович",false
Q58073019,Karl Gustaf Berg,true
Q58073019,Берг Карл Густав,false
Q58073019,"Берг, Карл Густав",false
Q58073019,Карл Густав Берг,false
Q58073058,Rudolf Erenius,true
Q58073058,Rudolf Immanuel Erenius,false
Q58073128,Josef Joakim Simelius,true
Q58073128,Jooseppi Joakim Simelius,false
Q58073128,Jooseppi Simelius,false
Q58073177,Henrik Piipponen,true
Q5807467,Arthur Hjelt,true
Q5807467,Arthur Ludvig Mikael Hjelt,false
Q5813866,Anders Johan Hornborg,true
Q5889518,Johan Viktor Johnsson,true
Q5889518,Janne Johnsson,false
Q5889518,Johan Viktor,false
Q5893891,Albert Ludvig Lindsay von Julin,true
Q5893891,Albert von Julin,false
Q5908691,Alfred Kihlman,true
Q5908691,الفريد كيهلمان,false
Q5918829,Walter von Konow,true
Q5918829,Walter Emil Berndt von Konow,false
Q5923749,Lars Thiodolf Krogius,true
Q5923749,Lars Krogius,false
Q5923749,Lars Krogius d.ä.,false
Q5923749,Ларс Крогиус,false
Q5923756,Lars Karl Krogius,true
Q5923756,Lars Krogius,false
Q5923756,Lars Krogius d.y.,false
Q5923756,Ларс Крогиус,false
Q5930256,Gustaf Wilhelm Ladau,true
Q5931795,Ernst Lagus,true
Q5931795,Ernst Vilhelm Lagus,false
Q5931804,Wilhelm Lagus,true
Q5931804,Jakob Johan Wilhelm Lagus,false
Q5931804,Вильгельм Лагус,false
Q5931804,"Лагус, Вильгельм",false
Q5931804,Яков Иоган Вильгельм Лагус,false
Q5931804,ویلهلم لاگوس,false
Q5934833,Gustaf Adolf Langenskiöld,true
Q5934833,Gustaf Langenskiöld,false
Q5934839,Karl Langenskiöld,true
Q5934839,Bror Carl Johan Langenskiöld,false
Q5934839,Bror Karl Johan Langenskiöld,false
Q5934839,Langenskiöld i Stockholm,false
Q5934839,كارل لانجينسكيولد,false
Q5941175,Magnus Lavonius,true
Q5941175,Magnus Karl Lavonius,false
Q5955067,Uno Lindelöf,true
Q5955067,Uno Lindelof,false
Q5955067,Uno Lorenz Lindelöf,false
Q5955329,Ernst Linder,true
Q5955329,Christoffer Alexander Ernst Linder,false
Q5955329,Ernst Linder d.ä.,false
Q5955385,Hjalmar Linder,true
Q5955385,Hjalmar Constantin Linder,false
Q5955385,Ялмар Линдер,false
Q5962207,Torsten Leonard Lode,true
Q5962207,Torsten Lode,false
Q5962207,"Лоде, Торнтон Карлович",false
Q5964066,Viktor Lounasmaa,true
Q5964066,Nils Viktor Alfred Lounasmaa,false
Q5964066,Nils Viktor Alfred Löfgren,false
Q5964066,Viktor Löfgren,false
Q59656522,Matias Putkonen,true
Q59656522,Matthias Putkonen,false
Q5973556,Peter Malm,true
Q5973556,Petter Malm,false
Q5973883,Anders Johan Malmgren,true
Q5973883,A. J.  Malmgren,false
Q5973883,A. J. Malmgren,false
Q5973883,Anders J. Malmgren,false
Q5973883,Malmgren,false
Q5973883,Андерс Юхан Мальмгрен,false
Q5973883,Андерш Юхан Малмгрен,false
Q5973883,"Мальмгрен, Андерс Юхан",false
Q5975027,Juho Mannermaa,true
Q5975027,Juho Abraham Mannermaa,false
Q5975027,Juho Abraham Mennander,false
Q5975027,چوهو مانيرما,false
Q5979967,Guss Mattsson,true
Q5979967,Guss Mattson,false
Q5979967,Gustaf Mattsson,false
Q5979967,Gustaf Otto Mattsson,false
Q5979967,Гусс Маттссон,false
Q5979967,Густаф Отто Маттссон,false
Q5990895,Clas Herman Molander,true
Q5990895,Herman Molander,false
Q5990895,Клаэс-Герман Адольфович Моландер,false
Q5992268,Robert Montgomery,true
Q5992268,Robert August Montgomery,false
Q5992268,Роберт Монтгомери,false
Q6005343,Frithiof Neovius,true
Q6005343,Frithiof Alfred Neovius,false
Q6005343,"Неовиус, Фритьоф Адольфович",false
Q6005343,Фритьоф Адольфович Неовиус,false
Q6005343,Фритьоф Неовиус,false
Q6005343,فريثيوف نيوڤيوس,false
Q601146,Albert Henrik de la Chapelle,true
Q601146,Albert de la Chapelle,false
Q601146,Albert de la Chapelle d.ä.,false
Q601146,Albert de la Chapelle den äldre,false
Q6017658,Oscar Norrmén,true
Q6017658,Oscar Norrmen,false
Q6017658,Oskar Norrmén,false
Q6030815,Carl Gustaf Ottelin,true
Q6030815,Karl Gustaf Ottelin,false
Q6030815,کارل گوستاف اتلین,false
Q6033612,E. G. Palmén,true
Q6033612,E. G. Palmen,false
Q6033612,Ernst Gustaf Palmen,false
Q6033612,Ernst Gustaf Palmén,false
Q6033612,Ernst Palmén,false
Q6033612,ايرنست جوستاف پالمين,false
Q6040815,Pekka Pennanen,true
Q6040815,Пекка Пеннанен,false
Q6040815,پيكا پينانين,false
Q60482938,Aleksander Sikio,true
Q60482959,Frans Viktor Eriksson,true
Q60484738,Kasper Hjalmar Wrede,true
Q6049994,N. H. Pinello,true
Q6049994,Kapten Puff,false
Q6049994,Nils Henrik Pinello,false
Q6049994,von Puff,false
Q6067104,Gabriel Rein,true
Q6067104,Гавриил Рейн,false
Q6067104,"Рейн, Гавриил",false
Q6067133,Thiodolf Rein,true
Q6067133,Karl Gabriel Thiodolf Rein,false
Q6067133,Карл Габриель Теодольф Рейн,false
Q6067133,"Рейн, Теодольф",false
Q6067133,Теодольф Рейн,false
Q6068009,K. H. Renlund,true
Q6068009,Herman Renlund,false
Q6068009,Karl Herman Renlund,false
Q6068338,Torsten Thure Renvall,true
Q6068338,Torsten Renvall,false
Q6068338,Torsten Ture Renvall,false
Q6068338,"Ренвалл, Торстен-Туре",false
Q6068338,Торстен-Туре Ренвалл,false
Q6068338,تورستن توره رنوال,false
Q6068338,تورستين ثور رينڤال,false
Q6068615,Fredric von Rettig,true
Q6068615,Pehr Fredric von Rettig,false
Q6079654,Johan Wilhelm Rosenborg,true
Q6079654,Johan Vilhelm Rosenborg,false
Q6079717,Mauno Rosendal,true
Q6079717,Magnus Mauno Rosendal,false
Q6079717,Magnus Rosendal,false
Q6079717,Maunu Rosendal,false
Q6079717,ماونو روسيندال,false
Q6080124,G. G. Rosenqvist,true
Q6080124,Georg Gustaf Alexander Rosenqvist,false
Q6080124,Georg Gustaf Rosenqvist,false
Q6080124,Georg Rosenqvist,false
Q6080124,Gustaf Rosenqvist,false
Q6080124,جى. جى. روسينكڤيست,false
Q60844768,Frans Arvid Snellman,true
Q60844768,Franciscus Arvid Snellman,false
Q60844768,Franciscus Arvidus Snellman,false
Q6097531,Hjalmar Schildt,true
Q6097531,Carl Hjalmar Fabian Schildt,false
Q6097531,Karl Hjalmar Fabian Schildt,false
Q61102653,Axel Ekestubbe,true
Q61102753,Einar August Kalm,true
Q61103095,Hiskias Kirjalainen,true
Q61103177,Eljas Lönnrot,true
Q61103177,Eljas Fransson Lönnrot,false
Q61103302,Eynar Thesleff,true
Q61103306,Karl Troberg,true
Q61103306,Karl A. Troberg,false
Q61103306,Karl Anders Troberg,false
Q61103320,Henrik Eliel Wegelius,true
Q61103324,Johan Jakob Westerlund,true
Q61103340,Sakari Westerlund,true
Q61103340,Sakari Adolf Westerlund,false
Q61103785,Aatos Schildt,true
Q61103785,Jalo Aatos Wiini Wilhelm Schildt,false
Q61104449,Antti Yrjönpoika Lyttraeus,true
Q61104449,Anders Lythraeus,false
Q61104449,Anders Lyttraeus,false
Q61104466,Ernst Fredrik Tihlman,true
Q61104721,Paul von Etter,true
Q61104721,"Эттер, Павел Севастьянович (1861)",false
Q6140880,Carl Johan Jägerhorn,true
Q6140880,Carl Johan Jagerhorn,false
Q6158388,Max Oker-Blom,true
Q6158388,Maximilian Ernst Gustaf Oker-Blom,false
Q6158388,Maximilian Max Ernst Gustaf Oker-Blom,false
Q6158388,Maximilian Oker-Blom,false
Q6158388,Morbror Doktorn,false
Q6158388,Tohtori-Eno,false
Q6163504,August Ramsay,true
Q6163504,Август Рамсей,false
Q6169564,Maximus af Schultén,true
Q6169564,Max af Schultén,false
Q6169564,Maximus Widekind af Schultén,false
Q6169564,Maximus af Schulten,false
Q6173019,Julian Serlachius,true
Q6173019,"Dr.jur. Julian Serlachius, Justice of Supreme Court of Finland",false
Q6173019,Johan Julian Serlachius,false
Q6173019,Юлиан Серлациус,false
Q6173024,Johannes Serlachius,true
Q6175881,Carl Silfverhjelm,true
Q61785001,Nils Otto Nordenskiöld,true
Q6181110,Carl Johan Slotte,true
Q6190209,Johan Fredrik Stichaeus,true
Q6190771,Emil Stjernvall-Walleen,true
Q6190771,Carl Emil Knut Stjernvall,false
Q6190771,Carl Emil Knut Stjernvall-Walleen,false
Q6190771,Carl Knut Emil Stjernvall-Walleen,false
Q6190771,Knut Emil Stjernvall,false
Q6190771,"Шернваль-Валлен, Эмилий Карлович",false
Q6190771,Эмилий Карлович Шернваль-Валлен,false
Q6190771,에밀 스체르느발르와르린,false
Q6190960,Karl Stockmann,true
Q6190960,Karl Eugen Kristian Stockmann,false
Q6190960,Карл Стокман,false
Q6190960,Карл Стокманн,false
Q61968815,Karl Oskar Wasastjerna,true
Q61968815,Carl Oskar Wasastjerna,false
Q61968815,Karl Oskar Wasastjerna (1853-1923),false
Q6203891,Adolf Tandefelt,true
Q6203891,"Тандефельт, Адольф Оттонович",false
Q6207529,Wilhelm Thesleff,true
Q6207529,Vilhelm Aleksander Thesleff,false
Q6207529,Vilhelm Thesleff,false
Q6207529,Wilhelm Aleksander Thesleff,false
Q6207529,Вильгельм Александр Теслефф,false
Q6207529,"Теслефф, Вильгельм Александр",false
Q6207529,וילהלם אלכסנדר טסלף,false
Q6207529,ڤيلهيلم اليكساندر ثيسليف,false
Q6207529,빌헬름 테슬레프,false
Q6210840,Edvard Tigerstedt,true
Q6210840,Edvard Severin Tigerstedt,false
Q62128099,August Mannerheim,true
Q62128099,August Erik Mannerheim,false
Q62128099,"August, baron Mannerheim",false
Q6218225,Adolf Törngren,true
Q6218225,Adolf Torngren,false
Q6218225,Adolf Törngren (industriman),false
Q6218225,Adolf Törngren vanhempi,false
Q6220501,N. R. af Ursin,true
Q6220501,Nils Robert Ursin,false
Q6220501,Nils Robert af Ursin,false
Q6220501,Nils af Ursin,false
Q6220501,نيلس روبيرت اف ورسين,false
Q6220501,닐스 로베르트 아프 우르신,false
Q6224449,Bartholdus Vhael,true
Q6224449,Bartholdus Vhaël,false
Q6228650,Ferdinand von Wahlberg,true
Q6228650,C. Ferdinand von Wahlberg,false
Q6228650,C.F. von Wahlberg,false
Q6228650,Carl Ferdinand Emanuel Wahlberg,false
Q6228650,Carl Ferdinand Emanuel von Wahlberg,false
Q6228650,Carl Ferdinand Immanuel Wahlberg,false
Q6228650,Carl Ferdinand Immanuel von Wahlberg,false
Q6228650,Carl Ferdinand von Wahlberg,false
Q6228650,Ferdinand Wahlberg,false
Q6228650,Karl Ferdinand Emanuel Wahlberg,false
Q6228650,Карл Фердинанд Эмануэль фон Вальберг,false
Q6232470,Antero Warelius,true
Q6232470,Andreas Sebell,false
Q6232470,Antti Matinpoika Seppä,false
Q6232872,Selim Osvald Wasastjerna,true
Q6232877,Adolf Wasenius,true
Q6232877,Adolf Fredrik Wasenius,false
Q6234867,Alexander von Weissenberg,true
Q6234867,Alexander Bernhard von Weissenberg,false
Q6235673,Georg von Wendt,true
Q6235673,Georg Wendt,false
Q6235673,Georg Willehad von Wendt,false
Q6235673,چورچ ڤون ويندت,false
Q62392285,Fridolf Linder,true
Q6242396,Reinhold Felix von Willebrand,true
Q6242396,R(einhold) F(elix) Willebrand,false
Q6242396,Reinhold von Willebrand,false
Q6242396,Två af dem,false
Q6242396,Рейнгольд фон Виллебранд,false
Q63093240,Jakob Krank,true
Q63093240,Jacob Krank,false
Q63275048,Arthur William Forsman,true
Q63275073,Carl Fredrik Forsman,true
Q63275073,Karl Fredrik Forsman,false
Q63275089,Juho Rudolf Forsman,true
Q63275089,Johan Rudolf Forsman,false
Q63432691,Johan Kristian Lampén,true
Q64027481,Carl Adolf Möllerswärd,true
Q6437103,Fredrik Nylander,true
Q6437103,F.Nyl.,false
Q6437103,Frederick Nylander,false
Q6437103,فريدريك نيلاندريه,false
Q6458144,A. O. Wuorimaa,true
Q6458144,Arthur Oliver Wuorimaa,false
Q6458144,Arthur Wuorimaa,false
Q6458144,Artur Blomberg,false
Q6458144,Artur Oliver Wuorimaa,false
Q6458144,Artur Wuorimaa,false
Q6458144,ارتور وريما,false
Q64952323,Karl Efraim Carpelan,true
Q64952323,Carl Efraim Carpelan,false
Q64952323,Carl Ephraim Carpelan,false
Q65229155,Alexander Cronhjelm,true
Q65229155,Alexander Cronhjelm af Hakunge,false
Q65229155,Alexander Gf. Cronhjelm,false
Q65229155,Александр Карлович Кронгельм,false
Q65229159,Alexander Jakob von Wendt,true
Q65229159,"general Aleksanteri Jaakoppi Wendt, 1.Lord of Palikaiset",false
Q65229159,"фон Вендт, Александр Иванович",false
Q65229404,Antti Helander,true
Q65229404,Antti Daniel Helander,false
Q65229900,Bengt Laurikainen,true
Q65230522,Carl Anton Björnberg,true
Q65230522,Carl Anton Bjornberg,false
Q6673487,Aatami Hermanni Karvonen,true
Q669193,Carl Albert Edelfelt,true
Q669193,C. A. Edelfelt,false
Q669193,Κ. Α. Έντελφελτ,false
Q669193,Καρλ Άλμπερτ Έντελφελτ,false
Q669193,Карл Альберт Эдельфельт,false
Q669193,كارل البيرت اديلفيلت,false
Q669193,カルル・アルベルト・エデルフェルト,false
Q692383,Magnus von Wright,true
Q692383,M. von Wright,false
Q692383,Magnus Von Wright,false
Q692383,Magnus Wright,false
Q692383,"Вригт, Магнус фон",false
Q692383,Магнус фон Вригт,false
Q692383,מגנוס פון ריט,false
Q692383,ماجنوس رايت,false
Q692383,ماغنوس رايت,false
Q692383,馬格努斯·馮·萊特,false
Q69468961,Albert Ferdinand Ottelin,true
Q704066,Johan Wilhelm Runeberg,true
Q704066,J. W. Runeberg,false
Q704066,Johan Vilhelm Runeberg,false
Q704066,"Runeberg, Johan Wilhelm",false
Q704066,Иоганн Вильгельм Рунеберг,false
Q704066,Рунеберг И. В.,false
Q704066,Рунеберг Иоганн Вильгельм,false
Q704066,"Рунеберг, Иоганн Вильгельм",false
Q704066,Յոհան Վիլհելմ Ռունեբերգ,false
Q704066,چوهان ويلهيلم رونيبيرج,false
Q7094392,Onni Schildt,true
Q7094392,Wolmar Onni Schildt,false
Q7107462,Ossian Schauman,true
Q7107462,Julius Ossian Schauman,false
Q7107462,اوسيان شومان,false
Q7107462,奧西恩·紹曼,false
Q7109889,Otto Wrede,true
Q7109889,Otto Albert Wrede af Elimä,false
Q7109889,Отто Вреде,false
Q73762303,Johan Schaefer,true
Q74020569,Frans Julius Cederman,true
Q76238419,Emil Lindsay von Julin,true
Q76238419,Emil Lindsay Julin,false
Q7781631,Theodor Wegelius,true
Q7781631,Karl Theodor Aleksander Wegelius,false
Q78033717,Anton Elving,true
Q792420,Axel Gadolin,true
Q792420,A. V. Gadolin,false
Q792420,Aksel‘ Vil‘gel‘movič Gadolin,false
Q792420,Axel Wilhelmowitsch Gadolin,false
Q792420,Άξελ Βιλγκέλμοβιτς Γκάντολιν,false
Q792420,Άξελ Γκάντολιν,false
Q792420,Аксель Вильгельмович Гадолин,false
Q792420,Аксель Вільгельмавіч Гадалін,false
Q792420,Аксель Гадолин,false
Q792420,Гадолин А.,false
Q792420,Гадолин А. В.,false
Q792420,Гадолин Аксель Вильгельмович,false
Q792420,"Гадолин, Аксель",false
Q792420,Гадолін Аксель Вільгельмович,false
Q792420,اكسيل جادولين,false
Q81804616,Karl Magnus Emil Brummer,true
Q81804616,Karl Brummer,false
Q81804616,"Бриммер, Карл Вильгельмович",false
Q81804616,"Брюммер, Карл Вильгельмович",false
Q84176620,Johan Fredrik Sebastian Gripenberg,true
Q84176620,Johan Gripenberg,false
Q84176620,Себастиан Грипенберг,false
Q84176620,Юхан Фредерик Себастьян,false
Q85979311,Ivar Wallenius,true
Q85979311,Ivar Isaksson Wallenius,false
Q85979430,Nils Johansson Aejmelaeus,true
Q85979430,Nils Aejmelaeus,false
Q85980548,Alexander Wolter Ramsay,true
Q85980548,Alexander Volter Ramsay,false
Q85980548,Александр Вольтер Рамзай,false
Q85986322,Karl Gustaf Werander,true
Q85986322,Carl Gustaf Werander,false
Q85986394,Henrik Tomas Adlercreutz,true
Q85986829,Gustaf Vilhelm Arthur Armfelt,true
Q85986829,"krevi Kustavi Maunu 'Käsipuoli', Armfelt, 3.Count of Halikko, lord of Joensuu fideicommiss",false
Q85986829,"Армфельт, Густав-Артур-Вильгельм Густавович",false
Q85986829,Густав-Артур-Вильгельм Густавович Армфельт,false
Q85986973,Johan Fredrik Gustav Aminoff,true
Q85986973,Iogan Fridrix Gustav Aminov,false
Q85986973,Iogann-Fridrich-Gustav Aleksandrovitj Aminov,false
Q85986973,"Аминов, Иоганн Александрович",false
Q85986973,"Аминов, Иоганн-Фридрих-Густав Александрович",false
Q85986973,Иоганн-Фридрих-Густав Александрович Аминов,false
Q85987828,Robert Gustaf Ivar Blåfield,true
Q85987828,"Блофиельд, Роберт Карлович",false
Q85989506,Petter Edvard Ervast,true
Q85990242,Adolf Reinhold Viktor Ehrnrooth,true
Q85990242,Адольф Карлович Эрнрот,false
Q85990242,"Эрнрот, Адольф Карлович",false
Q85990722,Johan Henrik Munck,true
Q85990722,"Colonel Johannes Henrikki Munck, 2.Baron of Erkkylä, provincial governor of Uusimaa & Häme",false
Q85990722,Johan Henrik Munck af Fulkila,false
Q85990891,Torsten Costiander,true
Q85991372,Carl Constantin de Carnall,true
Q85991372,Карл Константин де Карнал,false
Q85991372,"Карнал, Карл Константин де",false
Q85991585,Johan Herman Lode,true
Q85992740,Akseli Andersson,true
Q85995619,Karl von Guvenius,true
Q85995804,Alexander August Thesleff,true
Q85995804,Александр Август Теслефф,false
Q85998270,Kosti Vehanen,true
Q85998270,Konstantin Vehanen,false
Q87711793,Mauritz Ferdinand von Kothen,true
Q87711793,Mauritz von Kothen,false
Q87711793,Мориц-Фердинанд фон Котен,false
Q89430343,Anders Byström,true
Q90541026,Alexander Joakim von Minkwitz,true
Q90541026,Alexander Joachim von Minckwitz,false
Q90541026,Александр Юльевич Минквиц,false
Q90544803,Archibald Viktor Ramsay,true
Q90544912,Bernt Reinhold Alfred Rehbinder,true
Q90544912,Альфред Карлович Ребиндер,false
Q91313272,Karl Lorenz Adalbert von Schoultz,true
Q91313292,Alexander Leonard Carl Schulman,true
Q91313292,"General Aleksanteri Leonard Kaarle Schulman, lord of Rabstein & Epoo",false
Q91313292,Александр Леонард Карл Карлович Шульман,false
Q91313292,"Шульман, Александр Карлович",false
Q91615383,Gustaf Manninen,true
Q921355,Erik Adolf von Willebrand,true
Q921355,Erik von Willebrand,false
Q921355,"Willebrand, Erik Adolf von",false
Q921355,Эрик Адольф фон Виллебранд,false
Q921355,إيريك أدولف فون فيليبراند,false
Q921355,ايريك ادولف فون فيليبراند,false
Q921355,エリック・アドルフ・ヴォン・ヴィレブランド,false
Q921355,埃里克·馮·維勒布蘭德,false
Q92752043,Frithiof Alarik Tawaststjerna,true
Q92752043,Frithiof Tawaststjerna,false
Q92752043,Fritiof Alarik Tawaststjerna,false
Q92752043,Фритьоф-Аларик Тавастшерна,false
Q92752286,Carl Johan Tawaststjerna,true
Q92752286,Carl Tawaststjerna,false
Q92752286,Карл Яковлевич Тавастшерна,false
Q93261790,Gustaf Alexander Tigerstedt,true
Q93261790,"Тигерстедт, Густав Фёдорович",false
Q93261790,Тигерстет  Густаф-Александр Фёдорович,false
Q93261828,Ernst Carl Adolf von Willebrand,true
Q93261828,"Виллебрант, Эрнст Фёдорович фон",false
Q93261832,Reinhold Robert von Willebrand,true
Q93261832,"Виллебрандт, Роберт Карлович",false
Q93261832,"Виллебрант,  фон   Рейнгольдт Густавович",false
Q9384808,Aaron Gustaf Borg,true
Q9384808,Aaron Gustav Borg,false
Q94388182,Johan Knut Valdemar Uggla,true
Q94388182,Johan Uggla,false
Q94388182,"Угла, Владимир Иванович",false
Q94958226,Bernhard Anton Harald Indrenius,true
Q94958226,Bernhard Indrenius,false
Q96033241,Johan Sundwall,true
Q96781741,Johan Fredrik Barck,true
Q96983841,Siwert Lundberg,true
Q96983841,Sivert Lundberg,false
Q97191820,Nils Bernt Grotenfelt,true
Q97191820,Nils Bernt Armas Grotenfelt,false
Q97194540,Carl Edvard Stjernvall,true
Q97195683,Nils Karl Nordenskiöld,true
Q97195683,Нильс Карл Норденшёльд,false
Q97195683,"Норденшёльд, Нильс Карл",false
Q97340754,Carl Rosenius,true
Q97340754,Carl Johan Rosenius,false
Q97456190,Karl Reinhold von Willebrand,true
Q97456190,Карл Рейнгольд фон Виллебранд,false
Q97577422,Johan Teodor Durchman,true
Q97577422,Johan Theodor Durchman,false
Q97577422,Teja Durchman,false
Q97577422,Theodor Durchman,false
Q98021802,Reinhold Alexander von Willebrand,true
Q98116426,Carl Gustaf Sanmark,true
Q98116426,C. G. Sanmark,false
Q98116467,Karl Oskar Hynninen,true
Q983185,Wilhelm Ramsay,true
Q983185,Ramsay,false
Q983185,Vilhelm Ramsay,false
Q983185,Βίλχελμ Ράμσι,false
Q983185,Вилхелм Рамсай,false
Q983185,Вильгельм Рамзай,false
Q983185,Вільгельм Рамзай,false
Q983185,Рамзай Вильгельм,false
Q983185,"Рамзай, Вильгельм",false
Q983185,Рамсэ,false
Q983185,"Рамсэ, Вильгельм",false
Q983185,ويلهلم رامزي,false
Q983185,ویلهلم رامسی,false
Q983185,வில்லெம் ராம்சே,false
Q98414082,August Vilhelm Helsingius,true
Q98414082,August Helsingius,false
Q98457184,Frans Alfrid Aejmelaeus,true
Q98457184,Frans Aejmelaeus,false
Q99600914,Fredrik Wilhelm Thesleff,true
Q99600914,Rietrikki Vilhelmi Thesleffi,false
Q99600914,"Теслев, Фредрик Вильгельм",false
Q99600914,"Теслефф, Фредрик Вильгельм",false
Q99600914,Фредрик Вильгельм Теслев,false
