person_id,meeting_id,estate_id
i-14317JnQPTgWq1zhQNz5cf,diet-1905,es-bou
i-14317JnQPTgWq1zhQNz5cf,diet-1904,es-bou
i-14fxkLqzdcadwNTzSJwBCv,diet-1867,es-pea
i-1764P2Vnu3yRnSonnYBdyo,diet-1891,es-nob
i-1764P2Vnu3yRnSonnYBdyo,diet-1905,es-nob
i-1764P2Vnu3yRnSonnYBdyo,diet-1904,es-nob
i-1764P2Vnu3yRnSonnYBdyo,diet-1899,es-nob
i-1764P2Vnu3yRnSonnYBdyo,diet-1897,es-nob
i-1764P2Vnu3yRnSonnYBdyo,diet-1894,es-nob
i-17htpZDs17EUXFq4uXyrgb,diet-1897,es-pea
i-17htpZDs17EUXFq4uXyrgb,diet-1899,es-pea
i-17htpZDs17EUXFq4uXyrgb,diet-1900,es-pea
i-17htpZDs17EUXFq4uXyrgb,diet-1904,es-pea
i-17htpZDs17EUXFq4uXyrgb,diet-1905,es-pea
i-17rHdCAokyZJRHvnBtWfiy,diet-1863,es-pea
i-182iQaw41tqTySDbhb38Sp,diet-1894,es-pea
i-182iQaw41tqTySDbhb38Sp,diet-1863,es-pea
i-182iQaw41tqTySDbhb38Sp,diet-1877,es-pea
i-182iQaw41tqTySDbhb38Sp,diet-1897,es-pea
i-182iQaw41tqTySDbhb38Sp,diet-1882,es-pea
i-182iQaw41tqTySDbhb38Sp,diet-1891,es-pea
i-182iQaw41tqTySDbhb38Sp,diet-1885,es-pea
i-182iQaw41tqTySDbhb38Sp,diet-1888,es-pea
i-1YXQKL3Er4LUeCEH813T9,diet-1867,es-cle
i-232oBiwo9Msdu9iGgYgsy7,diet-1888,es-pea
i-24MJDgsqqgCgQM9j64vDZY,diet-1905,es-cle
i-24MJDgsqqgCgQM9j64vDZY,diet-1904,es-cle
i-254g857EoqyeksFi9ULpYn,diet-1863,es-pea
i-254g857EoqyeksFi9ULpYn,diet-1867,es-pea
i-25WDyXxu97AE9nCuf58dk9,diet-1888,es-nob
i-25WDyXxu97AE9nCuf58dk9,diet-1900,es-nob
i-26xiTcnRwiSfZaD1uCoG3H,diet-1867,es-pea
i-29jAvqcdVSDmnMHm7GL7zd,diet-1905,es-cle
i-29jAvqcdVSDmnMHm7GL7zd,diet-1904,es-cle
i-29jAvqcdVSDmnMHm7GL7zd,diet-1891,es-cle
i-29jAvqcdVSDmnMHm7GL7zd,diet-1894,es-cle
i-29jAvqcdVSDmnMHm7GL7zd,diet-1897,es-cle
i-29jAvqcdVSDmnMHm7GL7zd,diet-1899,es-cle
i-29jAvqcdVSDmnMHm7GL7zd,diet-1900,es-cle
i-29jAvqcdVSDmnMHm7GL7zd,diet-1885,es-cle
i-29jAvqcdVSDmnMHm7GL7zd,diet-1888,es-cle
i-2CJtkh9e4uShfgLaoscF6f,diet-1882,es-cle
i-2ELCNXniPoUbrhGohCTZVH,diet-1904,es-nob
i-2ELCNXniPoUbrhGohCTZVH,diet-1882,es-nob
i-2F6oVsrG3mDJDsy2mxCob7,diet-1894,es-cle
i-2F6oVsrG3mDJDsy2mxCob7,diet-1888,es-cle
i-2F6oVsrG3mDJDsy2mxCob7,diet-1891,es-cle
i-2F6oVsrG3mDJDsy2mxCob7,diet-1897,es-cle
i-2F6oVsrG3mDJDsy2mxCob7,diet-1899,es-cle
i-2F6oVsrG3mDJDsy2mxCob7,diet-1900,es-cle
i-2F6oVsrG3mDJDsy2mxCob7,diet-1904,es-cle
i-2F6oVsrG3mDJDsy2mxCob7,diet-1905,es-cle
i-2FYsCmQMwS68T3RySi3Mpc,diet-1894,es-nob
i-2GsZ4BooHWCQvrdPTMX1GL,diet-1863,es-nob
i-2GsZ4BooHWCQvrdPTMX1GL,diet-1867,es-nob
i-2GsZ4BooHWCQvrdPTMX1GL,diet-1877,es-nob
i-2GtDchQB42K4xYbTq87cVq,diet-1904,es-nob
i-2GtDchQB42K4xYbTq87cVq,diet-1900,es-nob
i-2GtDchQB42K4xYbTq87cVq,diet-1905,es-nob
i-2HrSoCSC4HZ2SVh4Nh66Kx,diet-1863,es-cle
i-2J1cFCU1ntRSDLK69LyixZ,diet-1900,es-pea
i-2J1cFCU1ntRSDLK69LyixZ,diet-1899,es-pea
i-2Ji5aehRfDbxVmrRpEzJLv,diet-1885,es-nob
i-2Ji5aehRfDbxVmrRpEzJLv,diet-1888,es-nob
i-2Ji5aehRfDbxVmrRpEzJLv,diet-1891,es-nob
i-2JpLXsMwopWLZqb1nASqEs,diet-1894,es-bou
i-2JpLXsMwopWLZqb1nASqEs,diet-1897,es-bou
i-2Lagjiv4piKgWYsSBqwUKU,diet-1891,es-bou
i-2Lagjiv4piKgWYsSBqwUKU,diet-1888,es-bou
i-2M9Q96JhxJvPjW2FZPFTCY,diet-1885,es-pea
i-2M9Q96JhxJvPjW2FZPFTCY,diet-1877,es-pea
i-2M9Q96JhxJvPjW2FZPFTCY,diet-1888,es-pea
i-2M9Q96JhxJvPjW2FZPFTCY,diet-1882,es-pea
i-2N84i2GCAKRZCDmnxUA3sR,diet-porvoo,es-nob
i-2Ng5Yiz94qvSG22vZM58eP,diet-1904,es-bou
i-2Nv6cX45TaPfoUjwp4kCNm,diet-1877,es-pea
i-2PANodj2adQVJutav5GHPK,diet-1897,es-bou
i-2PT41UyWuKo4xm1qXeaPnb,diet-1863,es-bou
i-2PT41UyWuKo4xm1qXeaPnb,diet-1867,es-bou
i-2QuMhjdBvRwN4UjQH2UEkH,diet-1885,es-nob
i-2Ss1PMTbudt7KdQFdTRFcG,diet-1905,es-nob
i-2TJ9oUcw4dzh1P1QpjGfP7,diet-1877,es-pea
i-2TJ9oUcw4dzh1P1QpjGfP7,diet-1867,es-pea
i-2TJ9oUcw4dzh1P1QpjGfP7,diet-1863,es-pea
i-2TJ9oUcw4dzh1P1QpjGfP7,diet-1882,es-pea
i-2TXUUfxhbM1mKyn8oqUGzY,diet-1863,es-nob
i-2TmKiLYSqwWZHXSS1TZEeE,diet-1900,es-nob
i-2TmKiLYSqwWZHXSS1TZEeE,diet-1905,es-nob
i-2TmKiLYSqwWZHXSS1TZEeE,diet-1904,es-nob
i-2TmKiLYSqwWZHXSS1TZEeE,diet-1897,es-nob
i-2VUbjQp4iwPVbhLEqfvijy,diet-1905,es-pea
i-2VUbjQp4iwPVbhLEqfvijy,diet-1904,es-pea
i-2VhaeA75HNF4Pr6FXDXgtW,diet-1897,es-nob
i-2W4vYEoJYZJJk2NotrpeYd,diet-1885,es-cle
i-2WTpAbUHcxdqr6EZLuThwv,diet-porvoo,es-pea
i-2WWyV6tYwf1MCC9zgsfC2t,diet-1882,es-pea
i-2X7N1Zp3Fhx6CZv8Ja21nK,diet-1863,es-cle
i-2XhKnDrvwR1osJ5ryzubot,diet-1863,es-nob
i-2XhKnDrvwR1osJ5ryzubot,diet-1867,es-nob
i-2XhKnDrvwR1osJ5ryzubot,diet-1877,es-nob
i-2Y28YhcXXa6iFvLQQcnSZa,diet-1863,es-pea
i-2Y7nE87KujbGcxBqipXQGn,diet-1905,es-bou
i-2ZVFdKNgodWAvp9mUf7Ku6,diet-1900,es-nob
i-2ZVFdKNgodWAvp9mUf7Ku6,diet-1905,es-nob
i-2ZVFdKNgodWAvp9mUf7Ku6,diet-1897,es-nob
i-2ZVFdKNgodWAvp9mUf7Ku6,diet-1904,es-nob
i-2ZVFdKNgodWAvp9mUf7Ku6,diet-1894,es-nob
i-2ZVFdKNgodWAvp9mUf7Ku6,diet-1891,es-nob
i-2ZVFdKNgodWAvp9mUf7Ku6,diet-1888,es-nob
i-2ZVFdKNgodWAvp9mUf7Ku6,diet-1885,es-nob
i-2a1jEQVQLMgg8WcCkNCz31,diet-1900,es-nob
i-2a1jEQVQLMgg8WcCkNCz31,diet-1904,es-nob
i-2a1jEQVQLMgg8WcCkNCz31,diet-1897,es-nob
i-2a1jEQVQLMgg8WcCkNCz31,diet-1894,es-nob
i-2a1jEQVQLMgg8WcCkNCz31,diet-1888,es-nob
i-2a1jEQVQLMgg8WcCkNCz31,diet-1885,es-nob
i-2a1jEQVQLMgg8WcCkNCz31,diet-1899,es-nob
i-2a1jEQVQLMgg8WcCkNCz31,diet-1891,es-nob
i-2a1jEQVQLMgg8WcCkNCz31,diet-1905,es-nob
i-2aAsQDaQzvviNLiHAqhh6S,diet-1867,es-cle
i-2ajE7JaFMbUYwaiy96tsv9,diet-1905,es-nob
i-2dGWMbZNs6GoVNG5okZE2D,diet-1867,es-bou
i-2dJVDxi9P9zCeZYiTSy5zw,diet-1904,es-nob
i-2dJVDxi9P9zCeZYiTSy5zw,diet-1899,es-nob
i-2dJVDxi9P9zCeZYiTSy5zw,diet-1897,es-nob
i-2dJVDxi9P9zCeZYiTSy5zw,diet-1905,es-nob
i-2fdqTSk49fKzFFFCPWD78H,diet-1888,es-pea
i-2g556HzWNUiGYftBbkrC5Z,diet-1905,es-nob
i-2g556HzWNUiGYftBbkrC5Z,diet-1897,es-nob
i-2g556HzWNUiGYftBbkrC5Z,diet-1894,es-nob
i-2g556HzWNUiGYftBbkrC5Z,diet-1888,es-nob
i-2hD21qWp9K67tPki4xh6zX,diet-1904,es-nob
i-2hD21qWp9K67tPki4xh6zX,diet-1885,es-nob
i-2hD21qWp9K67tPki4xh6zX,diet-1882,es-nob
i-2hD21qWp9K67tPki4xh6zX,diet-1877,es-nob
i-2hD21qWp9K67tPki4xh6zX,diet-1899,es-nob
i-2hD21qWp9K67tPki4xh6zX,diet-1888,es-nob
i-2hD21qWp9K67tPki4xh6zX,diet-1897,es-nob
i-2hD21qWp9K67tPki4xh6zX,diet-1894,es-nob
i-2hD21qWp9K67tPki4xh6zX,diet-1891,es-nob
i-2hD21qWp9K67tPki4xh6zX,diet-1905,es-nob
i-2hD21qWp9K67tPki4xh6zX,diet-1900,es-nob
i-2hVtHyiXzrjWbhZkz9yYBn,diet-1899,es-nob
i-2iqk4FNw5j22mweLdquaqQ,diet-1888,es-pea
i-2j5uWs1Zs2SyeviLwx93NE,diet-1891,es-pea
i-2j5uWs1Zs2SyeviLwx93NE,diet-1897,es-pea
i-2j5uWs1Zs2SyeviLwx93NE,diet-1894,es-pea
i-2kQwUtoHSwnYeLTXmLck8r,diet-1904,es-pea
i-2kQwUtoHSwnYeLTXmLck8r,diet-1905,es-pea
i-2ktSPbgkPX87zvzbvSM2yv,diet-porvoo,es-pea
i-2ovyX7AoGzjWAqK7ZaGgd4,diet-1882,es-pea
i-2pD791VLsqhv5WJ2JcdDCs,diet-1897,es-cle
i-2pD791VLsqhv5WJ2JcdDCs,diet-1877,es-cle
i-2pD791VLsqhv5WJ2JcdDCs,diet-1894,es-cle
i-2pD791VLsqhv5WJ2JcdDCs,diet-1882,es-cle
i-2pD791VLsqhv5WJ2JcdDCs,diet-1885,es-cle
i-2pD791VLsqhv5WJ2JcdDCs,diet-1891,es-cle
i-2pD791VLsqhv5WJ2JcdDCs,diet-1899,es-cle
i-2pD791VLsqhv5WJ2JcdDCs,diet-1900,es-cle
i-2ubgZazdN7Hm8TmvgsEs2q,diet-porvoo,es-cle
i-2v1sP1pTkv6wpgJSg3UXcQ,diet-1863,es-bou
i-2v1sP1pTkv6wpgJSg3UXcQ,diet-1867,es-bou
i-2w9giVamyJ2nS6azpnMhFi,diet-1882,es-pea
i-2watXZpWpYKRSDFLMhu5JW,diet-1863,es-pea
i-2wsSQtqSdS2J6cPYxSWnfE,diet-1904,es-pea
i-2wujEHH64hvykeQfmZCyz8,diet-1891,es-pea
i-2wujEHH64hvykeQfmZCyz8,diet-1894,es-pea
i-2xD73P53y2xgGBX4mgMEoj,diet-1900,es-nob
i-2xD73P53y2xgGBX4mgMEoj,diet-1877,es-nob
i-2xD73P53y2xgGBX4mgMEoj,diet-1882,es-nob
i-2xD73P53y2xgGBX4mgMEoj,diet-1885,es-nob
i-2xD73P53y2xgGBX4mgMEoj,diet-1891,es-nob
i-2xD73P53y2xgGBX4mgMEoj,diet-1894,es-nob
i-2xD73P53y2xgGBX4mgMEoj,diet-1897,es-nob
i-2xD73P53y2xgGBX4mgMEoj,diet-1899,es-nob
i-2xD73P53y2xgGBX4mgMEoj,diet-1904,es-nob
i-2xD73P53y2xgGBX4mgMEoj,diet-1905,es-nob
i-2xbFzmJWLtL3VujRuxuuH6,diet-1905,es-cle
i-2zbE3PvdvoGkzS28dDgVHx,diet-1904,es-nob
i-2znFq4zFPRn3Y3XsTtU4CK,diet-1888,es-bou
i-2znNEpx3EbGDV1yemS6Ho9,diet-1905,es-pea
i-314YX7oeCU1LCaEEZaEhSZ,diet-1904,es-nob
i-32w487iUhzdyQvB8GvE88D,diet-1905,es-nob
i-32w487iUhzdyQvB8GvE88D,diet-1897,es-nob
i-32w487iUhzdyQvB8GvE88D,diet-1904,es-nob
i-32w487iUhzdyQvB8GvE88D,diet-1900,es-nob
i-32w487iUhzdyQvB8GvE88D,diet-1888,es-nob
i-32w487iUhzdyQvB8GvE88D,diet-1894,es-nob
i-33ykiPLUFubmKhcMAMuGRr,diet-1905,es-bou
i-34Prj111JniZxW4PsiFt7f,diet-porvoo,es-pea
i-34gigkRr2uXshwGmQ4qktb,diet-1891,es-cle
i-34gigkRr2uXshwGmQ4qktb,diet-1894,es-cle
i-34gigkRr2uXshwGmQ4qktb,diet-1897,es-cle
i-34gigkRr2uXshwGmQ4qktb,diet-1882,es-cle
i-34gigkRr2uXshwGmQ4qktb,diet-1888,es-cle
i-34gigkRr2uXshwGmQ4qktb,diet-1877,es-cle
i-34mfTvfVt9Bdb5T1DmaSyQ,diet-1882,es-nob
i-39HLCE9yBTZGgTmRXc8MV4,diet-1867,es-nob
i-39HLCE9yBTZGgTmRXc8MV4,diet-1877,es-nob
i-39HLCE9yBTZGgTmRXc8MV4,diet-1888,es-nob
i-39HLCE9yBTZGgTmRXc8MV4,diet-1863,es-nob
i-39HLCE9yBTZGgTmRXc8MV4,diet-1882,es-nob
i-39HLCE9yBTZGgTmRXc8MV4,diet-1891,es-nob
i-39HLCE9yBTZGgTmRXc8MV4,diet-1885,es-nob
i-39HLCE9yBTZGgTmRXc8MV4,diet-1897,es-nob
i-39HLCE9yBTZGgTmRXc8MV4,diet-1894,es-nob
i-3AAUZNqftJnZPhMYWGsWAy,diet-1863,es-bou
i-3AtCF9sv6EHtjCstTrjHpC,diet-1885,es-nob
i-3AtCF9sv6EHtjCstTrjHpC,diet-1863,es-nob
i-3AtCF9sv6EHtjCstTrjHpC,diet-1867,es-nob
i-3AtCF9sv6EHtjCstTrjHpC,diet-1877,es-nob
i-3AtCF9sv6EHtjCstTrjHpC,diet-1888,es-nob
i-3AtCF9sv6EHtjCstTrjHpC,diet-1894,es-nob
i-3AtCF9sv6EHtjCstTrjHpC,diet-1891,es-nob
i-3AtCF9sv6EHtjCstTrjHpC,diet-1882,es-nob
i-3D2uY3oEe1uqnw7DGCGVHP,diet-1867,es-nob
i-3D2uY3oEe1uqnw7DGCGVHP,diet-1863,es-nob
i-3DCQUuckGm7CmAsdTRYLPZ,diet-1894,es-bou
i-3DCQUuckGm7CmAsdTRYLPZ,diet-1904,es-bou
i-3FVZgVd1FfWRDxHRadp7JQ,diet-1863,es-cle
i-3HAnjNFH5KjSBTNKDd3TXb,diet-1863,es-nob
i-3JveTGquCFAK9y99eTAdvd,diet-1863,es-nob
i-3KmZ2JW55We9zqnwrRNCgP,diet-1905,es-cle
i-3Lihrx5B9cVVqhbadcPAMV,diet-1905,es-nob
i-3Lihrx5B9cVVqhbadcPAMV,diet-1891,es-nob
i-3Lihrx5B9cVVqhbadcPAMV,diet-1894,es-nob
i-3Lihrx5B9cVVqhbadcPAMV,diet-1904,es-nob
i-3Lihrx5B9cVVqhbadcPAMV,diet-1897,es-nob
i-3LrbQCv9wyK5t5xguHtg9N,diet-1867,es-nob
i-3LrbQCv9wyK5t5xguHtg9N,diet-1863,es-nob
i-3NzetkZgoRr8VV7zjFi3ik,diet-porvoo,es-nob
i-3PE5fKCuiGvgujS7hty5ea,diet-1900,es-nob
i-3PE5fKCuiGvgujS7hty5ea,diet-1904,es-nob
i-3PE5fKCuiGvgujS7hty5ea,diet-1905,es-nob
i-3Pm2N36ePLqUGq4sbqCd2e,diet-1885,es-pea
i-3QeX62WfBWmSXZfEa2V8Qq,diet-porvoo,es-pea
i-3QoJE2nk2uzndLypf2qBy4,diet-1888,es-pea
i-3Qx3Kq78Mhk3SQZyWMmLQk,diet-1894,es-pea
i-3Qx3Kq78Mhk3SQZyWMmLQk,diet-1885,es-pea
i-3Qx3Kq78Mhk3SQZyWMmLQk,diet-1891,es-pea
i-3RMpW3iFEvgpKbFP34kXg8,diet-1905,es-cle
i-3SZWVADXp26LoEUsfMXtuW,diet-1888,es-pea
i-3SZWVADXp26LoEUsfMXtuW,diet-1899,es-pea
i-3SZWVADXp26LoEUsfMXtuW,diet-1897,es-pea
i-3SZWVADXp26LoEUsfMXtuW,diet-1900,es-pea
i-3SZWVADXp26LoEUsfMXtuW,diet-1891,es-pea
i-3SZWVADXp26LoEUsfMXtuW,diet-1885,es-pea
i-3SZWVADXp26LoEUsfMXtuW,diet-1894,es-pea
i-3SZWVADXp26LoEUsfMXtuW,diet-1882,es-pea
i-3UZR8F4MDTpxope8ME8oS9,diet-1888,es-nob
i-3UZR8F4MDTpxope8ME8oS9,diet-1904,es-nob
i-3UZR8F4MDTpxope8ME8oS9,diet-1897,es-nob
i-3UZR8F4MDTpxope8ME8oS9,diet-1891,es-nob
i-3UZR8F4MDTpxope8ME8oS9,diet-1900,es-nob
i-3UZR8F4MDTpxope8ME8oS9,diet-1882,es-nob
i-3XKSNQXdti9jfHeuCR5iY4,diet-1899,es-nob
i-3XKSNQXdti9jfHeuCR5iY4,diet-1900,es-nob
i-3XKSNQXdti9jfHeuCR5iY4,diet-1904,es-nob
i-3XKSNQXdti9jfHeuCR5iY4,diet-1905,es-nob
i-3Yk43jdTxsejGwRJvyRtn9,diet-1904,es-cle
i-3Zr6LeVrErF9UF7ecwsP1e,diet-1905,es-cle
i-3ar8iPZ5CiM9KjHkxDUWKL,diet-1900,es-cle
i-3ar8iPZ5CiM9KjHkxDUWKL,diet-1899,es-cle
i-3ar8iPZ5CiM9KjHkxDUWKL,diet-1897,es-cle
i-3ar8iPZ5CiM9KjHkxDUWKL,diet-1894,es-cle
i-3ar8iPZ5CiM9KjHkxDUWKL,diet-1891,es-cle
i-3azMqGSRVZPNhg24uDkjHa,diet-1877,es-bou
i-3azMqGSRVZPNhg24uDkjHa,diet-1867,es-bou
i-3azMqGSRVZPNhg24uDkjHa,diet-1863,es-bou
i-3bvDg4jwac8mVz3EUo9zy2,diet-1863,es-pea
i-3c3mMnWvqzrTpJhtECSCRN,diet-1905,es-nob
i-3dVVhxTjBDNPtjwMKrwZ4S,diet-1905,es-pea
i-3hQah5EqNFdwtunyrvFwuo,diet-1897,es-bou
i-3jixTK21y3YVWx7rDjktd1,diet-porvoo,es-nob
i-3mroD8PP6BXregJQa4iQrM,diet-1888,es-nob
i-3nP1SqRS5aPNvyXZiEeovy,diet-1867,es-pea
i-3nP8YuTqeTAw5agRhk1szM,diet-1891,es-bou
i-3nP8YuTqeTAw5agRhk1szM,diet-1885,es-bou
i-3nP8YuTqeTAw5agRhk1szM,diet-1888,es-bou
i-3ocbkCaKGJxUE9PNm413LR,diet-porvoo,es-bou
i-3p1Nxw6gWRoVv2rt88vYC5,diet-porvoo,es-pea
i-3pBxWmein6Pp5EyVZ5sWeC,diet-1900,es-bou
i-3qQ2rqBSKFC1Nnf3bj8fKb,diet-1891,es-bou
i-3qQ2rqBSKFC1Nnf3bj8fKb,diet-1888,es-bou
i-3qQ2rqBSKFC1Nnf3bj8fKb,diet-1885,es-bou
i-3qQ2rqBSKFC1Nnf3bj8fKb,diet-1882,es-bou
i-3ruKQDiwNgNwV4WyQ1b7yv,diet-1863,es-cle
i-3so22gdMat8n2MaFav5XhX,diet-1882,es-bou
i-3unhb9g6v2qnZzyU7Qh1Vh,diet-porvoo,es-nob
i-3v2ZSphddKdKS1nPB6bQgG,diet-1894,es-nob
i-3v2ZSphddKdKS1nPB6bQgG,diet-1891,es-nob
i-3v3gbSH7mHSvBT2N9qxHtX,diet-1891,es-nob
i-3v3gbSH7mHSvBT2N9qxHtX,diet-1894,es-nob
i-3v3gbSH7mHSvBT2N9qxHtX,diet-1899,es-nob
i-3v3gbSH7mHSvBT2N9qxHtX,diet-1900,es-nob
i-3v3gbSH7mHSvBT2N9qxHtX,diet-1897,es-nob
i-3vKiENeoA3CspmdF15oiTu,diet-1905,es-bou
i-3vKiENeoA3CspmdF15oiTu,diet-1891,es-bou
i-3vKiENeoA3CspmdF15oiTu,diet-1894,es-bou
i-3vKiENeoA3CspmdF15oiTu,diet-1897,es-bou
i-3vKiENeoA3CspmdF15oiTu,diet-1899,es-bou
i-3vKiENeoA3CspmdF15oiTu,diet-1900,es-bou
i-3vKiENeoA3CspmdF15oiTu,diet-1904,es-bou
i-3vKiENeoA3CspmdF15oiTu,diet-1885,es-bou
i-3vKiENeoA3CspmdF15oiTu,diet-1888,es-bou
i-3vKiENeoA3CspmdF15oiTu,diet-1882,es-bou
i-3wbkcRH6vFcWFCrAj2yuYD,diet-1867,es-pea
i-3yL9ZeppZFT8EE4mKY6xtA,diet-1863,es-nob
i-3yL9ZeppZFT8EE4mKY6xtA,diet-1867,es-nob
i-3yL9ZeppZFT8EE4mKY6xtA,diet-1877,es-nob
i-3yRuVkrxYuHdk4Pt3aDdNL,diet-1863,es-pea
i-41d4zMw4hn2GPrzvCT2NuU,diet-1882,es-nob
i-42bbqgxbvyzVXTAmjYWYGz,diet-1882,es-pea
i-43CbwtzFU9fvE1ZC4NayXe,diet-1900,es-pea
i-43CbwtzFU9fvE1ZC4NayXe,diet-1899,es-pea
i-44XqmFJXMAvDCvwFoaKM3f,diet-1882,es-nob
i-44XqmFJXMAvDCvwFoaKM3f,diet-1894,es-nob
i-44XqmFJXMAvDCvwFoaKM3f,diet-1885,es-nob
i-44XqmFJXMAvDCvwFoaKM3f,diet-1888,es-nob
i-44XqmFJXMAvDCvwFoaKM3f,diet-1897,es-nob
i-44XqmFJXMAvDCvwFoaKM3f,diet-1891,es-nob
i-466ra1n3Tbh4r8eTuNGkPY,diet-1877,es-nob
i-474HvpA1ND4LbhnYkvxiwU,diet-1885,es-nob
i-474HvpA1ND4LbhnYkvxiwU,diet-1900,es-nob
i-474HvpA1ND4LbhnYkvxiwU,diet-1899,es-nob
i-474HvpA1ND4LbhnYkvxiwU,diet-1897,es-nob
i-474HvpA1ND4LbhnYkvxiwU,diet-1877,es-nob
i-48AqtYkQm7rn9USzASaSM8,diet-1867,es-nob
i-48AqtYkQm7rn9USzASaSM8,diet-1877,es-nob
i-48AqtYkQm7rn9USzASaSM8,diet-1863,es-nob
i-48YM2b9BJr2htyWEZfcwUL,diet-1905,es-nob
i-48YM2b9BJr2htyWEZfcwUL,diet-1900,es-nob
i-48YM2b9BJr2htyWEZfcwUL,diet-1885,es-nob
i-48YM2b9BJr2htyWEZfcwUL,diet-1899,es-nob
i-48bPgpGt4oMSMDPZWM69y8,diet-1882,es-pea
i-49NneHoz93DCgq2dzhP6Gn,diet-1867,es-bou
i-49ShqpNVqE9Mj1PyubtqSe,diet-1899,es-bou
i-49ShqpNVqE9Mj1PyubtqSe,diet-1900,es-bou
i-49ShqpNVqE9Mj1PyubtqSe,diet-1904,es-bou
i-49ShqpNVqE9Mj1PyubtqSe,diet-1897,es-bou
i-49wxrLYQpVUaP1HQGn1g3p,diet-1899,es-nob
i-49wxrLYQpVUaP1HQGn1g3p,diet-1894,es-nob
i-49wxrLYQpVUaP1HQGn1g3p,diet-1900,es-nob
i-49wxrLYQpVUaP1HQGn1g3p,diet-1905,es-nob
i-49wxrLYQpVUaP1HQGn1g3p,diet-1904,es-nob
i-4A9CR2nc4bk6QWfvH7vEuH,diet-porvoo,es-nob
i-4AGuGd38hf4KespK8MYj27,diet-1900,es-nob
i-4AGuGd38hf4KespK8MYj27,diet-1899,es-nob
i-4AGuGd38hf4KespK8MYj27,diet-1905,es-nob
i-4AGuGd38hf4KespK8MYj27,diet-1904,es-nob
i-4BwLroNj7rxcFTDmwY5kn2,diet-1900,es-pea
i-4BxrPp26pf8Z96Nxn6quS4,diet-1894,es-nob
i-4BxrPp26pf8Z96Nxn6quS4,diet-1891,es-nob
i-4BxrPp26pf8Z96Nxn6quS4,diet-1882,es-cle
i-4BxrPp26pf8Z96Nxn6quS4,diet-1885,es-nob
i-4BxrPp26pf8Z96Nxn6quS4,diet-1877,es-cle
i-4BxrPp26pf8Z96Nxn6quS4,diet-1900,es-nob
i-4CppSWoBCwEztjhtLaZxaR,diet-1867,es-pea
i-4EJpVLBVq7qJcHfe9xgeMh,diet-1905,es-pea
i-4EJpVLBVq7qJcHfe9xgeMh,diet-1904,es-pea
i-4EJpVLBVq7qJcHfe9xgeMh,diet-1900,es-pea
i-4EJpVLBVq7qJcHfe9xgeMh,diet-1899,es-pea
i-4EJpVLBVq7qJcHfe9xgeMh,diet-1897,es-pea
i-4EJpVLBVq7qJcHfe9xgeMh,diet-1894,es-pea
i-4EfZwZYPcDqVAtpcDCJzjM,diet-1904,es-pea
i-4EsxkwwngyfaYkKgEVEGwM,diet-1897,es-nob
i-4EsxkwwngyfaYkKgEVEGwM,diet-1899,es-nob
i-4GaPQPN9o2DtPJqk8V2RRe,diet-1882,es-nob
i-4GaPQPN9o2DtPJqk8V2RRe,diet-1897,es-nob
i-4GaPQPN9o2DtPJqk8V2RRe,diet-1894,es-nob
i-4GaPQPN9o2DtPJqk8V2RRe,diet-1891,es-nob
i-4GaPQPN9o2DtPJqk8V2RRe,diet-1888,es-nob
i-4GaPQPN9o2DtPJqk8V2RRe,diet-1877,es-nob
i-4GaPQPN9o2DtPJqk8V2RRe,diet-1867,es-nob
i-4GaPQPN9o2DtPJqk8V2RRe,diet-1885,es-nob
i-4GpKxxaDYPL8zTYnJ5qrTa,diet-1905,es-pea
i-4HmWYC5LwiRyMifTd63fj7,diet-1904,es-nob
i-4JLjd6bDZEbBMJYBuR7DMV,diet-1905,es-cle
i-4JaESVZ7PJrEMEm1tSderF,diet-1877,es-pea
i-4LUY2WFbrHNXdXqurbMDvB,diet-1863,es-pea
i-4QDeS1k11PYNpY3RaZBkBL,diet-1904,es-bou
i-4QdpXawiN5ExRxSEBRW6BN,diet-1867,es-cle
i-4QdpXawiN5ExRxSEBRW6BN,diet-1877,es-cle
i-4RJVSLcF3nMJU7eedc7PSH,diet-1894,es-nob
i-4RJVSLcF3nMJU7eedc7PSH,diet-1888,es-nob
i-4RJVSLcF3nMJU7eedc7PSH,diet-1897,es-nob
i-4RJVSLcF3nMJU7eedc7PSH,diet-1877,es-nob
i-4RJVSLcF3nMJU7eedc7PSH,diet-1882,es-nob
i-4RJVSLcF3nMJU7eedc7PSH,diet-1891,es-nob
i-4SBRhbBz611dxdnMCTF7zj,diet-1888,es-pea
i-4SBRhbBz611dxdnMCTF7zj,diet-1894,es-pea
i-4SWFcm9V5VnDnxkzpCaPXy,diet-1897,es-nob
i-4SWFcm9V5VnDnxkzpCaPXy,diet-1899,es-nob
i-4SWFcm9V5VnDnxkzpCaPXy,diet-1900,es-nob
i-4SZHDeG2hZDajPY4oRm8bV,diet-1904,es-nob
i-4SZHDeG2hZDajPY4oRm8bV,diet-1905,es-nob
i-4TRQBc1LrNtRR6LsG2cKFz,diet-1900,es-bou
i-4TRQBc1LrNtRR6LsG2cKFz,diet-1904,es-bou
i-4VDyKAbfGyk5dYP2hRbCWd,diet-1905,es-bou
i-4VKJZeErGTDM8EF8mkdp7N,diet-1888,es-pea
i-4VKJZeErGTDM8EF8mkdp7N,diet-1904,es-pea
i-4VKJZeErGTDM8EF8mkdp7N,diet-1905,es-pea
i-4VKJZeErGTDM8EF8mkdp7N,diet-1897,es-pea
i-4VKJZeErGTDM8EF8mkdp7N,diet-1894,es-pea
i-4VKJZeErGTDM8EF8mkdp7N,diet-1891,es-pea
i-4VKJZeErGTDM8EF8mkdp7N,diet-1885,es-pea
i-4VKJZeErGTDM8EF8mkdp7N,diet-1899,es-pea
i-4VKJZeErGTDM8EF8mkdp7N,diet-1867,es-pea
i-4VKJZeErGTDM8EF8mkdp7N,diet-1877,es-pea
i-4VKJZeErGTDM8EF8mkdp7N,diet-1900,es-pea
i-4X7F9gkd9knr8n7ZKuTEt9,diet-1877,es-nob
i-4X7F9gkd9knr8n7ZKuTEt9,diet-1867,es-nob
i-4Z2hKQhRddVgP2niaVrbm3,diet-1885,es-bou
i-4aGZ3L3M9xF4shrVymXs23,diet-1863,es-nob
i-4aPM48yGQ361iaSozbN2rM,diet-1897,es-bou
i-4aPM48yGQ361iaSozbN2rM,diet-1900,es-bou
i-4aPM48yGQ361iaSozbN2rM,diet-1905,es-bou
i-4aPM48yGQ361iaSozbN2rM,diet-1899,es-bou
i-4aPM48yGQ361iaSozbN2rM,diet-1894,es-bou
i-4bSe4pEDuXKFRxkZehKLfn,diet-1882,es-pea
i-4c3gEuiKHjvByF6d2r7pSQ,diet-porvoo,es-nob
i-4c9Asm14jsJHGA4VeKgxVc,diet-1894,es-nob
i-4c9Asm14jsJHGA4VeKgxVc,diet-1904,es-nob
i-4c9Asm14jsJHGA4VeKgxVc,diet-1905,es-nob
i-4c9Asm14jsJHGA4VeKgxVc,diet-1897,es-nob
i-4dMDRGTmPntuwcs7LN9WhR,diet-1905,es-bou
i-4dMDRGTmPntuwcs7LN9WhR,diet-1904,es-bou
i-4daXyaPb4SkVP2g2ReEmWL,diet-1899,es-nob
i-4daXyaPb4SkVP2g2ReEmWL,diet-1900,es-nob
i-4ewLb4CJJQuJNK5m3jCQ5a,diet-1863,es-cle
i-4hJfZcdKGCaVEoCZoUaDQz,diet-porvoo,es-bou
i-4jWtzjmGyp5knhYQSbBe7D,diet-1904,es-bou
i-4jWtzjmGyp5knhYQSbBe7D,diet-1905,es-bou
i-4kXkdxF3rVbxcCs8VoMdhA,diet-1905,es-pea
i-4pEgB7XfvwUQWFMZb17EBR,diet-1888,es-pea
i-4pEgB7XfvwUQWFMZb17EBR,diet-1882,es-pea
i-4pNngQyqmP5Kg5wWKeSy3V,diet-1863,es-bou
i-4prFPBEjPh1Dck1Z3hBCHK,diet-1894,es-bou
i-4qgpm6mYvkV4M6nEVsNkfh,diet-1888,es-nob
i-4quLjNLFHWHxz6QFw9C8bN,diet-porvoo,es-nob
i-4rABVLy3b8KBGeF9J7yYrp,diet-1888,es-pea
i-4rABVLy3b8KBGeF9J7yYrp,diet-1899,es-pea
i-4rABVLy3b8KBGeF9J7yYrp,diet-1891,es-pea
i-4rABVLy3b8KBGeF9J7yYrp,diet-1882,es-pea
i-4rABVLy3b8KBGeF9J7yYrp,diet-1904,es-pea
i-4rABVLy3b8KBGeF9J7yYrp,diet-1894,es-pea
i-4rABVLy3b8KBGeF9J7yYrp,diet-1897,es-pea
i-4rABVLy3b8KBGeF9J7yYrp,diet-1885,es-pea
i-4rABVLy3b8KBGeF9J7yYrp,diet-1900,es-pea
i-4roc5uHbzAkspAR4dugTxs,diet-1885,es-bou
i-4roc5uHbzAkspAR4dugTxs,diet-1882,es-bou
i-4roc5uHbzAkspAR4dugTxs,diet-1899,es-bou
i-4roc5uHbzAkspAR4dugTxs,diet-1888,es-bou
i-4roc5uHbzAkspAR4dugTxs,diet-1900,es-bou
i-4roc5uHbzAkspAR4dugTxs,diet-1891,es-bou
i-4tBRiwxoFnwzLd3TCQ26cB,diet-1863,es-pea
i-4uYMuK2CS64Vd4VXcM41TY,diet-1882,es-bou
i-4uYMuK2CS64Vd4VXcM41TY,diet-1891,es-bou
i-4vvviq517v7pCxu8qKbktJ,diet-1885,es-pea
i-4vvviq517v7pCxu8qKbktJ,diet-1863,es-pea
i-4vvviq517v7pCxu8qKbktJ,diet-1888,es-pea
i-4vvviq517v7pCxu8qKbktJ,diet-1891,es-pea
i-4vvviq517v7pCxu8qKbktJ,diet-1894,es-pea
i-4vvviq517v7pCxu8qKbktJ,diet-1882,es-pea
i-4w4SCjpMTsS82yHL1Xu8jJ,diet-1897,es-nob
i-4wkWiyCXSJJ4U9FizZzLhw,diet-1888,es-cle
i-4wkWiyCXSJJ4U9FizZzLhw,diet-1891,es-cle
i-4yJxJNJJ1BwQYoDiqLucKJ,diet-1885,es-nob
i-4yJxJNJJ1BwQYoDiqLucKJ,diet-1897,es-nob
i-4yJxJNJJ1BwQYoDiqLucKJ,diet-1867,es-nob
i-4yJxJNJJ1BwQYoDiqLucKJ,diet-1882,es-nob
i-4yJxJNJJ1BwQYoDiqLucKJ,diet-1863,es-nob
i-4yJxJNJJ1BwQYoDiqLucKJ,diet-1888,es-nob
i-4yJxJNJJ1BwQYoDiqLucKJ,diet-1891,es-nob
i-4yJxJNJJ1BwQYoDiqLucKJ,diet-1894,es-nob
i-4yJxJNJJ1BwQYoDiqLucKJ,diet-1877,es-nob
i-4yVsDwH7PWREgHakxAnZUW,diet-1891,es-bou
i-4yVsDwH7PWREgHakxAnZUW,diet-1894,es-bou
i-4yVsDwH7PWREgHakxAnZUW,diet-1899,es-bou
i-4yVsDwH7PWREgHakxAnZUW,diet-1888,es-bou
i-4yVsDwH7PWREgHakxAnZUW,diet-1885,es-bou
i-51zRZGqytYdTUQd2T7oRuC,diet-1904,es-nob
i-51zRZGqytYdTUQd2T7oRuC,diet-1899,es-nob
i-51zRZGqytYdTUQd2T7oRuC,diet-1894,es-nob
i-51zRZGqytYdTUQd2T7oRuC,diet-1905,es-nob
i-51zRZGqytYdTUQd2T7oRuC,diet-1900,es-nob
i-52AMUE3Zsum7wtpfzxbgfs,diet-1904,es-nob
i-52AMUE3Zsum7wtpfzxbgfs,diet-1897,es-nob
i-52AMUE3Zsum7wtpfzxbgfs,diet-1894,es-nob
i-52UApv4BWXTp4mFaodcLRw,diet-porvoo,es-nob
i-54BETv5DN8FvfS7nZGfZiw,diet-1897,es-bou
i-54BETv5DN8FvfS7nZGfZiw,diet-1891,es-bou
i-54BETv5DN8FvfS7nZGfZiw,diet-1899,es-bou
i-54BETv5DN8FvfS7nZGfZiw,diet-1900,es-bou
i-54BETv5DN8FvfS7nZGfZiw,diet-1894,es-bou
i-54SfkVromhfR9VDTNCqXJe,diet-1894,es-nob
i-54SfkVromhfR9VDTNCqXJe,diet-1867,es-nob
i-54SfkVromhfR9VDTNCqXJe,diet-1888,es-nob
i-54SfkVromhfR9VDTNCqXJe,diet-1877,es-nob
i-54SfkVromhfR9VDTNCqXJe,diet-1885,es-nob
i-54SfkVromhfR9VDTNCqXJe,diet-1882,es-nob
i-54pd7JegkLi7AJ9o4YTfQ2,diet-porvoo,es-pea
i-54r13ERSDzuTFF59pPjUaH,diet-1888,es-bou
i-54r13ERSDzuTFF59pPjUaH,diet-1885,es-bou
i-567gVPjPfpWGN2AoJtRfBW,diet-1904,es-bou
i-567gVPjPfpWGN2AoJtRfBW,diet-1905,es-bou
i-56qQA3iqYwQYgNMQ9bKbLo,diet-1885,es-nob
i-57ViD4iqKfXa8LCTZAUoCd,diet-1885,es-cle
i-57ViD4iqKfXa8LCTZAUoCd,diet-1888,es-cle
i-58p2yq1prpUmoBHrSj7Haf,diet-1899,es-cle
i-58p2yq1prpUmoBHrSj7Haf,diet-1900,es-cle
i-58p2yq1prpUmoBHrSj7Haf,diet-1897,es-cle
i-58p2yq1prpUmoBHrSj7Haf,diet-1894,es-cle
i-58p2yq1prpUmoBHrSj7Haf,diet-1905,es-cle
i-58p2yq1prpUmoBHrSj7Haf,diet-1904,es-cle
i-59ANsridheA6559gfvqb6H,diet-1867,es-cle
i-59t1pDS3froDd22WYonNXi,diet-1863,es-nob
i-59t1pDS3froDd22WYonNXi,diet-1882,es-nob
i-59t1pDS3froDd22WYonNXi,diet-1867,es-nob
i-5Bat5uesTmUGyXukdGyWYK,diet-1899,es-bou
i-5Bat5uesTmUGyXukdGyWYK,diet-1897,es-bou
i-5Bat5uesTmUGyXukdGyWYK,diet-1894,es-bou
i-5C3y3vPwK2g3nTViCkVpL4,diet-1904,es-cle
i-5C3y3vPwK2g3nTViCkVpL4,diet-1905,es-cle
i-5CEB5WKnuEP1HVhoKubDG8,diet-1891,es-nob
i-5CEB5WKnuEP1HVhoKubDG8,diet-1904,es-nob
i-5CEB5WKnuEP1HVhoKubDG8,diet-1885,es-nob
i-5CEB5WKnuEP1HVhoKubDG8,diet-1899,es-nob
i-5CfC1LDFZWPPXweSotWY4z,diet-1904,es-bou
i-5EWQY4MzankacfQX5u2dhf,diet-1899,es-nob
i-5EWQY4MzankacfQX5u2dhf,diet-1904,es-nob
i-5EWQY4MzankacfQX5u2dhf,diet-1905,es-nob
i-5EwiiZJg4fayJqXsvpUwen,diet-1894,es-pea
i-5EwiiZJg4fayJqXsvpUwen,diet-1900,es-pea
i-5EwiiZJg4fayJqXsvpUwen,diet-1885,es-pea
i-5EwiiZJg4fayJqXsvpUwen,diet-1897,es-pea
i-5EwiiZJg4fayJqXsvpUwen,diet-1891,es-pea
i-5EwiiZJg4fayJqXsvpUwen,diet-1888,es-pea
i-5F8eYxpSorqm3726pUDx7r,diet-1863,es-nob
i-5F8eYxpSorqm3726pUDx7r,diet-1877,es-nob
i-5FwsSwAvDRACpPTMoKfgoq,diet-porvoo,es-cle
i-5HQc6CAQGNSATTKMNeimw8,diet-1863,es-cle
i-5HpoQg2YEKJzerzk9nBsRS,diet-1894,es-nob
i-5JD6dgJt9dQKHWWoMp7Z8f,diet-1899,es-cle
i-5JD6dgJt9dQKHWWoMp7Z8f,diet-1900,es-cle
i-5Jviq3qghZ9LsVGzeKvrnJ,diet-1863,es-nob
i-5Kur5pRwoDYFaCowM5g3qa,diet-1905,es-nob
i-5Kur5pRwoDYFaCowM5g3qa,diet-1904,es-nob
i-5MPjVAbwqdX7wpyfj7xs8w,diet-1900,es-nob
i-5MPjVAbwqdX7wpyfj7xs8w,diet-1894,es-nob
i-5MPjVAbwqdX7wpyfj7xs8w,diet-1867,es-nob
i-5MPjVAbwqdX7wpyfj7xs8w,diet-1891,es-nob
i-5MPjVAbwqdX7wpyfj7xs8w,diet-1888,es-nob
i-5MPjVAbwqdX7wpyfj7xs8w,diet-1885,es-nob
i-5MPjVAbwqdX7wpyfj7xs8w,diet-1882,es-nob
i-5MPjVAbwqdX7wpyfj7xs8w,diet-1877,es-nob
i-5PcgiwA1qrtSSB6nygYn7e,diet-1894,es-bou
i-5PcgiwA1qrtSSB6nygYn7e,diet-1899,es-bou
i-5PcgiwA1qrtSSB6nygYn7e,diet-1900,es-bou
i-5Q2w5YAnQMjbk4mGw6uPBA,diet-1867,es-pea
i-5QyT7ZCgVopTZskW7iy7sW,diet-1904,es-bou
i-5RucDd1MZYJPEREpx2wcm7,diet-1899,es-nob
i-5T6AsSRhL77pTpiwR9N9i7,diet-1863,es-cle
i-5TGtkJ2B6PNt9Twh6nvAo7,diet-porvoo,es-nob
i-5TSspidDoU2K2pXp226J2p,diet-1882,es-bou
i-5TSspidDoU2K2pXp226J2p,diet-1885,es-bou
i-5TSspidDoU2K2pXp226J2p,diet-1888,es-bou
i-5TSspidDoU2K2pXp226J2p,diet-1891,es-bou
i-5TSspidDoU2K2pXp226J2p,diet-1894,es-bou
i-5UZXZE7AgBvtFPnfZi5mE1,diet-1882,es-nob
i-5UumNNakiL8LoP3LGakghw,diet-1905,es-nob
i-5UumNNakiL8LoP3LGakghw,diet-1904,es-nob
i-5WNBVxJAEr72Fm2qc4LFrJ,diet-porvoo,es-pea
i-5WuVXuwKbML14xudb51yD9,diet-1877,es-bou
i-5X1QYE5wSq1vbEbT9M6276,diet-1863,es-nob
i-5X1QYE5wSq1vbEbT9M6276,diet-1877,es-nob
i-5X1QYE5wSq1vbEbT9M6276,diet-1867,es-nob
i-5X1QYE5wSq1vbEbT9M6276,diet-1885,es-nob
i-5X1QYE5wSq1vbEbT9M6276,diet-1891,es-nob
i-5X1QYE5wSq1vbEbT9M6276,diet-1882,es-nob
i-5ahKMDRNdvdeMdezNrmgyx,diet-1897,es-pea
i-5ahKMDRNdvdeMdezNrmgyx,diet-1891,es-pea
i-5ahKMDRNdvdeMdezNrmgyx,diet-1888,es-pea
i-5chqYNa8CF7yt72TUGFTui,diet-1877,es-nob
i-5chqYNa8CF7yt72TUGFTui,diet-1867,es-nob
i-5dPrEEkSz1FYJNh3fKxGLP,diet-1905,es-bou
i-5eHaLb2EGdmTb7vsazDFDy,diet-1863,es-nob
i-5eNgUi2sAeHaoks6DnibL3,diet-1863,es-nob
i-5eevwT5GCkMCS1gcqgfZj7,diet-porvoo,es-nob
i-5g8WJnGMjg684X2dzwMr2J,diet-1904,es-bou
i-5g8WJnGMjg684X2dzwMr2J,diet-1885,es-bou
i-5g8WJnGMjg684X2dzwMr2J,diet-1891,es-bou
i-5g8WJnGMjg684X2dzwMr2J,diet-1897,es-bou
i-5g8WJnGMjg684X2dzwMr2J,diet-1905,es-bou
i-5g8WJnGMjg684X2dzwMr2J,diet-1900,es-bou
i-5g8WJnGMjg684X2dzwMr2J,diet-1899,es-bou
i-5jCKzdcZnraicuizSYLqn8,diet-1863,es-bou
i-5jV2htC8TMVgqFv2bZ6tQr,diet-1904,es-pea
i-5k9g3BpVLuXcY974wBrJ9i,diet-1882,es-bou
i-5kBUbZcc9W5nSQxVdQJc7R,diet-porvoo,es-nob
i-5mY11xX6ZMjUz2PaHbNRcE,diet-1877,es-pea
i-5mrB9FPRsk5QE1MSMJGM5v,diet-1894,es-cle
i-5mrB9FPRsk5QE1MSMJGM5v,diet-1897,es-cle
i-5mrB9FPRsk5QE1MSMJGM5v,diet-1888,es-cle
i-5mrB9FPRsk5QE1MSMJGM5v,diet-1891,es-cle
i-5mrB9FPRsk5QE1MSMJGM5v,diet-1904,es-cle
i-5mrB9FPRsk5QE1MSMJGM5v,diet-1899,es-cle
i-5mrB9FPRsk5QE1MSMJGM5v,diet-1905,es-cle
i-5mrB9FPRsk5QE1MSMJGM5v,diet-1900,es-cle
i-5p5n2oQzBFEtcLoN4697n7,diet-1904,es-bou
i-5r31KKuptPPS63eWzMAseL,diet-1867,es-bou
i-5sfdpqYSfApKoQTFVJRDdT,diet-1877,es-nob
i-5sfdpqYSfApKoQTFVJRDdT,diet-1885,es-nob
i-5usRxb8stk7Y8Qfk8UTRrM,diet-1905,es-pea
i-5usRxb8stk7Y8Qfk8UTRrM,diet-1894,es-pea
i-5usRxb8stk7Y8Qfk8UTRrM,diet-1885,es-pea
i-5usRxb8stk7Y8Qfk8UTRrM,diet-1891,es-pea
i-5usRxb8stk7Y8Qfk8UTRrM,diet-1888,es-pea
i-5wGgfoitFJgsHxGLJqKGy6,diet-1885,es-bou
i-5wGgfoitFJgsHxGLJqKGy6,diet-1882,es-bou
i-5wKk1hTdoAVXButE7JRL3D,diet-porvoo,es-nob
i-5wge6QMG7pAdkdDzz7CEBh,diet-1904,es-bou
i-5wge6QMG7pAdkdDzz7CEBh,diet-1905,es-bou
i-5x5MsqkbUXuBNqHADgKPVE,diet-1904,es-pea
i-61Jz1Z6FGtCX4vUxYn1Rwh,diet-1900,es-nob
i-61Jz1Z6FGtCX4vUxYn1Rwh,diet-1894,es-nob
i-61Jz1Z6FGtCX4vUxYn1Rwh,diet-1897,es-nob
i-62zYc11vmzdw6bHmhWj6xv,diet-1885,es-nob
i-62zYc11vmzdw6bHmhWj6xv,diet-1877,es-nob
i-62zYc11vmzdw6bHmhWj6xv,diet-1867,es-nob
i-62zYc11vmzdw6bHmhWj6xv,diet-1863,es-nob
i-63KqkF6arwqNKP67oDuFkp,diet-1888,es-bou
i-65PsEP61dd8KH7gyeVHWxs,diet-1877,es-cle
i-65SvLz3peJAS3GfKEa4Jst,diet-1905,es-bou
i-65m2FMYgRq819LH5pjixSR,diet-1899,es-nob
i-65m2FMYgRq819LH5pjixSR,diet-1905,es-nob
i-65m2FMYgRq819LH5pjixSR,diet-1900,es-nob
i-65m2FMYgRq819LH5pjixSR,diet-1904,es-nob
i-669G58xkbnpQCsVJmoyWfs,diet-1897,es-cle
i-669G58xkbnpQCsVJmoyWfs,diet-1899,es-cle
i-669G58xkbnpQCsVJmoyWfs,diet-1900,es-cle
i-669G58xkbnpQCsVJmoyWfs,diet-1904,es-cle
i-669G58xkbnpQCsVJmoyWfs,diet-1894,es-cle
i-669G58xkbnpQCsVJmoyWfs,diet-1905,es-cle
i-66ymQwCreeuuTbu7QJYwGA,diet-1877,es-bou
i-66ymQwCreeuuTbu7QJYwGA,diet-1882,es-bou
i-66ymQwCreeuuTbu7QJYwGA,diet-1885,es-bou
i-688qkpJ11dghzcz2Rj1Pdy,diet-1888,es-nob
i-69MYJUh7yg3VUNsWse5CGp,diet-1882,es-pea
i-6C4mGB67MVbR8ENmP4bBSw,diet-1905,es-nob
i-6CvfviQxrE8gzQpx2tTXw9,diet-1867,es-nob
i-6D2GsjXreTSdsxx3MhRbND,diet-1904,es-nob
i-6D2GsjXreTSdsxx3MhRbND,diet-1891,es-nob
i-6D2GsjXreTSdsxx3MhRbND,diet-1905,es-nob
i-6D2GsjXreTSdsxx3MhRbND,diet-1900,es-nob
i-6D2GsjXreTSdsxx3MhRbND,diet-1894,es-nob
i-6D2GsjXreTSdsxx3MhRbND,diet-1899,es-nob
i-6D2GsjXreTSdsxx3MhRbND,diet-1897,es-nob
i-6D2GsjXreTSdsxx3MhRbND,diet-1885,es-nob
i-6DQ2gWnq9MWyAb4m57Z2yL,diet-1900,es-bou
i-6DuVyuC7kS7QorVNngNDKr,diet-1863,es-bou
i-6FmesMshK9tPHWFPZiuwp4,diet-1905,es-bou
i-6FmesMshK9tPHWFPZiuwp4,diet-1904,es-bou
i-6FpU4tS1g54mE21oZxEp2a,diet-1900,es-pea
i-6FpU4tS1g54mE21oZxEp2a,diet-1899,es-pea
i-6FpU4tS1g54mE21oZxEp2a,diet-1897,es-pea
i-6FpU4tS1g54mE21oZxEp2a,diet-1894,es-pea
i-6G56mBx8y9Bfr5Rh3Rq66j,diet-1882,es-nob
i-6G56mBx8y9Bfr5Rh3Rq66j,diet-1877,es-nob
i-6G56mBx8y9Bfr5Rh3Rq66j,diet-1891,es-nob
i-6G9DjpxbMbfYHpZqppkoPx,diet-1897,es-bou
i-6G9DjpxbMbfYHpZqppkoPx,diet-1899,es-bou
i-6G9DjpxbMbfYHpZqppkoPx,diet-1900,es-bou
i-6GNwMk6f9pw7tuuwdRfG1j,diet-1867,es-nob
i-6GNwMk6f9pw7tuuwdRfG1j,diet-1877,es-nob
i-6GNwMk6f9pw7tuuwdRfG1j,diet-1882,es-nob
i-6JMZzaoy2STkFfwYc6v1gJ,diet-1897,es-bou
i-6JMZzaoy2STkFfwYc6v1gJ,diet-1899,es-bou
i-6JMZzaoy2STkFfwYc6v1gJ,diet-1900,es-bou
i-6JMZzaoy2STkFfwYc6v1gJ,diet-1894,es-bou
i-6Jfe7SU8pTvVo7bFTk3ybs,diet-1863,es-pea
i-6JybuhLJX5Qmzhe4hT7PER,diet-1900,es-bou
i-6JybuhLJX5Qmzhe4hT7PER,diet-1882,es-bou
i-6JybuhLJX5Qmzhe4hT7PER,diet-1891,es-bou
i-6JybuhLJX5Qmzhe4hT7PER,diet-1894,es-bou
i-6JybuhLJX5Qmzhe4hT7PER,diet-1899,es-bou
i-6LsjDJLouE7qk6Fkq8dG5i,diet-1891,es-bou
i-6LsjDJLouE7qk6Fkq8dG5i,diet-1894,es-bou
i-6M2yxGPyaMkNbCjQXWFxZC,diet-porvoo,es-pea
i-6QaodWBmrEpquzk5z6vnMq,diet-1897,es-nob
i-6QaodWBmrEpquzk5z6vnMq,diet-1891,es-nob
i-6QaodWBmrEpquzk5z6vnMq,diet-1905,es-nob
i-6RRNWfsAtFAXWdUseP8L1A,diet-1905,es-cle
i-6RRNWfsAtFAXWdUseP8L1A,diet-1904,es-cle
i-6Rx4DzZ1HhADPNH7Dp7Wbj,diet-porvoo,es-nob
i-6SJ36VSykGCui6DgBkXMAq,diet-1877,es-nob
i-6SJ36VSykGCui6DgBkXMAq,diet-1885,es-nob
i-6SJ36VSykGCui6DgBkXMAq,diet-1882,es-nob
i-6SJ36VSykGCui6DgBkXMAq,diet-1867,es-nob
i-6TCZkDoXEcR3Vy4Jn85179,diet-1863,es-pea
i-6VyAJEjFPGqiGUkstGADAg,diet-1904,es-nob
i-6VyAJEjFPGqiGUkstGADAg,diet-1905,es-nob
i-6a435wsx4cWSjxtKhsztTp,diet-porvoo,es-nob
i-6bLoZWCJmwV4MoZ8ZV4ner,diet-1888,es-nob
i-6bp2LCwyEMQVzYLoeWF2Bh,diet-1897,es-pea
i-6brmcd3QS7d2LaCGMdAQFt,diet-1905,es-nob
i-6brmcd3QS7d2LaCGMdAQFt,diet-1899,es-nob
i-6brmcd3QS7d2LaCGMdAQFt,diet-1894,es-nob
i-6cJ9tYpD4rnGXjRHqAXMfk,diet-porvoo,es-nob
i-6cVKRtrRY14WZnaUYWPh2Z,diet-1904,es-cle
i-6cWDpivCCHx8nsC26q3ZfQ,diet-1867,es-nob
i-6cWDpivCCHx8nsC26q3ZfQ,diet-1885,es-nob
i-6cWDpivCCHx8nsC26q3ZfQ,diet-1877,es-nob
i-6cguaohonQAAXcVFakM5g1,diet-1867,es-nob
i-6cguaohonQAAXcVFakM5g1,diet-1863,es-nob
i-6eNAyWqvwVhwshqVaFpBzh,diet-1882,es-cle
i-6f9w8zr5djLvQDUEsC1Hgm,diet-1897,es-nob
i-6f9w8zr5djLvQDUEsC1Hgm,diet-1900,es-nob
i-6fQyo3ybLpsQGfLE4vh9wB,diet-1877,es-nob
i-6fQyo3ybLpsQGfLE4vh9wB,diet-1882,es-nob
i-6hEw8csrknSfpmAmqBBvBK,diet-1867,es-pea
i-6iTPdkYY4AY8UDvNKyak3d,diet-1894,es-pea
i-6j68VR9CvfoQrbnp2hkgQP,diet-1863,es-bou
i-6mPTi6W3Yx2xNN2gsPwhPU,diet-porvoo,es-pea
i-6qhz6MNjaSJf4k4yzP7rko,diet-1904,es-nob
i-6qhz6MNjaSJf4k4yzP7rko,diet-1905,es-nob
i-6rnaskjzpKMmf1BKqf1dSH,diet-1905,es-bou
i-6s9yv9SowA7sBkJvmExQWV,diet-1905,es-cle
i-6suuzHSQU6bgefM53wxoHs,diet-1894,es-pea
i-6suuzHSQU6bgefM53wxoHs,diet-1877,es-pea
i-6suuzHSQU6bgefM53wxoHs,diet-1897,es-pea
i-6suuzHSQU6bgefM53wxoHs,diet-1888,es-pea
i-6suuzHSQU6bgefM53wxoHs,diet-1882,es-pea
i-6suuzHSQU6bgefM53wxoHs,diet-1867,es-pea
i-6suuzHSQU6bgefM53wxoHs,diet-1899,es-pea
i-6uBc5itfkvswdCxwfNnXyC,diet-1905,es-cle
i-6uGv5Py1DwPoEDrATVCYHQ,diet-1882,es-pea
i-6uGv5Py1DwPoEDrATVCYHQ,diet-1900,es-pea
i-6uGv5Py1DwPoEDrATVCYHQ,diet-1899,es-pea
i-6uGv5Py1DwPoEDrATVCYHQ,diet-1897,es-pea
i-6uGv5Py1DwPoEDrATVCYHQ,diet-1894,es-pea
i-6uGv5Py1DwPoEDrATVCYHQ,diet-1891,es-pea
i-6uGv5Py1DwPoEDrATVCYHQ,diet-1888,es-pea
i-6uGv5Py1DwPoEDrATVCYHQ,diet-1885,es-pea
i-6uejJqDBJbUVFdJWmQS9Sw,diet-1863,es-cle
i-6w8r6hg5F7TLkSZb8KcURb,diet-1905,es-pea
i-6wcYti4M8dnHXbFDVXC9t9,diet-1905,es-nob
i-6wcYti4M8dnHXbFDVXC9t9,diet-1904,es-nob
i-6wcYti4M8dnHXbFDVXC9t9,diet-1900,es-nob
i-6wx4tZs3L9ZDfftTDUg18n,diet-1877,es-nob
i-6wx4tZs3L9ZDfftTDUg18n,diet-1882,es-nob
i-6wx4tZs3L9ZDfftTDUg18n,diet-1905,es-nob
i-6wx4tZs3L9ZDfftTDUg18n,diet-1900,es-nob
i-6wx4tZs3L9ZDfftTDUg18n,diet-1894,es-nob
i-6wx4tZs3L9ZDfftTDUg18n,diet-1888,es-nob
i-6wx4tZs3L9ZDfftTDUg18n,diet-1885,es-nob
i-6wx4tZs3L9ZDfftTDUg18n,diet-1897,es-nob
i-73c2jZTBUrw8zLaqiXUvcc,diet-1877,es-nob
i-73dFa8UGNCPz6EYcxu2835,diet-1891,es-nob
i-73dFa8UGNCPz6EYcxu2835,diet-1867,es-nob
i-73dFa8UGNCPz6EYcxu2835,diet-1877,es-nob
i-73dFa8UGNCPz6EYcxu2835,diet-1882,es-nob
i-73dFa8UGNCPz6EYcxu2835,diet-1885,es-nob
i-73dFa8UGNCPz6EYcxu2835,diet-1894,es-nob
i-75hgaLaGFamv4aEJpbukm5,diet-porvoo,es-nob
i-75pSkRZ6BxTGmjSBdZULLB,diet-porvoo,es-nob
i-75wZSbCtyaBEnWFzkpyG6b,diet-1863,es-nob
i-761jFp8QFs1K22nsTyPrT4,diet-1897,es-pea
i-761jFp8QFs1K22nsTyPrT4,diet-1899,es-pea
i-761jFp8QFs1K22nsTyPrT4,diet-1891,es-pea
i-761jFp8QFs1K22nsTyPrT4,diet-1904,es-pea
i-761jFp8QFs1K22nsTyPrT4,diet-1905,es-pea
i-761jFp8QFs1K22nsTyPrT4,diet-1894,es-pea
i-761jFp8QFs1K22nsTyPrT4,diet-1900,es-pea
i-762s2i38qoq51A37VdxZFK,diet-1888,es-bou
i-76wvRLqhqAr39bzB2aNLry,diet-1900,es-cle
i-76wvRLqhqAr39bzB2aNLry,diet-1894,es-cle
i-76wvRLqhqAr39bzB2aNLry,diet-1899,es-cle
i-76wvRLqhqAr39bzB2aNLry,diet-1904,es-cle
i-76wvRLqhqAr39bzB2aNLry,diet-1905,es-cle
i-7C59zrm2TZmNPtyGrwq2NH,diet-1867,es-nob
i-7C59zrm2TZmNPtyGrwq2NH,diet-1863,es-nob
i-7F4xdWsmn5h2gsuep9xE2v,diet-1894,es-pea
i-7F4xdWsmn5h2gsuep9xE2v,diet-1897,es-pea
i-7F4xdWsmn5h2gsuep9xE2v,diet-1885,es-pea
i-7F4xdWsmn5h2gsuep9xE2v,diet-1877,es-pea
i-7F4xdWsmn5h2gsuep9xE2v,diet-1888,es-pea
i-7F4xdWsmn5h2gsuep9xE2v,diet-1899,es-pea
i-7F4xdWsmn5h2gsuep9xE2v,diet-1904,es-pea
i-7Fgy1eMvbaMXrGoDJTECv5,diet-1894,es-nob
i-7Fgy1eMvbaMXrGoDJTECv5,diet-1891,es-nob
i-7Fgy1eMvbaMXrGoDJTECv5,diet-1888,es-nob
i-7Fgy1eMvbaMXrGoDJTECv5,diet-1885,es-nob
i-7Fgy1eMvbaMXrGoDJTECv5,diet-1882,es-nob
i-7Fgy1eMvbaMXrGoDJTECv5,diet-1877,es-nob
i-7Fgy1eMvbaMXrGoDJTECv5,diet-1867,es-nob
i-7FxWCGCiKk7Yh2rkLEFLWs,diet-porvoo,es-nob
i-7JJadmn45jdfgAdP5VFGAs,diet-1882,es-pea
i-7JJadmn45jdfgAdP5VFGAs,diet-1867,es-pea
i-7K1R7onuVdgtGFopJAhfsE,diet-1877,es-pea
i-7KrXmr4tdja7Jebn558nct,diet-1897,es-pea
i-7KxQWYRijD5jxcyYeme3uf,diet-1905,es-bou
i-7KxQWYRijD5jxcyYeme3uf,diet-1900,es-bou
i-7KxQWYRijD5jxcyYeme3uf,diet-1891,es-bou
i-7KxQWYRijD5jxcyYeme3uf,diet-1882,es-bou
i-7KxQWYRijD5jxcyYeme3uf,diet-1888,es-bou
i-7KxQWYRijD5jxcyYeme3uf,diet-1904,es-bou
i-7KxQWYRijD5jxcyYeme3uf,diet-1894,es-bou
i-7KxQWYRijD5jxcyYeme3uf,diet-1899,es-bou
i-7KxQWYRijD5jxcyYeme3uf,diet-1897,es-bou
i-7LoVr293hXMohtVqM8oqWd,diet-porvoo,es-nob
i-7MRs7cG8FJFsYgLLz5KXpv,diet-1897,es-pea
i-7Mf1FukvWxDMPMyr22NKEd,diet-1885,es-nob
i-7PQtvWecq1Ua58ZFrCtdTC,diet-1863,es-bou
i-7QMm6kT5xukuSszLwj596w,diet-1863,es-nob
i-7QPrpvHfP6MLkqYeqHy5Gv,diet-1891,es-cle
i-7RZX2rBfyVw8kirWSuwLb2,diet-1897,es-nob
i-7RZX2rBfyVw8kirWSuwLb2,diet-1894,es-nob
i-7SPzgxv8ewS5Hc1tGVg42M,diet-1863,es-bou
i-7SQ3hodNG3Z6hKJE5kVA7k,diet-1897,es-nob
i-7SQ3hodNG3Z6hKJE5kVA7k,diet-1905,es-nob
i-7SQ3hodNG3Z6hKJE5kVA7k,diet-1891,es-nob
i-7SQ3hodNG3Z6hKJE5kVA7k,diet-1894,es-nob
i-7Su6x7tWfCt4Pzqof8GtE8,diet-1888,es-nob
i-7V9fMve5YNDUZciwzHQxXy,diet-1863,es-nob
i-7V9fMve5YNDUZciwzHQxXy,diet-1867,es-nob
i-7WDqJ36fmBcNsdEcPvvoFQ,diet-1904,es-bou
i-7WDqJ36fmBcNsdEcPvvoFQ,diet-1905,es-bou
i-7WN4oA9QrB6HTtmiqA8Wao,diet-1905,es-nob
i-7WN4oA9QrB6HTtmiqA8Wao,diet-1900,es-nob
i-7WN4oA9QrB6HTtmiqA8Wao,diet-1899,es-nob
i-7WN4oA9QrB6HTtmiqA8Wao,diet-1891,es-nob
i-7WN4oA9QrB6HTtmiqA8Wao,diet-1894,es-nob
i-7WN4oA9QrB6HTtmiqA8Wao,diet-1897,es-nob
i-7Wbnu64RFrVsQS3wmgmxW5,diet-1867,es-pea
i-7Xx35fG1eDWsJEU7FNDwuj,diet-1888,es-nob
i-7Zm9aeNVo34bpWApDSSkmX,diet-1899,es-nob
i-7Zm9aeNVo34bpWApDSSkmX,diet-1894,es-nob
i-7Zm9aeNVo34bpWApDSSkmX,diet-1891,es-nob
i-7Zm9aeNVo34bpWApDSSkmX,diet-1900,es-nob
i-7Zm9aeNVo34bpWApDSSkmX,diet-1897,es-nob
i-7Zm9aeNVo34bpWApDSSkmX,diet-1904,es-nob
i-7Zm9aeNVo34bpWApDSSkmX,diet-1905,es-nob
i-7ayx42GEfCQ4FXf5XqnXHe,diet-1904,es-nob
i-7ayx42GEfCQ4FXf5XqnXHe,diet-1905,es-nob
i-7ayx42GEfCQ4FXf5XqnXHe,diet-1897,es-nob
i-7ayx42GEfCQ4FXf5XqnXHe,diet-1894,es-nob
i-7ayx42GEfCQ4FXf5XqnXHe,diet-1900,es-nob
i-7bYbzEpoHYojLQLfN2b2aa,diet-1877,es-pea
i-7cbszYFhoGcqA6j9sAaTGK,diet-1900,es-nob
i-7gtxYc7PAsEZ3WK26gsMQF,diet-1867,es-nob
i-7gtxYc7PAsEZ3WK26gsMQF,diet-1863,es-nob
i-7gtxYc7PAsEZ3WK26gsMQF,diet-1877,es-nob
i-7jG8J9g1qE4EVZqJqnye6C,diet-1888,es-nob
i-7jLpb1DTcomASwUADLnGHQ,diet-1882,es-bou
i-7jLpb1DTcomASwUADLnGHQ,diet-1877,es-bou
i-7jLpb1DTcomASwUADLnGHQ,diet-1885,es-bou
i-7jLpb1DTcomASwUADLnGHQ,diet-1899,es-nob
i-7jLpb1DTcomASwUADLnGHQ,diet-1900,es-nob
i-7jLpb1DTcomASwUADLnGHQ,diet-1888,es-bou
i-7jLpb1DTcomASwUADLnGHQ,diet-1897,es-nob
i-7mVSinwDyPtE8zhFEJep7x,diet-1899,es-nob
i-7mVSinwDyPtE8zhFEJep7x,diet-1894,es-nob
i-7nQwnFEu5Yk3kSApPefrFA,diet-1905,es-cle
i-7okXPeRPnEwup3QASuUY9C,diet-1900,es-pea
i-7opW91xqgWY1nubmyDoMYU,diet-1904,es-pea
i-7pPnGhosJBATKgUE3yEKM6,diet-1905,es-pea
i-7pvtgkYBj65JtBKz3rwe8c,diet-porvoo,es-bou
i-7qwG4w9itd5BWSXBibBhxa,diet-1905,es-pea
i-7r2DHZ8fkniPeRQbBRGNbv,diet-1900,es-bou
i-7r2DHZ8fkniPeRQbBRGNbv,diet-1905,es-bou
i-7r2DHZ8fkniPeRQbBRGNbv,diet-1897,es-bou
i-7r2DHZ8fkniPeRQbBRGNbv,diet-1899,es-bou
i-7r2DHZ8fkniPeRQbBRGNbv,diet-1894,es-bou
i-7r77TsZ9KwmhJExgnCC3ao,diet-1885,es-pea
i-7r77TsZ9KwmhJExgnCC3ao,diet-1888,es-pea
i-7r77TsZ9KwmhJExgnCC3ao,diet-1899,es-pea
i-7r77TsZ9KwmhJExgnCC3ao,diet-1900,es-pea
i-7r77TsZ9KwmhJExgnCC3ao,diet-1897,es-pea
i-7r77TsZ9KwmhJExgnCC3ao,diet-1894,es-pea
i-7r77TsZ9KwmhJExgnCC3ao,diet-1904,es-pea
i-7rB9HBMPLd2PwDYtZ2ti9E,diet-1877,es-pea
i-7rB9HBMPLd2PwDYtZ2ti9E,diet-1867,es-pea
i-7sNfEShKSv93FkVwjokJFc,diet-1905,es-pea
i-7sNfEShKSv93FkVwjokJFc,diet-1904,es-pea
i-7sU3EJAqpGLKEaXLxNtHt4,diet-porvoo,es-nob
i-7suAnQ1yk1z5uZ9tjGZ7cu,diet-1891,es-cle
i-7tBzcdop95Z1XrJKrUj55e,diet-1899,es-pea
i-7tBzcdop95Z1XrJKrUj55e,diet-1904,es-pea
i-7tpmaTpqfQz64F9tV4rJwK,diet-1891,es-nob
i-7txY9TGxvA9452DMrBpy15,diet-1882,es-bou
i-7uMXAQGFUobfV6rguMPypw,diet-1867,es-bou
i-7uhhayYnnRhw5eHnoRhghn,diet-1891,es-cle
i-7uhhayYnnRhw5eHnoRhghn,diet-1899,es-cle
i-7uhhayYnnRhw5eHnoRhghn,diet-1900,es-cle
i-7vAC7C5Kk5aWg5YhiSZpDB,diet-1867,es-bou
i-7x5gXVj79xJqm8cJn4jspv,diet-1897,es-cle
i-7x5gXVj79xJqm8cJn4jspv,diet-1899,es-cle
i-7x5gXVj79xJqm8cJn4jspv,diet-1891,es-cle
i-7x5gXVj79xJqm8cJn4jspv,diet-1894,es-cle
i-7x5gXVj79xJqm8cJn4jspv,diet-1904,es-cle
i-7x5gXVj79xJqm8cJn4jspv,diet-1900,es-cle
i-7xojrwYzrjfB1sGMS95KXK,diet-1867,es-nob
i-7xojrwYzrjfB1sGMS95KXK,diet-1877,es-nob
i-7xojrwYzrjfB1sGMS95KXK,diet-1863,es-nob
i-7yK1RckJEeJLB92G95c3Gp,diet-1891,es-bou
i-7yK1RckJEeJLB92G95c3Gp,diet-1897,es-bou
i-7yK1RckJEeJLB92G95c3Gp,diet-1899,es-bou
i-7yK1RckJEeJLB92G95c3Gp,diet-1900,es-bou
i-7yK1RckJEeJLB92G95c3Gp,diet-1888,es-bou
i-7yLhYQui5h64ArrLmA5HiH,diet-porvoo,es-bou
i-7zrSCjdsCXYncQRKdZRTxq,diet-1888,es-bou
i-81Zkpqx4nbx5hBdZktoW1S,diet-1882,es-cle
i-81Zkpqx4nbx5hBdZktoW1S,diet-1877,es-cle
i-81mG7n9PvEMxCHFBNzHxss,diet-porvoo,es-pea
i-82D95bTd5ouR2R7mb688Ah,diet-1894,es-bou
i-83D8FaELLM87Hz9Bt9o7ZD,diet-1888,es-nob
i-841LACBsbRyzoAKcfc9o5p,diet-1877,es-cle
i-88G2sF2D3mAUmxa3DguhUn,diet-1877,es-pea
i-88G2sF2D3mAUmxa3DguhUn,diet-1882,es-pea
i-88mbe5FKDz8YjRfmAVcP1u,diet-1900,es-nob
i-88xomuoxptTm5PMhHSyv7n,diet-1897,es-cle
i-88xomuoxptTm5PMhHSyv7n,diet-1899,es-cle
i-893yjQTkC3raezZozvP5nd,diet-1897,es-nob
i-893yjQTkC3raezZozvP5nd,diet-1882,es-nob
i-893yjQTkC3raezZozvP5nd,diet-1899,es-nob
i-893yjQTkC3raezZozvP5nd,diet-1885,es-nob
i-893yjQTkC3raezZozvP5nd,diet-1905,es-nob
i-893yjQTkC3raezZozvP5nd,diet-1900,es-nob
i-893yjQTkC3raezZozvP5nd,diet-1904,es-nob
i-89jFrq7FjBEeRhr9LtLkMw,diet-1891,es-cle
i-89jFrq7FjBEeRhr9LtLkMw,diet-1882,es-cle
i-89jFrq7FjBEeRhr9LtLkMw,diet-1877,es-cle
i-8Aw9hmkGUr4yviJqVZp1KP,diet-1877,es-nob
i-8Aw9hmkGUr4yviJqVZp1KP,diet-1882,es-nob
i-8Aw9hmkGUr4yviJqVZp1KP,diet-1888,es-nob
i-8Aw9hmkGUr4yviJqVZp1KP,diet-1867,es-nob
i-8Aw9hmkGUr4yviJqVZp1KP,diet-1891,es-nob
i-8Aw9hmkGUr4yviJqVZp1KP,diet-1863,es-nob
i-8Aw9hmkGUr4yviJqVZp1KP,diet-1885,es-nob
i-8CWDYcThFfzGbqmvH1qv7L,diet-1888,es-pea
i-8E6upeFa6s7X6k7Za6dQbj,diet-1905,es-nob
i-8E6upeFa6s7X6k7Za6dQbj,diet-1900,es-nob
i-8E6upeFa6s7X6k7Za6dQbj,diet-1899,es-nob
i-8E6upeFa6s7X6k7Za6dQbj,diet-1897,es-nob
i-8E6upeFa6s7X6k7Za6dQbj,diet-1904,es-nob
i-8E6upeFa6s7X6k7Za6dQbj,diet-1894,es-nob
i-8E6upeFa6s7X6k7Za6dQbj,diet-1885,es-nob
i-8F6yZ5fv4PsFNEJFKjgVJt,diet-1863,es-pea
i-8GeeAGsycDjjsoq9W6d6Tc,diet-1891,es-cle
i-8GeeAGsycDjjsoq9W6d6Tc,diet-1905,es-cle
i-8GeeAGsycDjjsoq9W6d6Tc,diet-1900,es-cle
i-8GeeAGsycDjjsoq9W6d6Tc,diet-1899,es-cle
i-8GeeAGsycDjjsoq9W6d6Tc,diet-1904,es-cle
i-8GeeAGsycDjjsoq9W6d6Tc,diet-1897,es-cle
i-8GeeAGsycDjjsoq9W6d6Tc,diet-1894,es-cle
i-8HZR2NvisVWTPQB7xrK1DU,diet-1863,es-nob
i-8JRHeBzG9FhLBAfHWFdMKQ,diet-1877,es-nob
i-8JRHeBzG9FhLBAfHWFdMKQ,diet-1888,es-nob
i-8JRHeBzG9FhLBAfHWFdMKQ,diet-1882,es-nob
i-8JRHeBzG9FhLBAfHWFdMKQ,diet-1885,es-nob
i-8KUwA5NWBtL5TRcnFSuPTv,diet-1900,es-cle
i-8KUwA5NWBtL5TRcnFSuPTv,diet-1899,es-cle
i-8L8ihSMPg33RVce6ZrdeRn,diet-1888,es-pea
i-8LkpMrYhYHUCw7RiiDKYqY,diet-porvoo,es-bou
i-8MKgbaiETPMa7snAa5atfp,diet-1888,es-nob
i-8MTQrw9VruuDfFMpCcRgfk,diet-1894,es-nob
i-8MTQrw9VruuDfFMpCcRgfk,diet-1891,es-nob
i-8MTQrw9VruuDfFMpCcRgfk,diet-1877,es-nob
i-8MTQrw9VruuDfFMpCcRgfk,diet-1899,es-nob
i-8MwNLaJBXu8nAdT6Gqr8nk,diet-1863,es-nob
i-8MwNLaJBXu8nAdT6Gqr8nk,diet-1888,es-nob
i-8MwNLaJBXu8nAdT6Gqr8nk,diet-1885,es-nob
i-8MwNLaJBXu8nAdT6Gqr8nk,diet-1867,es-nob
i-8NLUfeFi4f6dm4dhXM28Dc,diet-porvoo,es-nob
i-8NNRe1LusyHkG6BDLBZ7Lw,diet-1888,es-nob
i-8Nqw1ci2HJgHqGKyao4gz6,diet-1900,es-pea
i-8Nqw1ci2HJgHqGKyao4gz6,diet-1899,es-pea
i-8Nqw1ci2HJgHqGKyao4gz6,diet-1897,es-pea
i-8Nqw1ci2HJgHqGKyao4gz6,diet-1904,es-pea
i-8Nqw1ci2HJgHqGKyao4gz6,diet-1905,es-pea
i-8Nqw1ci2HJgHqGKyao4gz6,diet-1894,es-pea
i-8QS8NxWXnYbGNGay7eWUi3,diet-1904,es-nob
i-8QS8NxWXnYbGNGay7eWUi3,diet-1888,es-nob
i-8QS8NxWXnYbGNGay7eWUi3,diet-1905,es-nob
i-8QS8NxWXnYbGNGay7eWUi3,diet-1897,es-nob
i-8QS8NxWXnYbGNGay7eWUi3,diet-1899,es-nob
i-8QS8NxWXnYbGNGay7eWUi3,diet-1894,es-nob
i-8QS8NxWXnYbGNGay7eWUi3,diet-1891,es-nob
i-8QS8NxWXnYbGNGay7eWUi3,diet-1885,es-nob
i-8QS8NxWXnYbGNGay7eWUi3,diet-1900,es-nob
i-8QYakWUV2VeaBeSr6opb8f,diet-1900,es-nob
i-8QYakWUV2VeaBeSr6opb8f,diet-1897,es-nob
i-8QYakWUV2VeaBeSr6opb8f,diet-1894,es-nob
i-8QYakWUV2VeaBeSr6opb8f,diet-1888,es-nob
i-8QYakWUV2VeaBeSr6opb8f,diet-1899,es-nob
i-8QYakWUV2VeaBeSr6opb8f,diet-1905,es-nob
i-8QYakWUV2VeaBeSr6opb8f,diet-1904,es-nob
i-8R39Rs6JwoiEqL1LjiujJ,diet-1877,es-nob
i-8TL8oDdwcv5Rfdi8UttB5v,diet-1888,es-bou
i-8VQqnGNtyopdxzqJosYc5d,diet-1885,es-nob
i-8WEAdEX6W6PSz4dVAB2q1x,diet-1900,es-nob
i-8WEAdEX6W6PSz4dVAB2q1x,diet-1899,es-nob
i-8WEAdEX6W6PSz4dVAB2q1x,diet-1897,es-nob
i-8WEAdEX6W6PSz4dVAB2q1x,diet-1894,es-nob
i-8WEAdEX6W6PSz4dVAB2q1x,diet-1891,es-nob
i-8WEAdEX6W6PSz4dVAB2q1x,diet-1877,es-nob
i-8WEAdEX6W6PSz4dVAB2q1x,diet-1888,es-nob
i-8WEAdEX6W6PSz4dVAB2q1x,diet-1882,es-nob
i-8WEAdEX6W6PSz4dVAB2q1x,diet-1885,es-nob
i-8X1nwKUPMKMGEhCaJ33P2G,diet-1882,es-pea
i-8XNxnftYHEi8sGEojxrwPD,diet-1905,es-nob
i-8XNxnftYHEi8sGEojxrwPD,diet-1904,es-nob
i-8XNxnftYHEi8sGEojxrwPD,diet-1897,es-nob
i-8XNxnftYHEi8sGEojxrwPD,diet-1899,es-nob
i-8XNxnftYHEi8sGEojxrwPD,diet-1894,es-nob
i-8XNxnftYHEi8sGEojxrwPD,diet-1891,es-nob
i-8YeEziuDQVwm1GvFzc77Wq,diet-1867,es-pea
i-8c2MfRHZBR9TdrUpFoRdqL,diet-1863,es-nob
i-8ddXP3QtPr69f6uYhVcJDQ,diet-porvoo,es-pea
i-8eQY6NvFD14t75dYaVoyx,diet-1899,es-pea
i-8eiri4PHVg6DyL9rvPpUig,diet-1894,es-nob
i-8eiri4PHVg6DyL9rvPpUig,diet-1897,es-nob
i-8eiri4PHVg6DyL9rvPpUig,diet-1891,es-nob
i-8eiri4PHVg6DyL9rvPpUig,diet-1900,es-nob
i-8eiri4PHVg6DyL9rvPpUig,diet-1905,es-nob
i-8eiri4PHVg6DyL9rvPpUig,diet-1904,es-nob
i-8f5tRtT5D15j7HTFKPzTBC,diet-1885,es-cle
i-8f5tRtT5D15j7HTFKPzTBC,diet-1888,es-cle
i-8f5tRtT5D15j7HTFKPzTBC,diet-1882,es-cle
i-8f5tRtT5D15j7HTFKPzTBC,diet-1877,es-cle
i-8fozU89a5VmbroNCoe3k21,diet-1882,es-pea
i-8gBsTMzJRwtbuFPKfppaoz,diet-1863,es-nob
i-8gBsTMzJRwtbuFPKfppaoz,diet-1867,es-nob
i-8gBsTMzJRwtbuFPKfppaoz,diet-1882,es-nob
i-8gBsTMzJRwtbuFPKfppaoz,diet-1877,es-nob
i-8gwhDmAZHjAqSM8hKie1jm,diet-1904,es-nob
i-8gwhDmAZHjAqSM8hKie1jm,diet-1891,es-nob
i-8hkRHnwtDoBWMBMtRn1gNb,diet-1899,es-nob
i-8hwWSt9hLLAoqdEmjNSi6k,diet-1900,es-nob
i-8jPmu3fvHohUUCeSGkkbXB,diet-1904,es-pea
i-8jPmu3fvHohUUCeSGkkbXB,diet-1905,es-pea
i-8mJQ5wHCNAfbcEDejmorgK,diet-1863,es-nob
i-8mJQ5wHCNAfbcEDejmorgK,diet-1867,es-nob
i-8mvPui7iCgMuPDkVv3FBCd,diet-1897,es-nob
i-8n3nuTnzCqgxrCTWwYq1yu,diet-1877,es-nob
i-8n3nuTnzCqgxrCTWwYq1yu,diet-1882,es-nob
i-8n3nuTnzCqgxrCTWwYq1yu,diet-1885,es-nob
i-8n3nuTnzCqgxrCTWwYq1yu,diet-1863,es-nob
i-8n3nuTnzCqgxrCTWwYq1yu,diet-1888,es-nob
i-8nkrbX44tFwdeyta5p3M66,diet-1899,es-bou
i-8nqjfZLHyegX2pFxRfwsvf,diet-1877,es-nob
i-8pxfJdQC3EtDNSKhcsyFq3,diet-1904,es-pea
i-8qrRwBURsh8DZrrsYhwTcH,diet-1904,es-cle
i-8qrRwBURsh8DZrrsYhwTcH,diet-1905,es-cle
i-8qsh7pqC4xy1uzUqXqL4u6,diet-1894,es-pea
i-8qsh7pqC4xy1uzUqXqL4u6,diet-1891,es-pea
i-8qsh7pqC4xy1uzUqXqL4u6,diet-1888,es-pea
i-8qsh7pqC4xy1uzUqXqL4u6,diet-1897,es-pea
i-8runLzZr3KN4su8JW8fxK8,diet-1885,es-nob
i-8s1muuYkJkCuHXpZxcYW4y,diet-1867,es-bou
i-8s1muuYkJkCuHXpZxcYW4y,diet-1863,es-bou
i-8szEC6gYbh13raoQapiDAe,diet-1885,es-cle
i-8tpmjoLjCwAvg1Z16Ymcr,diet-1885,es-nob
i-8tpmjoLjCwAvg1Z16Ymcr,diet-1863,es-nob
i-8tpmjoLjCwAvg1Z16Ymcr,diet-1894,es-nob
i-8tpmjoLjCwAvg1Z16Ymcr,diet-1891,es-nob
i-8tpmjoLjCwAvg1Z16Ymcr,diet-1888,es-nob
i-8tpmjoLjCwAvg1Z16Ymcr,diet-1882,es-nob
i-8vaPG6C2FYVaveHA3TgTDk,diet-1905,es-bou
i-8vaPG6C2FYVaveHA3TgTDk,diet-1904,es-bou
i-8xyPjYBT2s12KBdJzhtwhs,diet-1867,es-bou
i-94rK59UA38i4JL2Sug6o3i,diet-porvoo,es-bou
i-95LiWSVCTALqsRCn79kA23,diet-1885,es-nob
i-95LiWSVCTALqsRCn79kA23,diet-1888,es-nob
i-95LiWSVCTALqsRCn79kA23,diet-1905,es-nob
i-95LiWSVCTALqsRCn79kA23,diet-1882,es-nob
i-95QdUoEJ7M1gg4Cy6d3QMx,diet-1897,es-nob
i-95QdUoEJ7M1gg4Cy6d3QMx,diet-1899,es-nob
i-95QdUoEJ7M1gg4Cy6d3QMx,diet-1877,es-nob
i-95QdUoEJ7M1gg4Cy6d3QMx,diet-1900,es-nob
i-95QdUoEJ7M1gg4Cy6d3QMx,diet-1891,es-nob
i-95QdUoEJ7M1gg4Cy6d3QMx,diet-1888,es-nob
i-95QdUoEJ7M1gg4Cy6d3QMx,diet-1885,es-nob
i-95QdUoEJ7M1gg4Cy6d3QMx,diet-1905,es-nob
i-95QdUoEJ7M1gg4Cy6d3QMx,diet-1904,es-nob
i-95QdUoEJ7M1gg4Cy6d3QMx,diet-1894,es-nob
i-95QdUoEJ7M1gg4Cy6d3QMx,diet-1882,es-nob
i-95kqLStAkf79wjFbzwvEWA,diet-1905,es-bou
i-96BNtQaSvwr9KuTw3K37Pg,diet-1863,es-bou
i-96gtHNi3JMykzgJTM4Hx9y,diet-1904,es-nob
i-977pYss6B2QXmArbdaAc9A,diet-1867,es-nob
i-977pYss6B2QXmArbdaAc9A,diet-1877,es-nob
i-977pYss6B2QXmArbdaAc9A,diet-1882,es-nob
i-985PEcYLDmXuyQ4trfxpn,diet-1894,es-pea
i-98bUS6KbiDMJMtzt7fuK1Z,diet-1877,es-bou
i-98bUS6KbiDMJMtzt7fuK1Z,diet-1882,es-bou
i-98bUS6KbiDMJMtzt7fuK1Z,diet-1885,es-bou
i-98bUS6KbiDMJMtzt7fuK1Z,diet-1904,es-bou
i-9AK7dPWyjYhWexSMJvpbu8,diet-1897,es-cle
i-9AK7dPWyjYhWexSMJvpbu8,diet-1900,es-cle
i-9BZsYbmWS7yEa4DVTcfyQH,diet-porvoo,es-pea
i-9BsvhCCbJoxB6QVVgThqkj,diet-1882,es-nob
i-9BsvhCCbJoxB6QVVgThqkj,diet-1885,es-nob
i-9BsvhCCbJoxB6QVVgThqkj,diet-1891,es-nob
i-9D2LibJwPUscnAJfeCAzVY,diet-1882,es-bou
i-9DtdC6x5pi2pfrUoXBHv3k,diet-1905,es-pea
i-9DtdC6x5pi2pfrUoXBHv3k,diet-1904,es-pea
i-9Dzc4G9y6rKN78zKhtTiwK,diet-porvoo,es-nob
i-9EfV4uzcskNg6eMDJmJWxf,diet-1904,es-bou
i-9EfV4uzcskNg6eMDJmJWxf,diet-1897,es-bou
i-9EfV4uzcskNg6eMDJmJWxf,diet-1900,es-bou
i-9FZDduUZPKfxMMbkLVwAqa,diet-1877,es-nob
i-9Fj91ko5X9A2V9Yf4tWMNm,diet-1882,es-nob
i-9Fj91ko5X9A2V9Yf4tWMNm,diet-1877,es-nob
i-9HnBCGhbFTEXk76zm9ALQU,diet-porvoo,es-nob
i-9JWwhn8FEqrGcWpcwD2uFj,diet-porvoo,es-nob
i-9JYQQJa8gS6udXTpcpAtpY,diet-1885,es-nob
i-9LLh6mGQVjVanYHbQEP6bz,diet-1863,es-cle
i-9LLh6mGQVjVanYHbQEP6bz,diet-1867,es-cle
i-9MPizvkX1LoAoUhNc7DgND,diet-1867,es-nob
i-9MPizvkX1LoAoUhNc7DgND,diet-1863,es-nob
i-9MiqEpsW88NKxRdhD585EG,diet-1894,es-nob
i-9MiqEpsW88NKxRdhD585EG,diet-1891,es-nob
i-9MiqEpsW88NKxRdhD585EG,diet-1899,es-nob
i-9MiqEpsW88NKxRdhD585EG,diet-1904,es-nob
i-9NPbqrVhnEWt9rc4ue6aY7,diet-porvoo,es-nob
i-9NbuRgUjosumWbUFQEtRjx,diet-1882,es-nob
i-9NbuRgUjosumWbUFQEtRjx,diet-1891,es-nob
i-9NbuRgUjosumWbUFQEtRjx,diet-1888,es-nob
i-9NbuRgUjosumWbUFQEtRjx,diet-1900,es-nob
i-9NbuRgUjosumWbUFQEtRjx,diet-1894,es-nob
i-9NbuRgUjosumWbUFQEtRjx,diet-1885,es-nob
i-9NbuRgUjosumWbUFQEtRjx,diet-1877,es-nob
i-9NbuRgUjosumWbUFQEtRjx,diet-1867,es-nob
i-9NbuRgUjosumWbUFQEtRjx,diet-1899,es-nob
i-9NbuRgUjosumWbUFQEtRjx,diet-1897,es-nob
i-9QnzH3tsT5uUVRkYzhnCWS,diet-1885,es-pea
i-9QnzH3tsT5uUVRkYzhnCWS,diet-1882,es-pea
i-9QnzH3tsT5uUVRkYzhnCWS,diet-1888,es-pea
i-9QnzH3tsT5uUVRkYzhnCWS,diet-1897,es-pea
i-9QnzH3tsT5uUVRkYzhnCWS,diet-1891,es-pea
i-9T67JZDMoYXjzwrS37CBea,diet-1897,es-bou
i-9TQo34sR4SsRuzb8rTTykD,diet-1877,es-pea
i-9TQo34sR4SsRuzb8rTTykD,diet-1867,es-pea
i-9TS8gGDDuE6YKRByELCps3,diet-1885,es-pea
i-9TS8gGDDuE6YKRByELCps3,diet-1888,es-pea
i-9TS8gGDDuE6YKRByELCps3,diet-1882,es-pea
i-9TS8gGDDuE6YKRByELCps3,diet-1891,es-pea
i-9TS8gGDDuE6YKRByELCps3,diet-1894,es-pea
i-9TfojbbARyc5sts1fzmS22,diet-1877,es-bou
i-9WxSZn2XaTPYpzCwu6SqF4,diet-1863,es-nob
i-9WxSZn2XaTPYpzCwu6SqF4,diet-1888,es-nob
i-9YnqBLMGaHBapiMMXa6o2H,diet-1899,es-pea
i-9YnqBLMGaHBapiMMXa6o2H,diet-1900,es-pea
i-9YnqBLMGaHBapiMMXa6o2H,diet-1891,es-pea
i-9YnqBLMGaHBapiMMXa6o2H,diet-1897,es-pea
i-9YnqBLMGaHBapiMMXa6o2H,diet-1894,es-pea
i-9aDbyMZb3HGMW7gsFNVDFf,diet-1877,es-pea
i-9bSw8ogaWR8y3VeYE83s1h,diet-1904,es-bou
i-9bXKRcbNZcEMCDoY2xG6Cc,diet-1899,es-pea
i-9cNGjk8nmAZ5wckaFxZGFJ,diet-1891,es-nob
i-9cNGjk8nmAZ5wckaFxZGFJ,diet-1894,es-nob
i-9cNGjk8nmAZ5wckaFxZGFJ,diet-1897,es-nob
i-9cNGjk8nmAZ5wckaFxZGFJ,diet-1899,es-nob
i-9cNGjk8nmAZ5wckaFxZGFJ,diet-1904,es-nob
i-9cNGjk8nmAZ5wckaFxZGFJ,diet-1905,es-nob
i-9cNGjk8nmAZ5wckaFxZGFJ,diet-1900,es-nob
i-9d9rupBa8UeJDKSfpquqqZ,diet-1885,es-nob
i-9dEtecWrB9KpuBkeP6YcXk,diet-1899,es-nob
i-9dEtecWrB9KpuBkeP6YcXk,diet-1900,es-nob
i-9dEtecWrB9KpuBkeP6YcXk,diet-1905,es-nob
i-9dEtecWrB9KpuBkeP6YcXk,diet-1904,es-nob
i-9dg76NYKpBg8v4pLegJS4u,diet-1905,es-nob
i-9dg76NYKpBg8v4pLegJS4u,diet-1904,es-nob
i-9eGZuCKQEKyP2g7MzLLqxp,diet-1891,es-cle
i-9eGZuCKQEKyP2g7MzLLqxp,diet-1888,es-cle
i-9eGZuCKQEKyP2g7MzLLqxp,diet-1894,es-cle
i-9fpoHmFM6CjhEHuaVzbMqT,diet-1897,es-nob
i-9fpoHmFM6CjhEHuaVzbMqT,diet-1891,es-nob
i-9fpoHmFM6CjhEHuaVzbMqT,diet-1877,es-nob
i-9fpoHmFM6CjhEHuaVzbMqT,diet-1899,es-nob
i-9fpoHmFM6CjhEHuaVzbMqT,diet-1905,es-nob
i-9fpoHmFM6CjhEHuaVzbMqT,diet-1867,es-nob
i-9fpoHmFM6CjhEHuaVzbMqT,diet-1863,es-nob
i-9fpoHmFM6CjhEHuaVzbMqT,diet-1900,es-nob
i-9fpoHmFM6CjhEHuaVzbMqT,diet-1904,es-nob
i-9fpoHmFM6CjhEHuaVzbMqT,diet-1894,es-nob
i-9h6okN8c4Eaw2Pw3PKzSBY,diet-1904,es-nob
i-9h6okN8c4Eaw2Pw3PKzSBY,diet-1900,es-nob
i-9h6okN8c4Eaw2Pw3PKzSBY,diet-1905,es-nob
i-9h6okN8c4Eaw2Pw3PKzSBY,diet-1897,es-nob
i-9h6okN8c4Eaw2Pw3PKzSBY,diet-1899,es-nob
i-9h6okN8c4Eaw2Pw3PKzSBY,diet-1894,es-nob
i-9hHPWbbtgznfxec4dGcfyM,diet-1897,es-bou
i-9hHPWbbtgznfxec4dGcfyM,diet-1904,es-bou
i-9hHPWbbtgznfxec4dGcfyM,diet-1899,es-bou
i-9hHPWbbtgznfxec4dGcfyM,diet-1905,es-bou
i-9hHPWbbtgznfxec4dGcfyM,diet-1894,es-bou
i-9hHPWbbtgznfxec4dGcfyM,diet-1900,es-bou
i-9jb7omAsinf5HbDQnJqHNR,diet-1888,es-nob
i-9jtVjCnqH9JnweAna4Vvxn,diet-1904,es-bou
i-9ke1vqyxGLfkocb4LBaBab,diet-1877,es-pea
i-9ny5NiSBTsXytTLwVXN882,diet-1882,es-nob
i-9ny5NiSBTsXytTLwVXN882,diet-1877,es-nob
i-9ny5NiSBTsXytTLwVXN882,diet-1867,es-nob
i-9ny5NiSBTsXytTLwVXN882,diet-1863,es-nob
i-9o6BZDKt1PPEyqAU5GBdFF,diet-1877,es-bou
i-9oAGbXKxe5dgbbLMbJ63tk,diet-1904,es-cle
i-9oAGbXKxe5dgbbLMbJ63tk,diet-1905,es-cle
i-9oxDi4BqdVHRsvWRKNPpdt,diet-1905,es-bou
i-9oxDi4BqdVHRsvWRKNPpdt,diet-1904,es-bou
i-9pashV7KkwGfYg8WYhns6X,diet-1897,es-pea
i-9pashV7KkwGfYg8WYhns6X,diet-1899,es-pea
i-9pashV7KkwGfYg8WYhns6X,diet-1900,es-pea
i-9pashV7KkwGfYg8WYhns6X,diet-1894,es-pea
i-9pashV7KkwGfYg8WYhns6X,diet-1891,es-pea
i-9pashV7KkwGfYg8WYhns6X,diet-1888,es-pea
i-9qPvWq1wFGkiUncHLpBr6R,diet-1891,es-pea
i-9sKLrfez1BQeoAsquLZ5Zh,diet-1888,es-bou
i-9sKLrfez1BQeoAsquLZ5Zh,diet-1877,es-bou
i-9sKLrfez1BQeoAsquLZ5Zh,diet-1882,es-bou
i-9sKLrfez1BQeoAsquLZ5Zh,diet-1885,es-bou
i-9sKLrfez1BQeoAsquLZ5Zh,diet-1891,es-bou
i-9scE8GLLDQjMZAp1w2Xbym,diet-1897,es-nob
i-9tbDnbqB7YsA4c84fGjvUA,diet-1888,es-nob
i-9tguivNUzbLPw7XBnebqv4,diet-porvoo,es-pea
i-9thAhg8ZLGWJfcGpsVfS2n,diet-1877,es-pea
i-9vkyMVcmbACmYXjiobcPPP,diet-1885,es-bou
i-9vkyMVcmbACmYXjiobcPPP,diet-1899,es-bou
i-9vkyMVcmbACmYXjiobcPPP,diet-1897,es-bou
i-9vkyMVcmbACmYXjiobcPPP,diet-1888,es-bou
i-9vkyMVcmbACmYXjiobcPPP,diet-1900,es-bou
i-9vkyMVcmbACmYXjiobcPPP,diet-1882,es-bou
i-9vkyMVcmbACmYXjiobcPPP,diet-1891,es-bou
i-9vuvSe6iaLrwXwh2hAz1V6,diet-1877,es-bou
i-9xUHPAc9cf8T1C3qtsfCqM,diet-1905,es-bou
i-9yCuh5VFC9nkwFCb65mpa1,diet-porvoo,es-pea
i-A22VbgnxUPudCU4PsdfXhZ,diet-1904,es-pea
i-A22VbgnxUPudCU4PsdfXhZ,diet-1905,es-pea
i-A2GaSvBy1gWZzs8Xge9ifx,diet-1897,es-nob
i-A2GaSvBy1gWZzs8Xge9ifx,diet-1905,es-nob
i-A2GaSvBy1gWZzs8Xge9ifx,diet-1904,es-nob
i-A2GaSvBy1gWZzs8Xge9ifx,diet-1899,es-nob
i-A2fa7zDugMgoGur3miP6wM,diet-1882,es-bou
i-A3bUhmmU7zXynBpDrUyQCp,diet-1894,es-nob
i-A3bUhmmU7zXynBpDrUyQCp,diet-1885,es-nob
i-A3iNU74qwgCMgUUvCNEK5W,diet-1904,es-pea
i-A3iNU74qwgCMgUUvCNEK5W,diet-1900,es-pea
i-A3iNU74qwgCMgUUvCNEK5W,diet-1905,es-pea
i-A3iNU74qwgCMgUUvCNEK5W,diet-1899,es-pea
i-AB24JHsfZmbjgiaW1jhHpr,diet-1905,es-nob
i-AB24JHsfZmbjgiaW1jhHpr,diet-1894,es-nob
i-ABDvGmsKHsoRMRCJLhfgDu,diet-1863,es-nob
i-ABLF8gmTUdDY82WDDDAPc5,diet-porvoo,es-nob
i-ABctK3KggnFuTKUoTXHBqy,diet-1894,es-pea
i-ADfVS7eRk52CEC91t8k4DD,diet-1863,es-nob
i-ADfVS7eRk52CEC91t8k4DD,diet-1867,es-nob
i-ADfVS7eRk52CEC91t8k4DD,diet-1891,es-nob
i-ADo3dxzyboJHdTWQddKbDD,diet-1877,es-cle
i-AE2jQwCp42q2H3c7Yw4f16,diet-1905,es-nob
i-AE5UX4C5hvz1dFN1ErAFEX,diet-1897,es-cle
i-AFemGZFFfQwsEoFgxVNfFY,diet-1885,es-cle
i-AHE3ySk5hTh2HNnKw9VDUz,diet-1885,es-pea
i-AHE3ySk5hTh2HNnKw9VDUz,diet-1882,es-pea
i-AJ842ydXS7vgqvEHKBzHhk,diet-1905,es-bou
i-AJPQWcxL1eHvoEv1DVLV5Y,diet-1905,es-nob
i-AKsnxsoVapWRnsPiZjSj3K,diet-porvoo,es-pea
i-AMbv6XaREqcEhBMpVdPC16,diet-1863,es-cle
i-AMw8Mgy5XNirhXZx9dDqkZ,diet-1885,es-nob
i-AMw8Mgy5XNirhXZx9dDqkZ,diet-1888,es-nob
i-AMw8Mgy5XNirhXZx9dDqkZ,diet-1899,es-nob
i-AMw8Mgy5XNirhXZx9dDqkZ,diet-1900,es-nob
i-AMw8Mgy5XNirhXZx9dDqkZ,diet-1904,es-nob
i-AMw8Mgy5XNirhXZx9dDqkZ,diet-1905,es-nob
i-AMw8Mgy5XNirhXZx9dDqkZ,diet-1882,es-nob
i-AMw8Mgy5XNirhXZx9dDqkZ,diet-1897,es-nob
i-ANUxojotq7DijYTTSvqBif,diet-1891,es-nob
i-ANUxojotq7DijYTTSvqBif,diet-1899,es-nob
i-ANUxojotq7DijYTTSvqBif,diet-1897,es-nob
i-ANUxojotq7DijYTTSvqBif,diet-1894,es-nob
i-ANUxojotq7DijYTTSvqBif,diet-1900,es-nob
i-ASEDaBg8bCZ47EA2Ncmhc5,diet-1885,es-nob
i-ASEDaBg8bCZ47EA2Ncmhc5,diet-1888,es-nob
i-ASEDaBg8bCZ47EA2Ncmhc5,diet-1897,es-nob
i-AVxkEH2ndEP8Y9Rxbhajt3,diet-porvoo,es-bou
i-AY3QyG2gGZEVpLWyHUrhbG,diet-1904,es-nob
i-AY3QyG2gGZEVpLWyHUrhbG,diet-1900,es-nob
i-AY3QyG2gGZEVpLWyHUrhbG,diet-1897,es-nob
i-AY3QyG2gGZEVpLWyHUrhbG,diet-1894,es-nob
i-AYi31TTTpecT6X8KWsTfWs,diet-1891,es-pea
i-AYiV7HbSDVG5jNgjNsg7Z8,diet-1877,es-nob
i-AYoxgmS8gHJDiYdTBRU1Bm,diet-1882,es-bou
i-AZnkerqXAUAGLvKWER21jf,diet-1904,es-bou
i-AZnkerqXAUAGLvKWER21jf,diet-1905,es-bou
i-AZxxB54asACcX6sEP5PAsm,diet-1877,es-bou
i-AadCTC2BzQJMamTxWgzfdo,diet-1905,es-cle
i-AadCTC2BzQJMamTxWgzfdo,diet-1904,es-cle
i-AbBzS623kguAxboqvMi468,diet-1863,es-bou
i-AcadzVECTWqSPpXBg9Ceq7,diet-1863,es-nob
i-Adw7hSqFhqRTF21aMdhwtq,diet-1899,es-pea
i-Adw7hSqFhqRTF21aMdhwtq,diet-1891,es-pea
i-Adw7hSqFhqRTF21aMdhwtq,diet-1897,es-pea
i-Adw7hSqFhqRTF21aMdhwtq,diet-1894,es-pea
i-AeAKY6FRuKvjWSGR8TKYMW,diet-1905,es-nob
i-AeAKY6FRuKvjWSGR8TKYMW,diet-1899,es-nob
i-AeYQdyFLwTn8ciBYDRNroB,diet-1867,es-cle
i-Ag2dXchos5RbVTmHNpsiNd,diet-1905,es-nob
i-AgCTsSPCdS4oz5dpEzWJuw,diet-1905,es-nob
i-AgcEUG25XRCYwbKjGUqhAY,diet-1899,es-nob
i-Ai2Vxnnt6x7heSv8ZxsABW,diet-1867,es-nob
i-Ak7N9dsY58qdazSR8az2qg,diet-1894,es-nob
i-Am5M117G1VX7yJjQ9Nirc2,diet-1882,es-nob
i-Am5M117G1VX7yJjQ9Nirc2,diet-1867,es-nob
i-Am5M117G1VX7yJjQ9Nirc2,diet-1877,es-nob
i-AoDGaMXUxZPU84yZTfL3Xc,diet-1863,es-nob
i-AovpAdtzwGCCHia2yCxBFW,diet-porvoo,es-nob
i-AqNCzZorQgts4d814jQzws,diet-1904,es-nob
i-AqNCzZorQgts4d814jQzws,diet-1900,es-nob
i-AqNCzZorQgts4d814jQzws,diet-1899,es-nob
i-AqNCzZorQgts4d814jQzws,diet-1897,es-nob
i-AqNCzZorQgts4d814jQzws,diet-1905,es-nob
i-AqV62fLqiqwcHy4Bm1fTdb,diet-1877,es-nob
i-At8UeWaVLSrVHh5pXGXtHY,diet-1863,es-nob
i-At9a8ncvtGPg92S7PgB8fA,diet-1899,es-bou
i-At9a8ncvtGPg92S7PgB8fA,diet-1882,es-bou
i-Atxa2Kx8Acoj72bWbshGTU,diet-1905,es-nob
i-Atxa2Kx8Acoj72bWbshGTU,diet-1904,es-nob
i-Atxa2Kx8Acoj72bWbshGTU,diet-1900,es-nob
i-Atxa2Kx8Acoj72bWbshGTU,diet-1882,es-nob
i-Atxa2Kx8Acoj72bWbshGTU,diet-1899,es-nob
i-Atxa2Kx8Acoj72bWbshGTU,diet-1897,es-nob
i-Atxa2Kx8Acoj72bWbshGTU,diet-1894,es-nob
i-Atxa2Kx8Acoj72bWbshGTU,diet-1891,es-nob
i-Atxa2Kx8Acoj72bWbshGTU,diet-1888,es-nob
i-Atxa2Kx8Acoj72bWbshGTU,diet-1885,es-nob
i-Atxa2Kx8Acoj72bWbshGTU,diet-1877,es-nob
i-AtzZDHHkMR8JK9m5A1frvF,diet-1897,es-nob
i-AtzZDHHkMR8JK9m5A1frvF,diet-1900,es-nob
i-AtzZDHHkMR8JK9m5A1frvF,diet-1891,es-nob
i-AtzZDHHkMR8JK9m5A1frvF,diet-1905,es-nob
i-AtzZDHHkMR8JK9m5A1frvF,diet-1882,es-nob
i-AtzZDHHkMR8JK9m5A1frvF,diet-1904,es-nob
i-AtzZDHHkMR8JK9m5A1frvF,diet-1885,es-nob
i-AtzZDHHkMR8JK9m5A1frvF,diet-1888,es-nob
i-AtzZDHHkMR8JK9m5A1frvF,diet-1899,es-nob
i-AtzZDHHkMR8JK9m5A1frvF,diet-1894,es-nob
i-Au3rrHPYjxqFxpM5yc49pc,diet-1900,es-nob
i-Au3rrHPYjxqFxpM5yc49pc,diet-1885,es-nob
i-Au3rrHPYjxqFxpM5yc49pc,diet-1897,es-nob
i-Au3rrHPYjxqFxpM5yc49pc,diet-1882,es-nob
i-Au3rrHPYjxqFxpM5yc49pc,diet-1905,es-nob
i-Au3rrHPYjxqFxpM5yc49pc,diet-1899,es-nob
i-Au3rrHPYjxqFxpM5yc49pc,diet-1894,es-nob
i-Au3rrHPYjxqFxpM5yc49pc,diet-1904,es-nob
i-AufWqe4gwH5wra4K3X99qW,diet-1863,es-nob
i-Aw4gJLPj64MCzSUx8SpjWN,diet-1894,es-nob
i-Aw4gJLPj64MCzSUx8SpjWN,diet-1904,es-nob
i-Aw4gJLPj64MCzSUx8SpjWN,diet-1897,es-nob
i-Aw4gJLPj64MCzSUx8SpjWN,diet-1900,es-nob
i-Aw4gJLPj64MCzSUx8SpjWN,diet-1905,es-nob
i-Ay8y6qphUDYbXoFXQgQvgE,diet-1899,es-cle
i-Ay8y6qphUDYbXoFXQgQvgE,diet-1905,es-cle
i-Ay8y6qphUDYbXoFXQgQvgE,diet-1904,es-cle
i-Ay8y6qphUDYbXoFXQgQvgE,diet-1888,es-cle
i-Ay8y6qphUDYbXoFXQgQvgE,diet-1885,es-cle
i-Ay8y6qphUDYbXoFXQgQvgE,diet-1891,es-cle
i-Ay8y6qphUDYbXoFXQgQvgE,diet-1894,es-cle
i-Ay8y6qphUDYbXoFXQgQvgE,diet-1897,es-cle
i-Ay8y6qphUDYbXoFXQgQvgE,diet-1900,es-cle
i-AyjRaKbfynRtsDXw51CRKR,diet-1882,es-cle
i-AyjRaKbfynRtsDXw51CRKR,diet-1877,es-cle
i-B25euU6eTmVWcf2VC3ZBV6,diet-1900,es-bou
i-B7K44WE4uTopCniVGbSNrZ,diet-1888,es-nob
i-B7K44WE4uTopCniVGbSNrZ,diet-1904,es-nob
i-B7K44WE4uTopCniVGbSNrZ,diet-1905,es-nob
i-B7K44WE4uTopCniVGbSNrZ,diet-1891,es-nob
i-B7K44WE4uTopCniVGbSNrZ,diet-1900,es-nob
i-B7K44WE4uTopCniVGbSNrZ,diet-1894,es-nob
i-B7K44WE4uTopCniVGbSNrZ,diet-1899,es-nob
i-B7K44WE4uTopCniVGbSNrZ,diet-1882,es-nob
i-B7K44WE4uTopCniVGbSNrZ,diet-1897,es-nob
i-B7K44WE4uTopCniVGbSNrZ,diet-1885,es-nob
i-BAA6DXrSNMcvsehisGYrrM,diet-1905,es-pea
i-BAU3baAe7zojX4UuSwFbCY,diet-1904,es-pea
i-BAsdkUAfynNL2Jzg6L3dJP,diet-1867,es-nob
i-BAsdkUAfynNL2Jzg6L3dJP,diet-1863,es-nob
i-BCmnuEz5aJnzUHzf4jVQdx,diet-1863,es-nob
i-BEFpWcMG6eSPfMjZfo6dq4,diet-1867,es-nob
i-BErd1xbD4tu5tZsqSXAGg3,diet-1900,es-pea
i-BErd1xbD4tu5tZsqSXAGg3,diet-1899,es-pea
i-BErjhp3tUnzeux36oFRArJ,diet-1891,es-pea
i-BErjhp3tUnzeux36oFRArJ,diet-1888,es-pea
i-BErjhp3tUnzeux36oFRArJ,diet-1885,es-pea
i-BErjhp3tUnzeux36oFRArJ,diet-1877,es-pea
i-BErjhp3tUnzeux36oFRArJ,diet-1894,es-pea
i-BFXGLL5T7vstV6eAeM3pFC,diet-porvoo,es-pea
i-BGAeCdEhEejx8yNT2yysq,diet-1863,es-pea
i-BGmnCwGAP9Zt7Yd8H5Wx92,diet-1867,es-cle
i-BJyQJPdthT1RRdTugUdZuZ,diet-1882,es-bou
i-BKn5P8moHXW7NGJY13Xq5b,diet-1882,es-nob
i-BKn5P8moHXW7NGJY13Xq5b,diet-1885,es-nob
i-BKn5P8moHXW7NGJY13Xq5b,diet-1900,es-nob
i-BKn5P8moHXW7NGJY13Xq5b,diet-1904,es-nob
i-BKn5P8moHXW7NGJY13Xq5b,diet-1905,es-nob
i-BM1QN3ZJ5FqkktH9JwVhGK,diet-1897,es-nob
i-BM1QN3ZJ5FqkktH9JwVhGK,diet-1899,es-nob
i-BM1QN3ZJ5FqkktH9JwVhGK,diet-1888,es-nob
i-BM1QN3ZJ5FqkktH9JwVhGK,diet-1891,es-nob
i-BM1QN3ZJ5FqkktH9JwVhGK,diet-1894,es-nob
i-BM1QN3ZJ5FqkktH9JwVhGK,diet-1885,es-nob
i-BM1QN3ZJ5FqkktH9JwVhGK,diet-1882,es-nob
i-BM1QN3ZJ5FqkktH9JwVhGK,diet-1877,es-nob
i-BM1QN3ZJ5FqkktH9JwVhGK,diet-1900,es-nob
i-BM1QN3ZJ5FqkktH9JwVhGK,diet-1905,es-nob
i-BM1QN3ZJ5FqkktH9JwVhGK,diet-1904,es-nob
i-BMoWT8Xrb6F9Sd1pAiEukD,diet-1891,es-nob
i-BMoWT8Xrb6F9Sd1pAiEukD,diet-1894,es-nob
i-BQTtemhRFxri8bkWA15fpW,diet-1905,es-nob
i-BRoiG3xAGsA1EaT65kUat9,diet-1863,es-cle
i-BS1rKVRVpWVyF8aZNiP25T,diet-1863,es-bou
i-BSfxELZs3g9kkgrVdbhP6j,diet-1899,es-pea
i-BSfxELZs3g9kkgrVdbhP6j,diet-1897,es-pea
i-BThsfEh3vpoxkcnJ81XGHZ,diet-1891,es-pea
i-BVXDm1b3RxFthPv2nGio2h,diet-1899,es-nob
i-BZ8i7NmzmpP3su9DMKv4YP,diet-1863,es-cle
i-BZAwKB57hxWAxUW9igVcyV,diet-1905,es-nob
i-BZAwKB57hxWAxUW9igVcyV,diet-1897,es-nob
i-BZcWSDvtNyyk6RFdnt8wYX,diet-1894,es-pea
i-BZcWSDvtNyyk6RFdnt8wYX,diet-1897,es-pea
i-BatWG7uNejqjtwBH4edeGU,diet-porvoo,es-pea
i-Bc255J2cg5S3LZQwLqTD4Y,diet-1899,es-pea
i-Bc255J2cg5S3LZQwLqTD4Y,diet-1882,es-pea
i-Bc255J2cg5S3LZQwLqTD4Y,diet-1894,es-pea
i-Bc255J2cg5S3LZQwLqTD4Y,diet-1888,es-pea
i-Bc255J2cg5S3LZQwLqTD4Y,diet-1885,es-pea
i-Bc255J2cg5S3LZQwLqTD4Y,diet-1900,es-pea
i-Bc255J2cg5S3LZQwLqTD4Y,diet-1891,es-pea
i-Bc9VryKJgRdQ9o8WmNiP9u,diet-1867,es-nob
i-BdcCax9AbjJYKF3SaEwTau,diet-1888,es-nob
i-BdcCax9AbjJYKF3SaEwTau,diet-1905,es-nob
i-BdcCax9AbjJYKF3SaEwTau,diet-1897,es-nob
i-BdcCax9AbjJYKF3SaEwTau,diet-1894,es-nob
i-BdcCax9AbjJYKF3SaEwTau,diet-1904,es-cle
i-BdcCax9AbjJYKF3SaEwTau,diet-1891,es-nob
i-BdcCax9AbjJYKF3SaEwTau,diet-1900,es-nob
i-BdcCax9AbjJYKF3SaEwTau,diet-1899,es-nob
i-BeRvKqtBy9SWuixQwoec6u,diet-1888,es-cle
i-BgDmVff4RSeFszcVttKU7T,diet-1905,es-nob
i-BgDmVff4RSeFszcVttKU7T,diet-1904,es-nob
i-BgRe1Jf11YU2kCDyNdfQZu,diet-1897,es-nob
i-BgRe1Jf11YU2kCDyNdfQZu,diet-1900,es-nob
i-BhMbzimeFJ3hWrFCA46k9Y,diet-1877,es-pea
i-BiLJE3xxrrRCyZeZCQjHcJ,diet-1899,es-pea
i-BiLJE3xxrrRCyZeZCQjHcJ,diet-1900,es-pea
i-BjxmQY1CzA2Wn37fiD1ULi,diet-1863,es-pea
i-BkfYGrQhuNkoLkYwAJNYb4,diet-1863,es-nob
i-BmATyXPFLNiu7CPo7Haome,diet-1900,es-pea
i-BmATyXPFLNiu7CPo7Haome,diet-1899,es-pea
i-BnZAQWKX1K6S8Qb5ikFP38,diet-1867,es-cle
i-BoCjzxB1HqWMKLwoKMFc5u,diet-1904,es-nob
i-BomaSmZdrkS9SfScDXqfPA,diet-1867,es-pea
i-BrKJnQtih3hhFEfYd26FMg,diet-1877,es-bou
i-BrZ1PXPwfSSdCK1yGsSzYn,diet-1867,es-nob
i-BrZ1PXPwfSSdCK1yGsSzYn,diet-1863,es-nob
i-BtKC4BiMQJZbVVYnLQwpf7,diet-1863,es-pea
i-BtSnmoZRRAQCGZifMmfTuu,diet-1863,es-nob
i-BtZVosHd2uL9vUhLKvDuFK,diet-1905,es-nob
i-BtZVosHd2uL9vUhLKvDuFK,diet-1904,es-nob
i-BtZVosHd2uL9vUhLKvDuFK,diet-1900,es-nob
i-BtZVosHd2uL9vUhLKvDuFK,diet-1899,es-nob
i-BtZVosHd2uL9vUhLKvDuFK,diet-1897,es-nob
i-BtZVosHd2uL9vUhLKvDuFK,diet-1891,es-nob
i-BtZVosHd2uL9vUhLKvDuFK,diet-1894,es-nob
i-BtkiybKfkP1KVCMNqew6TJ,diet-1863,es-cle
i-BtxQggZEw3AuzJaJjHSSUG,diet-porvoo,es-nob
i-BtyTqDgYHyDR8B3iubyn6A,diet-1905,es-nob
i-BtyTqDgYHyDR8B3iubyn6A,diet-1904,es-nob
i-BtyTqDgYHyDR8B3iubyn6A,diet-1900,es-nob
i-BtyTqDgYHyDR8B3iubyn6A,diet-1899,es-nob
i-BtyTqDgYHyDR8B3iubyn6A,diet-1897,es-nob
i-BtyTqDgYHyDR8B3iubyn6A,diet-1894,es-nob
i-BtyTqDgYHyDR8B3iubyn6A,diet-1888,es-nob
i-BtyTqDgYHyDR8B3iubyn6A,diet-1885,es-nob
i-BtyTqDgYHyDR8B3iubyn6A,diet-1882,es-nob
i-BtyTqDgYHyDR8B3iubyn6A,diet-1891,es-nob
i-Bw6JVg4K4gVgwPuaUH4W9g,diet-1900,es-nob
i-Bw6JVg4K4gVgwPuaUH4W9g,diet-1899,es-nob
i-Bw6JVg4K4gVgwPuaUH4W9g,diet-1897,es-nob
i-ByV3q8UYJxZUcqKajsXRpC,diet-1885,es-nob
i-ByV3q8UYJxZUcqKajsXRpC,diet-1882,es-nob
i-ByV3q8UYJxZUcqKajsXRpC,diet-1888,es-nob
i-ByV3q8UYJxZUcqKajsXRpC,diet-1877,es-nob
i-BzeGNjerrfRj5hBnkJBnu1,diet-1897,es-cle
i-BzrNqqibkf4bK5hsMA9r4e,diet-1863,es-bou
i-Bzs7yrrw7GC9b8QUnmsx8D,diet-1900,es-nob
i-Bzs7yrrw7GC9b8QUnmsx8D,diet-1904,es-nob
i-Bzs7yrrw7GC9b8QUnmsx8D,diet-1899,es-nob
i-Bzs7yrrw7GC9b8QUnmsx8D,diet-1905,es-nob
i-Bzs7yrrw7GC9b8QUnmsx8D,diet-1897,es-nob
i-C1erW2VL4DDDK4tT3v1qWW,diet-1885,es-nob
i-C1erW2VL4DDDK4tT3v1qWW,diet-1882,es-nob
i-C2YSDtx3p1JrB819QRiS7w,diet-1877,es-nob
i-C3DvrWyQ2EcBDMiprvuVyR,diet-1891,es-bou
i-C3tFZeQMtsSkn3VQAU4bJr,diet-1897,es-pea
i-C4a3WTXNcs3RVBdmWXkxK,diet-1897,es-pea
i-C4a3WTXNcs3RVBdmWXkxK,diet-1900,es-pea
i-C4a3WTXNcs3RVBdmWXkxK,diet-1882,es-pea
i-C4a3WTXNcs3RVBdmWXkxK,diet-1891,es-pea
i-C5N8HQPmJLpinDQjyVTdbJ,diet-1863,es-pea
i-C6EPxSGo8zoNw6eBd9AeNi,diet-1904,es-nob
i-C6EPxSGo8zoNw6eBd9AeNi,diet-1900,es-nob
i-C6EPxSGo8zoNw6eBd9AeNi,diet-1905,es-nob
i-C7gacFwYKBuChyxT82r3YD,diet-1888,es-bou
i-C7gacFwYKBuChyxT82r3YD,diet-1882,es-bou
i-C7gacFwYKBuChyxT82r3YD,diet-1877,es-bou
i-C7gacFwYKBuChyxT82r3YD,diet-1891,es-bou
i-C7gacFwYKBuChyxT82r3YD,diet-1885,es-bou
i-C9KYhraNLJSN4TypRVTUUr,diet-1897,es-nob
i-C9KYhraNLJSN4TypRVTUUr,diet-1882,es-nob
i-C9KYhraNLJSN4TypRVTUUr,diet-1891,es-nob
i-C9KYhraNLJSN4TypRVTUUr,diet-1885,es-nob
i-C9KYhraNLJSN4TypRVTUUr,diet-1894,es-nob
i-C9KYhraNLJSN4TypRVTUUr,diet-1904,es-nob
i-C9KYhraNLJSN4TypRVTUUr,diet-1905,es-nob
i-C9KYhraNLJSN4TypRVTUUr,diet-1888,es-nob
i-C9KYhraNLJSN4TypRVTUUr,diet-1900,es-nob
i-C9KYhraNLJSN4TypRVTUUr,diet-1899,es-nob
i-C9Liy8FfDtnT7havRNLi11,diet-porvoo,es-cle
i-C9dmrUvwspHpLHXM6o1jJo,diet-1905,es-cle
i-CA11FK6DFAdcRD28ckK5f7,diet-1867,es-nob
i-CAhqDoBcsxJ76kroHgGKnE,diet-1863,es-bou
i-CBdpqVDCbhmGYHAKYVJWxE,diet-1897,es-cle
i-CBdpqVDCbhmGYHAKYVJWxE,diet-1899,es-cle
i-CBdpqVDCbhmGYHAKYVJWxE,diet-1891,es-cle
i-CCNrmbC6eeG1mBia8WfLFy,diet-1877,es-nob
i-CEVumXnsAM6JuerGsXPqM1,diet-porvoo,es-nob
i-CEp3RjrmexchFBpruvkhuA,diet-1882,es-nob
i-CEp3RjrmexchFBpruvkhuA,diet-1897,es-nob
i-CFL7Y68fc6XBuSEp4v5zKb,diet-1863,es-bou
i-CFM4Fw2rCrVGNA1oeR3pqL,diet-1885,es-nob
i-CFM4Fw2rCrVGNA1oeR3pqL,diet-1888,es-nob
i-CGNfHCSmfYZ4tNvJeVzTTV,diet-1882,es-bou
i-CGNfHCSmfYZ4tNvJeVzTTV,diet-1904,es-bou
i-CGNfHCSmfYZ4tNvJeVzTTV,diet-1891,es-bou
i-CGNfHCSmfYZ4tNvJeVzTTV,diet-1888,es-bou
i-CGNfHCSmfYZ4tNvJeVzTTV,diet-1885,es-bou
i-CHNGvNVciPveECbeViCjMo,diet-porvoo,es-nob
i-CHi1dmNTtAJXTkRBi7jcFv,diet-1891,es-nob
i-CHi1dmNTtAJXTkRBi7jcFv,diet-1867,es-nob
i-CHi1dmNTtAJXTkRBi7jcFv,diet-1877,es-nob
i-CHi1dmNTtAJXTkRBi7jcFv,diet-1894,es-nob
i-CHi1dmNTtAJXTkRBi7jcFv,diet-1882,es-nob
i-CHi1dmNTtAJXTkRBi7jcFv,diet-1885,es-nob
i-CHi1dmNTtAJXTkRBi7jcFv,diet-1888,es-nob
i-CM2N1ripkWqmSaCMrmMPMn,diet-1877,es-cle
i-CM2N1ripkWqmSaCMrmMPMn,diet-1885,es-cle
i-CM2N1ripkWqmSaCMrmMPMn,diet-1882,es-cle
i-CN9ba2YkypvRWcT57zJXWv,diet-1905,es-nob
i-CN9ba2YkypvRWcT57zJXWv,diet-1900,es-nob
i-CN9ba2YkypvRWcT57zJXWv,diet-1899,es-nob
i-CN9ba2YkypvRWcT57zJXWv,diet-1904,es-nob
i-CN9ba2YkypvRWcT57zJXWv,diet-1891,es-nob
i-CN9ba2YkypvRWcT57zJXWv,diet-1888,es-nob
i-CN9ba2YkypvRWcT57zJXWv,diet-1885,es-nob
i-CN9ba2YkypvRWcT57zJXWv,diet-1882,es-nob
i-CN9ba2YkypvRWcT57zJXWv,diet-1877,es-nob
i-CN9ba2YkypvRWcT57zJXWv,diet-1897,es-nob
i-CN9ba2YkypvRWcT57zJXWv,diet-1894,es-nob
i-CRi4mjW1YHACfcQN5mhvhT,diet-1885,es-nob
i-CRi4mjW1YHACfcQN5mhvhT,diet-1891,es-nob
i-CRi4mjW1YHACfcQN5mhvhT,diet-1888,es-nob
i-CRi4mjW1YHACfcQN5mhvhT,diet-1900,es-nob
i-CRi4mjW1YHACfcQN5mhvhT,diet-1899,es-nob
i-CRi4mjW1YHACfcQN5mhvhT,diet-1897,es-nob
i-CRi4mjW1YHACfcQN5mhvhT,diet-1894,es-nob
i-CUH1897dUXkF8BmavDD7AX,diet-1905,es-pea
i-CUNt4MfeMgrPQH48kPoQbT,diet-1863,es-pea
i-CVDaphfMZ6gK7wkELrJyYe,diet-1905,es-nob
i-CVDaphfMZ6gK7wkELrJyYe,diet-1904,es-nob
i-Ca2QuiRDT4tckhMQkbSfi1,diet-1891,es-pea
i-Cc5prx5Y6fGy4RZqhPRyiV,diet-1877,es-pea
i-CfP1eF37sJ1qKcMK6SnTzr,diet-1905,es-pea
i-CfP1eF37sJ1qKcMK6SnTzr,diet-1904,es-pea
i-Ch447cysQKzmWCS8pD5SXN,diet-1899,es-nob
i-Chqg2d75JTMBvZikcSgGtQ,diet-porvoo,es-nob
i-ChuomtmkLkdJ7EejCZL8M7,diet-1863,es-nob
i-ChuomtmkLkdJ7EejCZL8M7,diet-1867,es-nob
i-ChuomtmkLkdJ7EejCZL8M7,diet-1877,es-nob
i-ChuomtmkLkdJ7EejCZL8M7,diet-1882,es-nob
i-ChuomtmkLkdJ7EejCZL8M7,diet-1885,es-nob
i-ChuomtmkLkdJ7EejCZL8M7,diet-1888,es-nob
i-ChuomtmkLkdJ7EejCZL8M7,diet-1891,es-nob
i-CisiTZA8jBe6U9YcQPijf8,diet-1867,es-cle
i-CmC4bc6fLeNXZGLuA7s28T,diet-1867,es-nob
i-CmRgA6fB7vmvVAhfT14CUq,diet-1891,es-nob
i-Co9zWb9dbmqdAqR9Ai1MMM,diet-1891,es-nob
i-Co9zWb9dbmqdAqR9Ai1MMM,diet-1877,es-nob
i-CoMYVcvAbrFUkcyuiLmjQG,diet-1877,es-pea
i-Coo61MAWDWCSEhiPZdqNyd,diet-1900,es-nob
i-Coo61MAWDWCSEhiPZdqNyd,diet-1894,es-nob
i-Coo61MAWDWCSEhiPZdqNyd,diet-1897,es-nob
i-Coo61MAWDWCSEhiPZdqNyd,diet-1904,es-nob
i-Coo61MAWDWCSEhiPZdqNyd,diet-1905,es-nob
i-CpsZQHqcUJ8sJsVExPYDCJ,diet-porvoo,es-bou
i-CqTKzpVB1Ea1CPnfyEN8TZ,diet-1877,es-nob
i-CqTKzpVB1Ea1CPnfyEN8TZ,diet-1882,es-nob
i-CqTKzpVB1Ea1CPnfyEN8TZ,diet-1885,es-nob
i-CqTKzpVB1Ea1CPnfyEN8TZ,diet-1891,es-nob
i-CqTKzpVB1Ea1CPnfyEN8TZ,diet-1894,es-nob
i-CqTKzpVB1Ea1CPnfyEN8TZ,diet-1897,es-nob
i-CsCxdQ9CvKUh2iT7axN5Jf,diet-1891,es-nob
i-CsCxdQ9CvKUh2iT7axN5Jf,diet-1899,es-nob
i-CsCxdQ9CvKUh2iT7axN5Jf,diet-1897,es-nob
i-CsCxdQ9CvKUh2iT7axN5Jf,diet-1900,es-nob
i-CsCxdQ9CvKUh2iT7axN5Jf,diet-1894,es-nob
i-CsCxdQ9CvKUh2iT7axN5Jf,diet-1904,es-nob
i-CsR6q8gQ8FuLGMLHgCXMP3,diet-1894,es-cle
i-CsR6q8gQ8FuLGMLHgCXMP3,diet-1899,es-cle
i-CsR6q8gQ8FuLGMLHgCXMP3,diet-1897,es-cle
i-CsR6q8gQ8FuLGMLHgCXMP3,diet-1888,es-cle
i-CsR6q8gQ8FuLGMLHgCXMP3,diet-1900,es-cle
i-Csh2t8e4vQFJ5jd4fGxQUH,diet-1897,es-nob
i-Csh2t8e4vQFJ5jd4fGxQUH,diet-1900,es-nob
i-Csh2t8e4vQFJ5jd4fGxQUH,diet-1904,es-nob
i-Csh2t8e4vQFJ5jd4fGxQUH,diet-1899,es-nob
i-Csh2t8e4vQFJ5jd4fGxQUH,diet-1905,es-nob
i-CtQQMeujQ2FqS3AuwoqMbU,diet-porvoo,es-nob
i-Cv9BDDHsNUPXghUwXRjrTE,diet-1882,es-pea
i-CxC5n56mokAqSKPwqL2VNN,diet-1899,es-nob
i-CxC5n56mokAqSKPwqL2VNN,diet-1891,es-nob
i-CxC5n56mokAqSKPwqL2VNN,diet-1905,es-nob
i-CxC5n56mokAqSKPwqL2VNN,diet-1894,es-nob
i-CxC5n56mokAqSKPwqL2VNN,diet-1888,es-nob
i-CyA98HnR3uENykk8myABmW,diet-1899,es-nob
i-CyA98HnR3uENykk8myABmW,diet-1905,es-nob
i-CyA98HnR3uENykk8myABmW,diet-1882,es-nob
i-CyA98HnR3uENykk8myABmW,diet-1885,es-nob
i-CyA98HnR3uENykk8myABmW,diet-1891,es-nob
i-CyA98HnR3uENykk8myABmW,diet-1894,es-nob
i-CyA98HnR3uENykk8myABmW,diet-1897,es-nob
i-CyA98HnR3uENykk8myABmW,diet-1900,es-nob
i-CyA98HnR3uENykk8myABmW,diet-1904,es-nob
i-CyA98HnR3uENykk8myABmW,diet-1888,es-nob
i-D1FsfDBmNqCrFh66jtDHKq,diet-1905,es-cle
i-D1FsfDBmNqCrFh66jtDHKq,diet-1897,es-cle
i-D1FsfDBmNqCrFh66jtDHKq,diet-1899,es-cle
i-D1FsfDBmNqCrFh66jtDHKq,diet-1900,es-cle
i-D1FsfDBmNqCrFh66jtDHKq,diet-1904,es-cle
i-D1GPM5fGkX12cAZ2QV4vzv,diet-1885,es-bou
i-D2acnqebDyDVJURxAjB9gQ,diet-1894,es-nob
i-D2g5wWQiqw9p79PhuHGzim,diet-1882,es-cle
i-D4E6gAdmGpe5X5b1EYPpiK,diet-porvoo,es-nob
i-D6Mi4GWWJsTvqGyurVJi26,diet-1905,es-cle
i-D6Mi4GWWJsTvqGyurVJi26,diet-1904,es-cle
i-D6Mi4GWWJsTvqGyurVJi26,diet-1900,es-cle
i-D6Mi4GWWJsTvqGyurVJi26,diet-1897,es-cle
i-D6Mi4GWWJsTvqGyurVJi26,diet-1899,es-cle
i-D6jqe532xJggDLmgRRL1jE,diet-1900,es-nob
i-D6jqe532xJggDLmgRRL1jE,diet-1897,es-nob
i-D6jqe532xJggDLmgRRL1jE,diet-1894,es-nob
i-D6jqe532xJggDLmgRRL1jE,diet-1899,es-nob
i-D711TKU9YcRjKQmWmQGtnW,diet-1905,es-nob
i-DAZaB4rXYdybpMQTXGxsze,diet-1888,es-nob
i-DAswt6RRgwU6zpSfVftUAi,diet-1885,es-pea
i-DAwXJdCpLgLeKVYt7T9rqv,diet-1900,es-nob
i-DDHcpPqCSSHpgWZ2afLyzG,diet-1897,es-nob
i-DDHcpPqCSSHpgWZ2afLyzG,diet-1894,es-nob
i-DDHcpPqCSSHpgWZ2afLyzG,diet-1899,es-nob
i-DDHcpPqCSSHpgWZ2afLyzG,diet-1900,es-nob
i-DDHcpPqCSSHpgWZ2afLyzG,diet-1877,es-nob
i-DDgKtyukp5C3sUFLMZ19u8,diet-1863,es-nob
i-DFYQrVEmnc2KccuuDpq1ib,diet-1863,es-nob
i-DFYQrVEmnc2KccuuDpq1ib,diet-1882,es-nob
i-DFYQrVEmnc2KccuuDpq1ib,diet-1867,es-nob
i-DGGHbV8Jc5iYsn2a5HmaYT,diet-1891,es-bou
i-DGGHbV8Jc5iYsn2a5HmaYT,diet-1882,es-bou
i-DGGHbV8Jc5iYsn2a5HmaYT,diet-1877,es-bou
i-DJWGoTpJ6wbx8LwyyourdQ,diet-1900,es-nob
i-DJWGoTpJ6wbx8LwyyourdQ,diet-1882,es-cle
i-DJWGoTpJ6wbx8LwyyourdQ,diet-1899,es-nob
i-DJYAsvPi1ZhTVooPhbrAZK,diet-1891,es-nob
i-DJayEMtESDA9vaivmbihCb,diet-1905,es-nob
i-DJayEMtESDA9vaivmbihCb,diet-1904,es-nob
i-DJayEMtESDA9vaivmbihCb,diet-1894,es-nob
i-DJqfu91o5SoXbVjmmMRAqq,diet-1891,es-nob
i-DJqfu91o5SoXbVjmmMRAqq,diet-1885,es-nob
i-DLrya1y4fvPTxo19ycSwui,diet-1867,es-nob
i-DLrya1y4fvPTxo19ycSwui,diet-1863,es-nob
i-DMkWg2gYcX75t4EbByUoqv,diet-1900,es-nob
i-DMkWg2gYcX75t4EbByUoqv,diet-1877,es-nob
i-DMkWg2gYcX75t4EbByUoqv,diet-1899,es-nob
i-DMkWg2gYcX75t4EbByUoqv,diet-1897,es-nob
i-DMkWg2gYcX75t4EbByUoqv,diet-1894,es-nob
i-DMkWg2gYcX75t4EbByUoqv,diet-1885,es-nob
i-DMkWg2gYcX75t4EbByUoqv,diet-1882,es-nob
i-DMkWg2gYcX75t4EbByUoqv,diet-1891,es-nob
i-DSET3vjnWX2zKq1Tg2WY8p,diet-1904,es-bou
i-DSe7Sukmush1y9amrLd4oZ,diet-1867,es-pea
i-DSjrPP1Ub5W9gAqYsTTrAh,diet-1899,es-bou
i-DSjrPP1Ub5W9gAqYsTTrAh,diet-1891,es-bou
i-DSjrPP1Ub5W9gAqYsTTrAh,diet-1894,es-bou
i-DTCBRT9AaMKs7eLkCRmGkS,diet-1900,es-nob
i-DTCBRT9AaMKs7eLkCRmGkS,diet-1904,es-nob
i-DTCBRT9AaMKs7eLkCRmGkS,diet-1905,es-nob
i-DV5KHjXrAZsvXFDWwDKJxa,diet-1894,es-bou
i-DV5KHjXrAZsvXFDWwDKJxa,diet-1899,es-bou
i-DWiyp39c5DMfpZq6cMdmVh,diet-1877,es-cle
i-DWiyp39c5DMfpZq6cMdmVh,diet-1867,es-cle
i-DXP9WxpJAbmvBWP4QoWY25,diet-1863,es-nob
i-DZJtkrPfWZvk4Ap77q2uxp,diet-1899,es-nob
i-DZJtkrPfWZvk4Ap77q2uxp,diet-1904,es-nob
i-DZJtkrPfWZvk4Ap77q2uxp,diet-1905,es-nob
i-DZJtkrPfWZvk4Ap77q2uxp,diet-1891,es-nob
i-Dcjy8t7dMSXCDTPkfuVXgT,diet-1897,es-nob
i-Dcjy8t7dMSXCDTPkfuVXgT,diet-1900,es-nob
i-Dcjy8t7dMSXCDTPkfuVXgT,diet-1894,es-nob
i-Dcjy8t7dMSXCDTPkfuVXgT,diet-1904,es-nob
i-Dcjy8t7dMSXCDTPkfuVXgT,diet-1905,es-nob
i-DdvHcgdBbdRimFMB8LiyD9,diet-1899,es-bou
i-DdvHcgdBbdRimFMB8LiyD9,diet-1897,es-bou
i-DdvHcgdBbdRimFMB8LiyD9,diet-1894,es-bou
i-DdvHcgdBbdRimFMB8LiyD9,diet-1891,es-bou
i-DdvHcgdBbdRimFMB8LiyD9,diet-1888,es-bou
i-DeNANhJFvif9NVw93xfYiN,diet-1904,es-nob
i-DeNANhJFvif9NVw93xfYiN,diet-1899,es-nob
i-DeNANhJFvif9NVw93xfYiN,diet-1905,es-nob
i-DeNANhJFvif9NVw93xfYiN,diet-1900,es-nob
i-DfoBXxWtHB1dPk3VFvEfhi,diet-1891,es-bou
i-DfoBXxWtHB1dPk3VFvEfhi,diet-1885,es-bou
i-DhkpMWMtWKDEBsxXhj35hc,diet-1904,es-pea
i-DhkpMWMtWKDEBsxXhj35hc,diet-1905,es-pea
i-Di43id6kYb8YitBcHWJivt,diet-1867,es-bou
i-Di43id6kYb8YitBcHWJivt,diet-1863,es-bou
i-DiMeNaDKYnSXKLwHBuNkPP,diet-1867,es-pea
i-DiRtoFeWwZgawSF374ZTgV,diet-1885,es-bou
i-DiRtoFeWwZgawSF374ZTgV,diet-1891,es-bou
i-DiRtoFeWwZgawSF374ZTgV,diet-1897,es-bou
i-DiRtoFeWwZgawSF374ZTgV,diet-1888,es-bou
i-DiRtoFeWwZgawSF374ZTgV,diet-1899,es-bou
i-DmWg6kaxRcVGDxey3HZmMC,diet-1905,es-pea
i-DnEdGep1q7buLQVxHwoV7o,diet-1863,es-bou
i-DnR1jYzy4qjog5h4eX5Ap,diet-1877,es-nob
i-DoEwtusnqteK8Q8mNd1ztC,diet-1897,es-bou
i-DoEwtusnqteK8Q8mNd1ztC,diet-1899,es-bou
i-DoMTUzhCgrTNgKPPvWAefR,diet-1905,es-nob
i-DohHxxmYQkejcHDFzK8Xi2,diet-1891,es-pea
i-DojZ8qEG6LjbJsjZJ6xe4k,diet-1863,es-pea
i-DowNYFPp5EFuyJj5pim8KZ,diet-1885,es-nob
i-DowNYFPp5EFuyJj5pim8KZ,diet-1882,es-nob
i-DowNYFPp5EFuyJj5pim8KZ,diet-1877,es-nob
i-DowNYFPp5EFuyJj5pim8KZ,diet-1863,es-nob
i-DowNYFPp5EFuyJj5pim8KZ,diet-1888,es-nob
i-DowNYFPp5EFuyJj5pim8KZ,diet-1897,es-nob
i-DowNYFPp5EFuyJj5pim8KZ,diet-1891,es-nob
i-DpU7gVJYPRauQkC2oTYNZa,diet-1899,es-bou
i-DpU7gVJYPRauQkC2oTYNZa,diet-1900,es-bou
i-DpU7gVJYPRauQkC2oTYNZa,diet-1897,es-bou
i-DsNvcZ4WKjqtgZgVHcTx2o,diet-1904,es-pea
i-DsQvv1m8aCf8m1tSrSAMR1,diet-1885,es-pea
i-DsQvv1m8aCf8m1tSrSAMR1,diet-1888,es-pea
i-DsQvv1m8aCf8m1tSrSAMR1,diet-1891,es-pea
i-DsQvv1m8aCf8m1tSrSAMR1,diet-1882,es-pea
i-DtHXRURSTfEvE52xc9jSoZ,diet-1867,es-pea
i-DuP59aJVbyCScuE2XG7BeY,diet-1863,es-nob
i-DvsnxJr6R8m8r5wknzUSGc,diet-1888,es-nob
i-DvsnxJr6R8m8r5wknzUSGc,diet-1905,es-nob
i-DvsnxJr6R8m8r5wknzUSGc,diet-1904,es-nob
i-DvsnxJr6R8m8r5wknzUSGc,diet-1882,es-nob
i-DvsnxJr6R8m8r5wknzUSGc,diet-1885,es-nob
i-DvsnxJr6R8m8r5wknzUSGc,diet-1899,es-nob
i-DvsnxJr6R8m8r5wknzUSGc,diet-1877,es-nob
i-DvsnxJr6R8m8r5wknzUSGc,diet-1867,es-nob
i-DxNP7TqQrEfxpsG7AMg3V2,diet-1863,es-nob
i-DxNP7TqQrEfxpsG7AMg3V2,diet-1867,es-nob
i-DyCDPVnVqVgNVuzhR7c5yC,diet-1867,es-pea
i-Dyoum1uqVHJc4aBfw4FSSa,diet-1899,es-nob
i-Dyoum1uqVHJc4aBfw4FSSa,diet-1891,es-nob
i-Dyoum1uqVHJc4aBfw4FSSa,diet-1894,es-nob
i-Dyoum1uqVHJc4aBfw4FSSa,diet-1897,es-nob
i-Dyoum1uqVHJc4aBfw4FSSa,diet-1905,es-nob
i-Dyoum1uqVHJc4aBfw4FSSa,diet-1904,es-nob
i-Dyoum1uqVHJc4aBfw4FSSa,diet-1900,es-nob
i-Dz5hAwJyDWqRCY5HYongt,diet-1897,es-nob
i-Dz5hAwJyDWqRCY5HYongt,diet-1900,es-nob
i-Dz5hAwJyDWqRCY5HYongt,diet-1904,es-nob
i-Dz5hAwJyDWqRCY5HYongt,diet-1905,es-nob
i-Dz5hAwJyDWqRCY5HYongt,diet-1899,es-nob
i-DzJ4FMZXj9ohtdnkysVnh,diet-1904,es-pea
i-DzP2McJdARN1V89E93Ay4t,diet-1905,es-pea
i-Dzo2xTpgSK2hWn5XcoQy3,diet-1885,es-bou
i-E2D75NaHBPSAb5t7WahXsr,diet-1897,es-nob
i-E3msfxTo8TZ2VyeUTvXSUg,diet-1905,es-bou
i-E449mBU6gv4eXJJwuYXFvG,diet-1904,es-pea
i-E4eK7REWL1iRG4jFor7gae,diet-1904,es-bou
i-E4eK7REWL1iRG4jFor7gae,diet-1905,es-bou
i-E4sJZkcvrMxBkmsiZoBAAh,diet-1894,es-cle
i-E4sJZkcvrMxBkmsiZoBAAh,diet-1888,es-cle
i-E4sJZkcvrMxBkmsiZoBAAh,diet-1891,es-cle
i-E4sJZkcvrMxBkmsiZoBAAh,diet-1897,es-cle
i-E4sJZkcvrMxBkmsiZoBAAh,diet-1899,es-cle
i-E4sJZkcvrMxBkmsiZoBAAh,diet-1900,es-cle
i-E4sJZkcvrMxBkmsiZoBAAh,diet-1904,es-cle
i-E4sJZkcvrMxBkmsiZoBAAh,diet-1905,es-cle
i-E5oLMwDAgUiAxgDEhx1LcY,diet-1904,es-nob
i-E6yXJrnTXL624QDwbQ21Pk,diet-1863,es-cle
i-E78eJvBU44BnbTEwUNPTah,diet-1882,es-pea
i-E78eJvBU44BnbTEwUNPTah,diet-1877,es-pea
i-E78gPFT49CGaUAXe7cfk88,diet-1894,es-nob
i-E842CxwFnJfAsu59UCBbji,diet-1904,es-bou
i-E842CxwFnJfAsu59UCBbji,diet-1905,es-bou
i-E842CxwFnJfAsu59UCBbji,diet-1900,es-bou
i-E842CxwFnJfAsu59UCBbji,diet-1899,es-bou
i-E842CxwFnJfAsu59UCBbji,diet-1897,es-bou
i-E8o2CUgc6j8zTErDbaEDQk,diet-porvoo,es-nob
i-EAHXCwinZpxJEmpN7f2gCG,diet-1905,es-bou
i-EBLg4rQKzZ3b6Eg9w5vKHX,diet-1863,es-nob
i-EBe5dMDhz6j26QDyaC28kC,diet-1904,es-nob
i-ECLdY41T941BqZijUjxQun,diet-1900,es-pea
i-EDqv7TisA5PjGhg4drrxvt,diet-1877,es-bou
i-EDqv7TisA5PjGhg4drrxvt,diet-1863,es-bou
i-EEDumsMkgt1qv2LRDpuUid,diet-1863,es-pea
i-EHRMnkSVAPak3672NPWQUt,diet-1882,es-nob
i-EHtdX5jCKmh1XzVaChg5t7,diet-1863,es-bou
i-EJMdBVXoPwci3WftmbWBr1,diet-1894,es-bou
i-EJMdBVXoPwci3WftmbWBr1,diet-1885,es-bou
i-EJMdBVXoPwci3WftmbWBr1,diet-1900,es-bou
i-EJMdBVXoPwci3WftmbWBr1,diet-1888,es-bou
i-EJMdBVXoPwci3WftmbWBr1,diet-1905,es-bou
i-EJMdBVXoPwci3WftmbWBr1,diet-1899,es-bou
i-EJMdBVXoPwci3WftmbWBr1,diet-1897,es-bou
i-EJXZVq6RKfRKkTZvTFPA2w,diet-1897,es-pea
i-EKgsdWUKkNjoMZSd54c91Q,diet-1877,es-bou
i-EKkrnXvuHxMMnTwjDb4imw,diet-1867,es-cle
i-ENMjRvMTmj4y4ZKemGmPRi,diet-1894,es-pea
i-ENeMx6XG6uxkKZ5MuVZMcF,diet-1891,es-nob
i-ENeMx6XG6uxkKZ5MuVZMcF,diet-1888,es-nob
i-ENeMx6XG6uxkKZ5MuVZMcF,diet-1885,es-nob
i-ENeMx6XG6uxkKZ5MuVZMcF,diet-1904,es-nob
i-ENeMx6XG6uxkKZ5MuVZMcF,diet-1882,es-nob
i-ENeMx6XG6uxkKZ5MuVZMcF,diet-1900,es-nob
i-ENeMx6XG6uxkKZ5MuVZMcF,diet-1899,es-nob
i-ENeMx6XG6uxkKZ5MuVZMcF,diet-1897,es-nob
i-ENeMx6XG6uxkKZ5MuVZMcF,diet-1894,es-nob
i-EPiSDHWvRjVpP9ZBHuoPLi,diet-1904,es-bou
i-EPiSDHWvRjVpP9ZBHuoPLi,diet-1900,es-bou
i-EPiSDHWvRjVpP9ZBHuoPLi,diet-1894,es-bou
i-EPiSDHWvRjVpP9ZBHuoPLi,diet-1905,es-bou
i-EQvj9fL5osnqMNoPpVA6wE,diet-1891,es-nob
i-EQvj9fL5osnqMNoPpVA6wE,diet-1888,es-nob
i-EQvj9fL5osnqMNoPpVA6wE,diet-1882,es-nob
i-EQvj9fL5osnqMNoPpVA6wE,diet-1897,es-nob
i-EQvj9fL5osnqMNoPpVA6wE,diet-1894,es-nob
i-EQvj9fL5osnqMNoPpVA6wE,diet-1877,es-nob
i-EQvj9fL5osnqMNoPpVA6wE,diet-1905,es-nob
i-EQvj9fL5osnqMNoPpVA6wE,diet-1904,es-nob
i-EQvj9fL5osnqMNoPpVA6wE,diet-1900,es-nob
i-EQvj9fL5osnqMNoPpVA6wE,diet-1899,es-nob
i-EQvj9fL5osnqMNoPpVA6wE,diet-1885,es-nob
i-ER5P4AeGQU1UhNg4KSuGfA,diet-1867,es-pea
i-ES944pFdPUxvHzos99jxZJ,diet-porvoo,es-pea
i-ETQzEcgbBi4s4RJ7ZnfAwr,diet-1899,es-nob
i-ETQzEcgbBi4s4RJ7ZnfAwr,diet-1904,es-nob
i-ETQzEcgbBi4s4RJ7ZnfAwr,diet-1891,es-nob
i-ETQzEcgbBi4s4RJ7ZnfAwr,diet-1905,es-nob
i-EUNd7pvigVDq2k1buBvxf9,diet-1863,es-nob
i-EUNd7pvigVDq2k1buBvxf9,diet-1867,es-nob
i-EVfZBUkzrmkjLRX3mG1o3n,diet-1885,es-bou
i-EVfZBUkzrmkjLRX3mG1o3n,diet-1891,es-bou
i-EWF5w6W7mNczUrPXBtTG1i,diet-1867,es-cle
i-EWnS8D5oELrZTGgrDxKuax,diet-porvoo,es-nob
i-EYJT4XUYCifxuQgXm8q9GN,diet-1905,es-bou
i-EYL9UZ7jUiPhk9qT9L4Gma,diet-1882,es-bou
i-EYL9UZ7jUiPhk9qT9L4Gma,diet-1888,es-bou
i-EYL9UZ7jUiPhk9qT9L4Gma,diet-1885,es-bou
i-EYejvEUqeCVaatuY2xfRCa,diet-1900,es-bou
i-EYejvEUqeCVaatuY2xfRCa,diet-1904,es-bou
i-EZ7u1ySxqiV1yRWzN5MvET,diet-porvoo,es-nob
i-EZKSYqQGo6bru2L8grnLU5,diet-1863,es-pea
i-EcTftrF95cFGy5fyqKnWGy,diet-1885,es-nob
i-EdWPU8jZb97Q5NntadXUgh,diet-porvoo,es-nob
i-EdapCdTq9Y7JEMnMSf5nWS,diet-1877,es-bou
i-EeTFbyDUFF9QtjjBFNtDQF,diet-1899,es-pea
i-EeTFbyDUFF9QtjjBFNtDQF,diet-1900,es-pea
i-EeTFbyDUFF9QtjjBFNtDQF,diet-1867,es-pea
i-EeTFbyDUFF9QtjjBFNtDQF,diet-1882,es-pea
i-EeTFbyDUFF9QtjjBFNtDQF,diet-1885,es-pea
i-EebNEN3Fjuqo1eK2rRRv3X,diet-1904,es-bou
i-Ef7n2WRKmjh7HiBPqvKhX5,diet-1905,es-cle
i-EfMifumtJPzU8j2xQd3Y47,diet-1877,es-cle
i-EfMifumtJPzU8j2xQd3Y47,diet-1882,es-cle
i-EfMifumtJPzU8j2xQd3Y47,diet-1867,es-cle
i-EgiNvPcaifKheMGDbyyqWE,diet-1885,es-nob
i-EgiNvPcaifKheMGDbyyqWE,diet-1877,es-nob
i-EgiNvPcaifKheMGDbyyqWE,diet-1888,es-nob
i-Eh11pSQN15vwedriURK4FD,diet-1863,es-nob
i-EhL4uM3sUHy8VUCoYi78as,diet-1863,es-nob
i-EiiQ7Jz1v4GYGMTCiMv9Cm,diet-1905,es-bou
i-EjTKe45emsM1M3iEM1jsbD,diet-porvoo,es-nob
i-EkbZcKC1cxicmSNQdsofep,diet-1877,es-bou
i-EkroDQ9EYje8n1rq9iKMkY,diet-1904,es-nob
i-EkroDQ9EYje8n1rq9iKMkY,diet-1882,es-nob
i-EkroDQ9EYje8n1rq9iKMkY,diet-1877,es-nob
i-EkroDQ9EYje8n1rq9iKMkY,diet-1885,es-nob
i-EkuqrxiDLYkN7w8kVEcEKx,diet-1899,es-bou
i-EkuqrxiDLYkN7w8kVEcEKx,diet-1894,es-bou
i-EkuqrxiDLYkN7w8kVEcEKx,diet-1900,es-bou
i-EkuqrxiDLYkN7w8kVEcEKx,diet-1897,es-bou
i-EmUBxcMYc8BmU1uL3QdD4q,diet-1899,es-nob
i-EmUBxcMYc8BmU1uL3QdD4q,diet-1900,es-nob
i-EmUBxcMYc8BmU1uL3QdD4q,diet-1905,es-nob
i-EmqNER47i1Nu1rJadKyiQw,diet-1894,es-pea
i-EmqNER47i1Nu1rJadKyiQw,diet-1888,es-pea
i-EmqNER47i1Nu1rJadKyiQw,diet-1885,es-pea
i-EmqNER47i1Nu1rJadKyiQw,diet-1882,es-pea
i-EmqNER47i1Nu1rJadKyiQw,diet-1877,es-pea
i-EmqNER47i1Nu1rJadKyiQw,diet-1891,es-pea
i-EofqyGpvHy8k9NzSeJtd6F,diet-1885,es-cle
i-EofqyGpvHy8k9NzSeJtd6F,diet-1899,es-cle
i-EofqyGpvHy8k9NzSeJtd6F,diet-1897,es-cle
i-EofqyGpvHy8k9NzSeJtd6F,diet-1894,es-cle
i-EofqyGpvHy8k9NzSeJtd6F,diet-1891,es-cle
i-EofqyGpvHy8k9NzSeJtd6F,diet-1888,es-cle
i-EofqyGpvHy8k9NzSeJtd6F,diet-1882,es-cle
i-EofzZMtc7bHkYrk1DMbcJM,diet-1897,es-nob
i-EofzZMtc7bHkYrk1DMbcJM,diet-1899,es-nob
i-EofzZMtc7bHkYrk1DMbcJM,diet-1900,es-nob
i-EofzZMtc7bHkYrk1DMbcJM,diet-1904,es-nob
i-EofzZMtc7bHkYrk1DMbcJM,diet-1905,es-nob
i-Eoh6go1r2gZUEHoWkD2wZf,diet-1900,es-nob
i-Eoh6go1r2gZUEHoWkD2wZf,diet-1905,es-nob
i-Eoh6go1r2gZUEHoWkD2wZf,diet-1899,es-nob
i-Eoh6go1r2gZUEHoWkD2wZf,diet-1897,es-nob
i-Eoh6go1r2gZUEHoWkD2wZf,diet-1904,es-nob
i-Eoh6go1r2gZUEHoWkD2wZf,diet-1894,es-nob
i-EqxJvEcFn3pmNPchjvzb9a,diet-1877,es-bou
i-EqzRL2mm1ffjLRp6RzH1bh,diet-1900,es-cle
i-EqzRL2mm1ffjLRp6RzH1bh,diet-1899,es-cle
i-EqzRL2mm1ffjLRp6RzH1bh,diet-1897,es-cle
i-Er4VowqzqJZ3N91FX97xSr,diet-1867,es-cle
i-ErefsCL6f7Lvk9iUbkZtPZ,diet-1863,es-bou
i-EtfZRTD4CYaExbGTg6UBjx,diet-1897,es-bou
i-EubGaC45XvL4c18F6U6mCD,diet-1867,es-nob
i-EucvstvmVvA33AJNrw2FH5,diet-1863,es-nob
i-EucvstvmVvA33AJNrw2FH5,diet-1885,es-nob
i-EucvstvmVvA33AJNrw2FH5,diet-1877,es-nob
i-EucvstvmVvA33AJNrw2FH5,diet-1867,es-nob
i-EuoJ16TMvdtrax3gfPLFLG,diet-1891,es-pea
i-Ev9rwChsySU6VMfbevkpjp,diet-1891,es-pea
i-Ev9rwChsySU6VMfbevkpjp,diet-1894,es-pea
i-Ev9rwChsySU6VMfbevkpjp,diet-1900,es-pea
i-Ev9rwChsySU6VMfbevkpjp,diet-1863,es-pea
i-Ev9rwChsySU6VMfbevkpjp,diet-1899,es-pea
i-Ev9rwChsySU6VMfbevkpjp,diet-1877,es-pea
i-Ev9rwChsySU6VMfbevkpjp,diet-1882,es-pea
i-Ev9rwChsySU6VMfbevkpjp,diet-1885,es-pea
i-Ev9rwChsySU6VMfbevkpjp,diet-1888,es-pea
i-Ev9rwChsySU6VMfbevkpjp,diet-1897,es-pea
i-Ev9rwChsySU6VMfbevkpjp,diet-1867,es-pea
i-EyCwcgnc6m1fa5U2bKaFXx,diet-1863,es-nob
i-EyCwcgnc6m1fa5U2bKaFXx,diet-1867,es-nob
i-EyCwcgnc6m1fa5U2bKaFXx,diet-1882,es-nob
i-EyCwcgnc6m1fa5U2bKaFXx,diet-1897,es-nob
i-EyCwcgnc6m1fa5U2bKaFXx,diet-1894,es-nob
i-EyCwcgnc6m1fa5U2bKaFXx,diet-1891,es-nob
i-EyCwcgnc6m1fa5U2bKaFXx,diet-1888,es-nob
i-EyCwcgnc6m1fa5U2bKaFXx,diet-1885,es-nob
i-EyCwcgnc6m1fa5U2bKaFXx,diet-1877,es-nob
i-EzXoZ2awDLVNmEs6w7GpNj,diet-1905,es-nob
i-EzXoZ2awDLVNmEs6w7GpNj,diet-1904,es-nob
i-EzXoZ2awDLVNmEs6w7GpNj,diet-1900,es-nob
i-F1sBJexePgLzems1trqV2A,diet-1900,es-nob
i-F1sBJexePgLzems1trqV2A,diet-1905,es-nob
i-F1sBJexePgLzems1trqV2A,diet-1904,es-nob
i-F1sBJexePgLzems1trqV2A,diet-1897,es-nob
i-F2TqnhZABMnKRLA6m3Wt9s,diet-1905,es-nob
i-F2za3adppYaQeFqUUwomi1,diet-porvoo,es-bou
i-F3aUsRbXiCkZyhMHWkHLbZ,diet-1891,es-pea
i-F3aUsRbXiCkZyhMHWkHLbZ,diet-1900,es-pea
i-F41ncMNAehsDceiFfh8xWG,diet-1900,es-nob
i-F41ncMNAehsDceiFfh8xWG,diet-1897,es-nob
i-F5fPeiDWjze3RMUqb48JRf,diet-1877,es-nob
i-F5fPeiDWjze3RMUqb48JRf,diet-1882,es-nob
i-F6idYyLQmoLSLW2mo8tU2b,diet-1905,es-pea
i-F8bLJJfdbZyEs3H1C5kMAw,diet-1900,es-nob
i-F93JWBjLggDZB1c6SHCsfb,diet-1904,es-nob
i-F93JWBjLggDZB1c6SHCsfb,diet-1894,es-nob
i-F93JWBjLggDZB1c6SHCsfb,diet-1897,es-nob
i-F93JWBjLggDZB1c6SHCsfb,diet-1899,es-nob
i-F93JWBjLggDZB1c6SHCsfb,diet-1900,es-nob
i-F93JWBjLggDZB1c6SHCsfb,diet-1905,es-nob
i-F9Uan6uDi3gGTXa1Gcn5Aj,diet-1888,es-nob
i-F9jojaLUQpfPMBudiTYBw,diet-1877,es-nob
i-F9qTUwqs1ymrnF4gMnMsBr,diet-1900,es-bou
i-F9qTUwqs1ymrnF4gMnMsBr,diet-1894,es-bou
i-F9qTUwqs1ymrnF4gMnMsBr,diet-1899,es-bou
i-FARTN51opJpmXmZjke8Xyy,diet-1888,es-nob
i-FAdnQV2mavJ2UwNm5JjbBX,diet-1863,es-nob
i-FCru9fHyaNuhdvNj3ZMWok,diet-1905,es-nob
i-FCru9fHyaNuhdvNj3ZMWok,diet-1904,es-nob
i-FCru9fHyaNuhdvNj3ZMWok,diet-1900,es-nob
i-FCru9fHyaNuhdvNj3ZMWok,diet-1899,es-nob
i-FCru9fHyaNuhdvNj3ZMWok,diet-1894,es-nob
i-FCru9fHyaNuhdvNj3ZMWok,diet-1897,es-nob
i-FDszLxa7n18J7pGWoaPo61,diet-1905,es-nob
i-FFza3odvoxhDmtbr4UiPFk,diet-1904,es-pea
i-FFza3odvoxhDmtbr4UiPFk,diet-1891,es-pea
i-FGXsDXPGYxh7QuVwHKESrf,diet-1905,es-nob
i-FGXsDXPGYxh7QuVwHKESrf,diet-1904,es-nob
i-FGXsDXPGYxh7QuVwHKESrf,diet-1885,es-nob
i-FGXsDXPGYxh7QuVwHKESrf,diet-1882,es-nob
i-FGZtsFCfw113CzEnLXSp3t,diet-1877,es-pea
i-FHPAoTNLQBKMuyucj1d1H8,diet-1904,es-bou
i-FJYWThSR2FXXQsLLsRCnTT,diet-1885,es-nob
i-FJYWThSR2FXXQsLLsRCnTT,diet-1882,es-nob
i-FJzRBuP188MmWa7nk6o4Vb,diet-porvoo,es-nob
i-FLU4GzhfjqaiKp3BXLwdWL,diet-1905,es-pea
i-FLU4GzhfjqaiKp3BXLwdWL,diet-1904,es-pea
i-FNBvWxdPvjyrGH1Qc1aAer,diet-1867,es-pea
i-FNPPwEod1e3taFV6aqGkL,diet-1897,es-cle
i-FNPPwEod1e3taFV6aqGkL,diet-1891,es-cle
i-FNPPwEod1e3taFV6aqGkL,diet-1899,es-cle
i-FNPPwEod1e3taFV6aqGkL,diet-1900,es-cle
i-FNPPwEod1e3taFV6aqGkL,diet-1904,es-cle
i-FNPPwEod1e3taFV6aqGkL,diet-1888,es-cle
i-FNPPwEod1e3taFV6aqGkL,diet-1905,es-cle
i-FQGo7QA6JPdubg7BeeeYGF,diet-1867,es-pea
i-FRTXNM8bWSfv4EVgWqYu9h,diet-1863,es-nob
i-FRViuuMu59HXvcduvR4JJb,diet-porvoo,es-bou
i-FTpJmcFyji4ABCWHY7yDso,diet-1899,es-nob
i-FTpJmcFyji4ABCWHY7yDso,diet-1905,es-nob
i-FUnhftNVyCFbh9ftx4agbz,diet-1894,es-pea
i-FXUQh967xLRCogeTYmdrCW,diet-1900,es-bou
i-FXUQh967xLRCogeTYmdrCW,diet-1882,es-bou
i-FXUQh967xLRCogeTYmdrCW,diet-1885,es-bou
i-FXUQh967xLRCogeTYmdrCW,diet-1888,es-bou
i-FXUQh967xLRCogeTYmdrCW,diet-1899,es-bou
i-FXge12HBsdn8k5HAufzWpc,diet-1904,es-bou
i-FXge12HBsdn8k5HAufzWpc,diet-1905,es-bou
i-FYbSvFu4rVek9C99uESHpF,diet-1899,es-pea
i-FYbSvFu4rVek9C99uESHpF,diet-1900,es-pea
i-FYjmCyuWucvpTGy2QzWpoP,diet-1905,es-bou
i-FYjmCyuWucvpTGy2QzWpoP,diet-1900,es-bou
i-FaKMEEfi3TMUuBz9Mb4reR,diet-porvoo,es-nob
i-Fbfm1HbZePHYVTAZTJf59L,diet-1863,es-pea
i-FcbLaSzYMyza1vG8PnY8hk,diet-1894,es-nob
i-FcbLaSzYMyza1vG8PnY8hk,diet-1891,es-nob
i-FcinkmTGBnbazMfGGKxqLK,diet-1882,es-pea
i-FcnE7JqpsivtwiXQm29xQS,diet-1905,es-nob
i-FcnE7JqpsivtwiXQm29xQS,diet-1904,es-nob
i-Fd7mqD67aGjCuWx3jSHA1C,diet-1867,es-nob
i-FdRKYW6mapQK8J9mxSmBVd,diet-1877,es-bou
i-FdRfUaAkk5CYpd9Du8pbGa,diet-1900,es-nob
i-FdRfUaAkk5CYpd9Du8pbGa,diet-1894,es-nob
i-FdRfUaAkk5CYpd9Du8pbGa,diet-1897,es-nob
i-FdRfUaAkk5CYpd9Du8pbGa,diet-1891,es-nob
i-FdRfUaAkk5CYpd9Du8pbGa,diet-1888,es-nob
i-FdRfUaAkk5CYpd9Du8pbGa,diet-1885,es-nob
i-FdRfUaAkk5CYpd9Du8pbGa,diet-1877,es-nob
i-FdRfUaAkk5CYpd9Du8pbGa,diet-1899,es-nob
i-FdRfUaAkk5CYpd9Du8pbGa,diet-1904,es-nob
i-FdRfUaAkk5CYpd9Du8pbGa,diet-1882,es-nob
i-FdRfUaAkk5CYpd9Du8pbGa,diet-1905,es-nob
i-FeaexDXFvKCbfhp6jTXNbe,diet-1894,es-cle
i-FfS48taDhdyhLbaL7izam6,diet-1863,es-nob
i-FfVRGMNn5KRqwAWb2KstnH,diet-1888,es-cle
i-FfVRGMNn5KRqwAWb2KstnH,diet-1877,es-cle
i-FfVRGMNn5KRqwAWb2KstnH,diet-1882,es-cle
i-FfVRGMNn5KRqwAWb2KstnH,diet-1867,es-cle
i-FfVRGMNn5KRqwAWb2KstnH,diet-1885,es-cle
i-Fhpw6o7Qy1YaRxYQmNUM8W,diet-1863,es-pea
i-Figg8qYJUVdtKgrJaCVJ3y,diet-1894,es-pea
i-Figg8qYJUVdtKgrJaCVJ3y,diet-1891,es-pea
i-FiibtiyGJPryBr7nBGLj5b,diet-1894,es-bou
i-Fiig8BDMNpZQK8Za9ST51D,diet-1863,es-nob
i-FjKyUtcoFwK8FSRaLwa4qr,diet-1863,es-nob
i-FnbEx9QPcybRj3CQyvdiaM,diet-1905,es-nob
i-FnbEx9QPcybRj3CQyvdiaM,diet-1904,es-nob
i-Fnc3xqQ6Yw1weZo5vTRsDX,diet-1897,es-pea
i-Fnc3xqQ6Yw1weZo5vTRsDX,diet-1905,es-pea
i-Fqvx5ooU2nKu7WppxfCNor,diet-1905,es-nob
i-Fw8FPwmDv3ESpXNhmXoZYU,diet-1863,es-bou
i-FxBFM2uzof1KWHDpt4Uswx,diet-1888,es-nob
i-FxBFM2uzof1KWHDpt4Uswx,diet-1877,es-nob
i-FxBFM2uzof1KWHDpt4Uswx,diet-1867,es-nob
i-FxBFM2uzof1KWHDpt4Uswx,diet-1894,es-nob
i-FxBFM2uzof1KWHDpt4Uswx,diet-1885,es-nob
i-FxBFM2uzof1KWHDpt4Uswx,diet-1891,es-nob
i-FxBFM2uzof1KWHDpt4Uswx,diet-1882,es-nob
i-FxU6UzwNGq6us5QcQFzcHh,diet-1877,es-nob
i-G1koBoY9BodkJrpULKg4MG,diet-1863,es-cle
i-G3GyWSwuFaxKNReYYXx1r5,diet-1888,es-nob
i-G4Kxx8in9vUPtEQxcVFHyA,diet-porvoo,es-nob
i-G4Mx6CSAhZT1Ty3hcwy1We,diet-1863,es-nob
i-G4Mx6CSAhZT1Ty3hcwy1We,diet-1867,es-nob
i-G4NdDEqVRioq48p7EQbaeR,diet-1905,es-nob
i-G4QdecQ6MsXD7WEhcFNK5v,diet-1904,es-nob
i-G4QdecQ6MsXD7WEhcFNK5v,diet-1905,es-nob
i-G57bpc4f6Fu1svLLXDpNcx,diet-1900,es-nob
i-G57bpc4f6Fu1svLLXDpNcx,diet-1905,es-nob
i-G57bpc4f6Fu1svLLXDpNcx,diet-1904,es-nob
i-G6WXvp4m8PJWEz8kHykewM,diet-1885,es-bou
i-G6WXvp4m8PJWEz8kHykewM,diet-1877,es-bou
i-G6WXvp4m8PJWEz8kHykewM,diet-1882,es-bou
i-G6WXvp4m8PJWEz8kHykewM,diet-1904,es-nob
i-G6WXvp4m8PJWEz8kHykewM,diet-1894,es-bou
i-G6iwQxbYxHRYyueS8LfTsP,diet-1905,es-pea
i-G6iwQxbYxHRYyueS8LfTsP,diet-1904,es-pea
i-G7hzwEaQa2dTy17bhDocu2,diet-1891,es-nob
i-G7pBqgMojRr9AymmEtQzEN,diet-porvoo,es-nob
i-G84CpMDMjw6dbrVWopd4X7,diet-1904,es-bou
i-G86NetonwkTbVdHBbfsymU,diet-1888,es-nob
i-G8yreya82bfWU9dcq1F8hx,diet-1905,es-nob
i-G8yreya82bfWU9dcq1F8hx,diet-1899,es-nob
i-G8yreya82bfWU9dcq1F8hx,diet-1904,es-nob
i-G8yreya82bfWU9dcq1F8hx,diet-1894,es-nob
i-G8yreya82bfWU9dcq1F8hx,diet-1897,es-nob
i-GAtn7bERdoirMx4xRthNqz,diet-1867,es-nob
i-GAtn7bERdoirMx4xRthNqz,diet-1894,es-nob
i-GAtn7bERdoirMx4xRthNqz,diet-1863,es-nob
i-GAtn7bERdoirMx4xRthNqz,diet-1877,es-nob
i-GAtn7bERdoirMx4xRthNqz,diet-1885,es-nob
i-GAtn7bERdoirMx4xRthNqz,diet-1882,es-nob
i-GB2XZda45FyKVanRwMkJ38,diet-1867,es-nob
i-GB2XZda45FyKVanRwMkJ38,diet-1863,es-nob
i-GB2XZda45FyKVanRwMkJ38,diet-1877,es-nob
i-GB2XZda45FyKVanRwMkJ38,diet-1882,es-nob
i-GC4iKVSUKy4zqrxEso8fJC,diet-1900,es-nob
i-GC4iKVSUKy4zqrxEso8fJC,diet-1888,es-nob
i-GC4iKVSUKy4zqrxEso8fJC,diet-1882,es-nob
i-GC4iKVSUKy4zqrxEso8fJC,diet-1899,es-nob
i-GC4iKVSUKy4zqrxEso8fJC,diet-1894,es-nob
i-GC4iKVSUKy4zqrxEso8fJC,diet-1885,es-nob
i-GC4iKVSUKy4zqrxEso8fJC,diet-1897,es-nob
i-GC4iKVSUKy4zqrxEso8fJC,diet-1905,es-nob
i-GC4iKVSUKy4zqrxEso8fJC,diet-1891,es-nob
i-GC4iKVSUKy4zqrxEso8fJC,diet-1904,es-nob
i-GEJW1X9fTb76RGrRQT1Xr5,diet-1905,es-bou
i-GGBAD7iX8fRMidLfwkuf4H,diet-1867,es-bou
i-GGBAD7iX8fRMidLfwkuf4H,diet-1863,es-bou
i-GL42zd2qVjzLjjZ4FhqajZ,diet-1863,es-nob
i-GL42zd2qVjzLjjZ4FhqajZ,diet-1867,es-nob
i-GMQsuhSAwWd986Q51uYDSu,diet-1904,es-pea
i-GMRQkmLRCx39JoBJgBC7j4,diet-1867,es-nob
i-GMfCWWEUuVeJEHKYgMeo6H,diet-1897,es-nob
i-GMfCWWEUuVeJEHKYgMeo6H,diet-1899,es-nob
i-GMfCWWEUuVeJEHKYgMeo6H,diet-1905,es-nob
i-GMfCWWEUuVeJEHKYgMeo6H,diet-1904,es-nob
i-GMfCWWEUuVeJEHKYgMeo6H,diet-1900,es-nob
i-GPf3EjMoWsMbpy1SvvWd7X,diet-porvoo,es-nob
i-GQv8Naq61LAD3azXZwqehT,diet-1897,es-nob
i-GQv8Naq61LAD3azXZwqehT,diet-1899,es-nob
i-GR25tN5vpHqsQL2THp5BzR,diet-1905,es-nob
i-GR25tN5vpHqsQL2THp5BzR,diet-1904,es-nob
i-GR25tN5vpHqsQL2THp5BzR,diet-1897,es-nob
i-GT6FgM35BjNdFMXCWWyyuA,diet-1897,es-pea
i-GT6FgM35BjNdFMXCWWyyuA,diet-1894,es-pea
i-GT6FgM35BjNdFMXCWWyyuA,diet-1900,es-pea
i-GT6FgM35BjNdFMXCWWyyuA,diet-1899,es-pea
i-GT6FgM35BjNdFMXCWWyyuA,diet-1905,es-pea
i-GT6FgM35BjNdFMXCWWyyuA,diet-1904,es-pea
i-GTNmQx5yoS1Ns36CUbTJS5,diet-1867,es-cle
i-GVT7x8Nt5F7JZsu1Dte2fk,diet-1863,es-nob
i-GVmiogSqRJqrVWCPcrDgDe,diet-1863,es-nob
i-GVmiogSqRJqrVWCPcrDgDe,diet-1894,es-nob
i-GWGMuHZpB7JtXsedCoRVmg,diet-1899,es-nob
i-GWGMuHZpB7JtXsedCoRVmg,diet-1900,es-nob
i-GWGMuHZpB7JtXsedCoRVmg,diet-1888,es-nob
i-GWGMuHZpB7JtXsedCoRVmg,diet-1891,es-nob
i-GWGMuHZpB7JtXsedCoRVmg,diet-1863,es-nob
i-GWGMuHZpB7JtXsedCoRVmg,diet-1877,es-nob
i-GWGMuHZpB7JtXsedCoRVmg,diet-1885,es-nob
i-GWGMuHZpB7JtXsedCoRVmg,diet-1882,es-nob
i-GWGMuHZpB7JtXsedCoRVmg,diet-1867,es-nob
i-GWGMuHZpB7JtXsedCoRVmg,diet-1894,es-nob
i-GWf6xVqXjhgG51RMmFS2pe,diet-1867,es-cle
i-GZK5EtQ9raxhJ5fcGEcbgj,diet-1897,es-pea
i-GZgKPbnkv98wL3MUuWBgcT,diet-1867,es-nob
i-GZgKPbnkv98wL3MUuWBgcT,diet-1863,es-nob
i-Ga4zhpKhZgMrwW6CEFhPKo,diet-1894,es-bou
i-Ga4zhpKhZgMrwW6CEFhPKo,diet-1899,es-bou
i-Ga4zhpKhZgMrwW6CEFhPKo,diet-1905,es-bou
i-Ga4zhpKhZgMrwW6CEFhPKo,diet-1891,es-bou
i-Ga4zhpKhZgMrwW6CEFhPKo,diet-1900,es-bou
i-Ga4zhpKhZgMrwW6CEFhPKo,diet-1897,es-bou
i-Ga4zhpKhZgMrwW6CEFhPKo,diet-1904,es-bou
i-Ga4zhpKhZgMrwW6CEFhPKo,diet-1888,es-bou
i-Ga8ijRDWR7P52ZAHc5oi33,diet-1885,es-bou
i-GaNJg5yyoLLZFLXLT5DqzS,diet-1888,es-pea
i-GaVrP4AKzmi3hsgi9BrLwo,diet-porvoo,es-nob
i-GbyfTXHevxWvXpYKfxzfVD,diet-1885,es-nob
i-GbyfTXHevxWvXpYKfxzfVD,diet-1888,es-nob
i-GbyfTXHevxWvXpYKfxzfVD,diet-1891,es-nob
i-GbyfTXHevxWvXpYKfxzfVD,diet-1894,es-nob
i-GbyfTXHevxWvXpYKfxzfVD,diet-1899,es-nob
i-GbyfTXHevxWvXpYKfxzfVD,diet-1905,es-nob
i-GeJxU77Pyh8PJuj4uFsHY6,diet-1877,es-nob
i-GeYLFa2rDbdF171XpfngZK,diet-1863,es-nob
i-Gep5tWKb423Qx5AQc1WMA4,diet-1904,es-pea
i-GhLcAkdgUqnsq7PwR6e8fZ,diet-1888,es-nob
i-GjXymzvmVbXvMvSnsXEVDh,diet-1885,es-nob
i-GjXymzvmVbXvMvSnsXEVDh,diet-1882,es-nob
i-GjXymzvmVbXvMvSnsXEVDh,diet-1877,es-nob
i-GoAtGw3V5JQjMdAfdcsfof,diet-1905,es-cle
i-GoAtGw3V5JQjMdAfdcsfof,diet-1904,es-cle
i-GoJDCrdgd2qZy1f7rkMH7N,diet-1897,es-nob
i-GoJDCrdgd2qZy1f7rkMH7N,diet-1885,es-nob
i-GoJDCrdgd2qZy1f7rkMH7N,diet-1899,es-nob
i-GoQD4F6MiFcS9Vsdx3gqMW,diet-1904,es-nob
i-GoQD4F6MiFcS9Vsdx3gqMW,diet-1867,es-nob
i-GoQD4F6MiFcS9Vsdx3gqMW,diet-1863,es-nob
i-GqbRjbz9VGGWeqAzt5MnHd,diet-1904,es-nob
i-GqbRjbz9VGGWeqAzt5MnHd,diet-1900,es-nob
i-GqbRjbz9VGGWeqAzt5MnHd,diet-1905,es-nob
i-Gs6f3qia8y8TrjE6nzWpMi,diet-1905,es-nob
i-GsTBuxn4gzdp2YPxq2CF9t,diet-1888,es-nob
i-GsTBuxn4gzdp2YPxq2CF9t,diet-1891,es-nob
i-GsTBuxn4gzdp2YPxq2CF9t,diet-1877,es-nob
i-GsTBuxn4gzdp2YPxq2CF9t,diet-1867,es-nob
i-GsTBuxn4gzdp2YPxq2CF9t,diet-1894,es-nob
i-GsTBuxn4gzdp2YPxq2CF9t,diet-1882,es-nob
i-GsTBuxn4gzdp2YPxq2CF9t,diet-1863,es-nob
i-GsTBuxn4gzdp2YPxq2CF9t,diet-1885,es-nob
i-GsZwREPpy6D78H3Sw8e8Gm,diet-1905,es-bou
i-GsoLcP1UNjtUTBtjxzkkTU,diet-1867,es-pea
i-Gszfg34rDxE1wvwMWnuEcr,diet-1863,es-nob
i-GtHU82sNyMBmYF9LF32Xqb,diet-1877,es-pea
i-GtNusg1wv3P4Wstjqet9bS,diet-1888,es-nob
i-GtNusg1wv3P4Wstjqet9bS,diet-1885,es-nob
i-GtNusg1wv3P4Wstjqet9bS,diet-1905,es-nob
i-GtNusg1wv3P4Wstjqet9bS,diet-1891,es-nob
i-GtNusg1wv3P4Wstjqet9bS,diet-1899,es-nob
i-GtNusg1wv3P4Wstjqet9bS,diet-1904,es-nob
i-GtNusg1wv3P4Wstjqet9bS,diet-1897,es-nob
i-GtNusg1wv3P4Wstjqet9bS,diet-1900,es-nob
i-GtNusg1wv3P4Wstjqet9bS,diet-1894,es-nob
i-Gu51hjRVWb7M565rBVU8jz,diet-1863,es-nob
i-Gv1vJVBUh9kKpS6xeF9qMU,diet-1882,es-pea
i-GvRx6Whoyo7iPDLJ6uwURb,diet-1867,es-nob
i-GvRx6Whoyo7iPDLJ6uwURb,diet-1877,es-nob
i-GvRx6Whoyo7iPDLJ6uwURb,diet-1891,es-nob
i-GvRx6Whoyo7iPDLJ6uwURb,diet-1904,es-nob
i-Gvbqi1rEyeoC3MYzScNFvG,diet-1894,es-nob
i-Gvbqi1rEyeoC3MYzScNFvG,diet-1897,es-nob
i-GwgXfMJUCLmbCeE55ztiRb,diet-1863,es-cle
i-GxyUSUbDKFfdHNFMFDJVDn,diet-1905,es-nob
i-GxyUSUbDKFfdHNFMFDJVDn,diet-1900,es-nob
i-GzpPNMDrZaojKzMHrH7hRL,diet-1863,es-nob
i-GzpPNMDrZaojKzMHrH7hRL,diet-1867,es-nob
i-H2an9aPsfB63H9UWpycjdo,diet-1863,es-nob
i-H2tWZRuEZ8bzGbjzhmGuxp,diet-1891,es-nob
i-H2tWZRuEZ8bzGbjzhmGuxp,diet-1885,es-nob
i-H2tWZRuEZ8bzGbjzhmGuxp,diet-1882,es-nob
i-H5ZHs71VNBBoa2s2Mnefgi,diet-1882,es-nob
i-H5j7JEfNpcffScykfd1hcQ,diet-1900,es-pea
i-H5j7JEfNpcffScykfd1hcQ,diet-1904,es-pea
i-H5j7JEfNpcffScykfd1hcQ,diet-1905,es-pea
i-H7UUat8gTkKMjfbsaDf8ce,diet-1885,es-cle
i-H7UUat8gTkKMjfbsaDf8ce,diet-1891,es-cle
i-H7UUat8gTkKMjfbsaDf8ce,diet-1882,es-cle
i-H7UUat8gTkKMjfbsaDf8ce,diet-1888,es-cle
i-H8yQTopN8aD4jQGED8XKHZ,diet-porvoo,es-pea
i-H9cZ6VmKS5CfdGexv8Ug5L,diet-1888,es-pea
i-H9suhRqqUHcPS6rkKze2ao,diet-1863,es-nob
i-HAkXw2e7ETu7AUjeewEWfr,diet-1899,es-pea
i-HAkXw2e7ETu7AUjeewEWfr,diet-1900,es-pea
i-HAkXw2e7ETu7AUjeewEWfr,diet-1904,es-pea
i-HAkXw2e7ETu7AUjeewEWfr,diet-1905,es-pea
i-HAm3MZcMCaM4g7nN65aKmR,diet-1888,es-nob
i-HCWC285KxJjLLZWfEkFpEp,diet-1899,es-nob
i-HCsDZ4jw1CfzTFHQ59MHas,diet-1877,es-pea
i-HCzKggNUcwH4QKEnXcArFk,diet-1877,es-pea
i-HDS4uGheZUgKFGSypVuhj7,diet-1899,es-nob
i-HDS4uGheZUgKFGSypVuhj7,diet-1904,es-nob
i-HDS4uGheZUgKFGSypVuhj7,diet-1905,es-nob
i-HF5phfP7sjX4wA6bTBzzPq,diet-1863,es-nob
i-HFSaJChwMy6H3kcVHoj1mX,diet-1863,es-nob
i-HGkvq3faHKCS2q8w4Fwvdd,diet-1882,es-pea
i-HHaCYxvtqi5749rN5jgDix,diet-1877,es-nob
i-HHaCYxvtqi5749rN5jgDix,diet-1867,es-nob
i-HHaCYxvtqi5749rN5jgDix,diet-1863,es-nob
i-HHaCYxvtqi5749rN5jgDix,diet-1882,es-nob
i-HHaCYxvtqi5749rN5jgDix,diet-1885,es-nob
i-HL3yrDjwhm33a2RNeSZtne,diet-1882,es-pea
i-HMYu9fE5ywoYGF6TqvESdP,diet-1904,es-nob
i-HMYu9fE5ywoYGF6TqvESdP,diet-1905,es-nob
i-HNBK5iuuktDMrLNsc3ftSQ,diet-1885,es-nob
i-HNBK5iuuktDMrLNsc3ftSQ,diet-1877,es-nob
i-HNBK5iuuktDMrLNsc3ftSQ,diet-1867,es-nob
i-HPjHzSRBVZu5dgj2E8rwgi,diet-1882,es-cle
i-HPtpyWz43gQAfG5VSspCby,diet-1882,es-pea
i-HRxMK8De5zRSBaXaaruAMN,diet-1904,es-pea
i-HUvuQRnpDN1nYgahrKQD5D,diet-1877,es-pea
i-HUvuQRnpDN1nYgahrKQD5D,diet-1891,es-pea
i-HUvuQRnpDN1nYgahrKQD5D,diet-1885,es-pea
i-HWyWGu6Fv6nhg9UH8FNaf3,diet-1900,es-nob
i-HWyWGu6Fv6nhg9UH8FNaf3,diet-1888,es-nob
i-HXHqd4QRn3AfHgeruW7D3w,diet-1899,es-cle
i-HXHqd4QRn3AfHgeruW7D3w,diet-1900,es-cle
i-HXHqd4QRn3AfHgeruW7D3w,diet-1904,es-cle
i-HXHqd4QRn3AfHgeruW7D3w,diet-1897,es-cle
i-HaR8EnfKL5psLJsjZDeZ8o,diet-1867,es-nob
i-HbssPjwFZEsothhGDbLv7,diet-1897,es-bou
i-Hc9XMkGEjEESuFdWzXy4JT,diet-1867,es-bou
i-HfEbbpVpEUS7EMymsy7tc6,diet-1877,es-cle
i-HfEbbpVpEUS7EMymsy7tc6,diet-1882,es-cle
i-HfV2z1pgrdiYTpNNDCAW2e,diet-1900,es-bou
i-HfWfActQe9KZ2kYVzhw5Bm,diet-1905,es-pea
i-Hfckxq71YhMkaNT4Y6ZYF7,diet-1877,es-nob
i-Hfckxq71YhMkaNT4Y6ZYF7,diet-1882,es-nob
i-HgEbezgGdxazEcJNm1Kus4,diet-1877,es-bou
i-HgqPynBUu2U3dYH95SV9vJ,diet-1897,es-nob
i-HgqPynBUu2U3dYH95SV9vJ,diet-1905,es-nob
i-HgqPynBUu2U3dYH95SV9vJ,diet-1900,es-nob
i-HgqPynBUu2U3dYH95SV9vJ,diet-1904,es-nob
i-HgqPynBUu2U3dYH95SV9vJ,diet-1899,es-nob
i-HhpcZwrh13UfQgSjC4pfMf,diet-1882,es-nob
i-HhpcZwrh13UfQgSjC4pfMf,diet-1877,es-nob
i-HhpcZwrh13UfQgSjC4pfMf,diet-1867,es-nob
i-HhpcZwrh13UfQgSjC4pfMf,diet-1894,es-nob
i-HicBkrSSbTW8EDMiSKYeB4,diet-1882,es-pea
i-HjfmDsS4k6Zju4rc3Q8bpb,diet-1900,es-pea
i-HjfmDsS4k6Zju4rc3Q8bpb,diet-1894,es-pea
i-HjfmDsS4k6Zju4rc3Q8bpb,diet-1899,es-pea
i-HjfmDsS4k6Zju4rc3Q8bpb,diet-1891,es-pea
i-HjfmDsS4k6Zju4rc3Q8bpb,diet-1897,es-pea
i-HjwH6PdtQ6PYxtY2MfXSKE,diet-1897,es-nob
i-HjwH6PdtQ6PYxtY2MfXSKE,diet-1885,es-nob
i-HjwH6PdtQ6PYxtY2MfXSKE,diet-1905,es-nob
i-HmF96RYdQTCuQ9kU2oPUsj,diet-1905,es-nob
i-HmF96RYdQTCuQ9kU2oPUsj,diet-1904,es-nob
i-HnA4L1LyxqEtV2ftM8MCTj,diet-1900,es-cle
i-HnA4L1LyxqEtV2ftM8MCTj,diet-1899,es-cle
i-HnTvUq9KxeheQ7d8MXETyv,diet-1897,es-nob
i-HnTvUq9KxeheQ7d8MXETyv,diet-1904,es-nob
i-Hqgm2kBS8HE6njNDkKFAns,diet-1888,es-nob
i-HrCdohmsxB2j5RtBj33hSU,diet-1905,es-nob
i-HrCdohmsxB2j5RtBj33hSU,diet-1904,es-nob
i-HrQR6nbHQayyFAXaYKpTtt,diet-1863,es-nob
i-Hsg38DD9aZavnt2BE6R92w,diet-1863,es-nob
i-Hsgr383t4iizpwWFP77NxX,diet-1877,es-bou
i-Hsgr383t4iizpwWFP77NxX,diet-1885,es-bou
i-Hsgr383t4iizpwWFP77NxX,diet-1882,es-bou
i-HtHJenXjZuoKxjoyEuKrvm,diet-1863,es-nob
i-HtHJenXjZuoKxjoyEuKrvm,diet-1867,es-nob
i-HtHJenXjZuoKxjoyEuKrvm,diet-1877,es-nob
i-HthP1vw6jGWu3H5SEMkYN1,diet-1888,es-pea
i-Hu2e8ZPjtEELuyw3zphhJJ,diet-1867,es-pea
i-Hv6XAG6mPv5vY2zxYJf3BD,diet-1882,es-pea
i-J1rpecNsAtKm6tYwewGWk,diet-1897,es-nob
i-J1rpecNsAtKm6tYwewGWk,diet-1888,es-nob
i-J1rpecNsAtKm6tYwewGWk,diet-1885,es-nob
i-J1rpecNsAtKm6tYwewGWk,diet-1882,es-nob
i-J1rpecNsAtKm6tYwewGWk,diet-1877,es-nob
i-J1rpecNsAtKm6tYwewGWk,diet-1867,es-nob
i-J1rpecNsAtKm6tYwewGWk,diet-1900,es-nob
i-J1rpecNsAtKm6tYwewGWk,diet-1863,es-nob
i-J1rpecNsAtKm6tYwewGWk,diet-1899,es-nob
i-J1rpecNsAtKm6tYwewGWk,diet-1894,es-nob
i-J1rpecNsAtKm6tYwewGWk,diet-1891,es-nob
i-J2CszrE3gkUiAQ8Qt52mWd,diet-1904,es-bou
i-J2CszrE3gkUiAQ8Qt52mWd,diet-1905,es-bou
i-J2CszrE3gkUiAQ8Qt52mWd,diet-1891,es-bou
i-J2CszrE3gkUiAQ8Qt52mWd,diet-1894,es-bou
i-J2CszrE3gkUiAQ8Qt52mWd,diet-1885,es-bou
i-J2CszrE3gkUiAQ8Qt52mWd,diet-1897,es-bou
i-J2CszrE3gkUiAQ8Qt52mWd,diet-1899,es-bou
i-J2CszrE3gkUiAQ8Qt52mWd,diet-1888,es-bou
i-J2CszrE3gkUiAQ8Qt52mWd,diet-1900,es-bou
i-J2bYY8oWuqJZiyuxqjuQzQ,diet-1863,es-cle
i-J2oB12cTydw9DLfUm3uYBN,diet-1885,es-bou
i-J3fSiozzccqG1AT1cQ8Aae,diet-1891,es-pea
i-J4VesWHSy7vjipBi6XD4Hw,diet-1882,es-bou
i-J4VesWHSy7vjipBi6XD4Hw,diet-1891,es-bou
i-J4VesWHSy7vjipBi6XD4Hw,diet-1897,es-bou
i-J4VesWHSy7vjipBi6XD4Hw,diet-1894,es-bou
i-J5WH196kdgSnwBG62938mv,diet-1885,es-bou
i-J5WH196kdgSnwBG62938mv,diet-1877,es-bou
i-J6f1ZajyjyZvcuocyejwtK,diet-1900,es-nob
i-J6zP3X9ccdcPDSdoJRRzLX,diet-1894,es-cle
i-J6zP3X9ccdcPDSdoJRRzLX,diet-1904,es-cle
i-J6zP3X9ccdcPDSdoJRRzLX,diet-1899,es-cle
i-J6zP3X9ccdcPDSdoJRRzLX,diet-1897,es-cle
i-J6zP3X9ccdcPDSdoJRRzLX,diet-1900,es-cle
i-J6zP3X9ccdcPDSdoJRRzLX,diet-1905,es-cle
i-J8B16Dk9GrSwVz9Qn7hcF8,diet-1891,es-bou
i-J8C9bmCMAhFzRdviTnCDsy,diet-1867,es-pea
i-J9QVP868kjoy9GpwvRxM2v,diet-1904,es-nob
i-JAJQRTmdwNUqKSNrqbGWKb,diet-1867,es-nob
i-JAJQRTmdwNUqKSNrqbGWKb,diet-1885,es-nob
i-JAJQRTmdwNUqKSNrqbGWKb,diet-1882,es-nob
i-JAJQRTmdwNUqKSNrqbGWKb,diet-1877,es-nob
i-JB2EsLBcC9n5Td2DE3r77T,diet-1867,es-pea
i-JEDCGCYNPMtpoaP1QDkcud,diet-porvoo,es-pea
i-JFCH6e9PsE1w8HHWkxDkhR,diet-1867,es-bou
i-JFFd4ZuB8jwp2b9revhQqt,diet-1885,es-bou
i-JFFd4ZuB8jwp2b9revhQqt,diet-1891,es-bou
i-JFFd4ZuB8jwp2b9revhQqt,diet-1882,es-bou
i-JJwVm2LBGhA6k7954SE3XD,diet-1891,es-pea
i-JJwVm2LBGhA6k7954SE3XD,diet-1877,es-pea
i-JJwVm2LBGhA6k7954SE3XD,diet-1885,es-pea
i-JJwVm2LBGhA6k7954SE3XD,diet-1888,es-pea
i-JKVAucqD9tvQTcqDpsb4wn,diet-1891,es-nob
i-JLC3dWijsXJedeNJ5t2xMn,diet-1877,es-pea
i-JLC5S9cjvqGEQKtzrdZx6o,diet-1900,es-nob
i-JLC5S9cjvqGEQKtzrdZx6o,diet-1905,es-nob
i-JLC5S9cjvqGEQKtzrdZx6o,diet-1891,es-nob
i-JLC5S9cjvqGEQKtzrdZx6o,diet-1904,es-nob
i-JLVEWZVW7vdzY5LFjxXNt5,diet-1900,es-bou
i-JLX8xK6Rhi1zuYvtz9WxNx,diet-1888,es-bou
i-JLhdLsZs2MNDSATAo2JvYL,diet-1877,es-nob
i-JMERSMLZ7UMBiKnphukX7U,diet-1904,es-pea
i-JMERSMLZ7UMBiKnphukX7U,diet-1905,es-pea
i-JPKMUNXGToiyyGFt7J2Knp,diet-1899,es-bou
i-JPgqwrJYXYk9RJAGN3E3U7,diet-1894,es-pea
i-JQBLQvmLyE7C7HqEFYRN2A,diet-1888,es-nob
i-JRT7uq362xVDYXbB8aKrMc,diet-1905,es-nob
i-JRT7uq362xVDYXbB8aKrMc,diet-1904,es-nob
i-JRT7uq362xVDYXbB8aKrMc,diet-1899,es-nob
i-JRT7uq362xVDYXbB8aKrMc,diet-1894,es-nob
i-JRT7uq362xVDYXbB8aKrMc,diet-1891,es-nob
i-JRuabJufBV6PK6Ww9smaZ3,diet-1897,es-nob
i-JRuabJufBV6PK6Ww9smaZ3,diet-1882,es-nob
i-JS46V6rNtkSEGJw4cigY71,diet-1888,es-nob
i-JV9GcFpgHeXSPNGcRYrcPP,diet-1897,es-pea
i-JV9GcFpgHeXSPNGcRYrcPP,diet-1894,es-pea
i-JWfUn6jaHzKj4SR2GH4dx5,diet-1888,es-nob
i-JXJu1gWaQyBLga9dujyF2Y,diet-1900,es-nob
i-JXJu1gWaQyBLga9dujyF2Y,diet-1904,es-nob
i-JXJu1gWaQyBLga9dujyF2Y,diet-1905,es-nob
i-JXJu1gWaQyBLga9dujyF2Y,diet-1897,es-nob
i-JXJu1gWaQyBLga9dujyF2Y,diet-1899,es-nob
i-JYV4L97nkaAD1tqh4XNee,diet-1877,es-nob
i-JYV4L97nkaAD1tqh4XNee,diet-1894,es-nob
i-JYV4L97nkaAD1tqh4XNee,diet-1863,es-nob
i-JYnNDW4szXXVGYP1Ve2Bqg,diet-1882,es-nob
i-JYnNDW4szXXVGYP1Ve2Bqg,diet-1877,es-nob
i-JYnNDW4szXXVGYP1Ve2Bqg,diet-1885,es-nob
i-JZaNWk9mXgapfbJ3qZXW6E,diet-1905,es-pea
i-JZswQyxJgdrC7mcS7qxnaV,diet-1904,es-pea
i-JZswQyxJgdrC7mcS7qxnaV,diet-1905,es-pea
i-Jb1piYueDy1c7zSurU9JhS,diet-1894,es-nob
i-Jb74Z384UveFVagrdpb7Gu,diet-1905,es-nob
i-Jb74Z384UveFVagrdpb7Gu,diet-1904,es-nob
i-JeJUuLsx1ADgfUq4qMkAyZ,diet-1905,es-pea
i-JeJUuLsx1ADgfUq4qMkAyZ,diet-1904,es-pea
i-JegZkHxf46YZWobeeVhAjW,diet-1885,es-nob
i-Jg8vmt5AqUzNo3Zv1vSBBi,diet-porvoo,es-nob
i-JhDuntY2zU3AnBWPkuoxUr,diet-porvoo,es-pea
i-JkSp1eWyNE5yJ7KqvQ1bNE,diet-1867,es-bou
i-Jkc5ktRXt2iR8dWw9vqMPx,diet-1877,es-pea
i-Jkc5ktRXt2iR8dWw9vqMPx,diet-1867,es-pea
i-Jm95cRi4PQKtWmo5J9B7Au,diet-1882,es-nob
i-JmtkRTXPxLj16WVpvPBziX,diet-1885,es-pea
i-JmtkRTXPxLj16WVpvPBziX,diet-1888,es-pea
i-JmtkRTXPxLj16WVpvPBziX,diet-1891,es-pea
i-JorHLG9UJyX1sjpnaG1dmH,diet-1904,es-pea
i-JorHLG9UJyX1sjpnaG1dmH,diet-1888,es-pea
i-JorHLG9UJyX1sjpnaG1dmH,diet-1900,es-pea
i-JorHLG9UJyX1sjpnaG1dmH,diet-1899,es-pea
i-JorHLG9UJyX1sjpnaG1dmH,diet-1897,es-pea
i-JouMnc29yqszZkV4fw6wdz,diet-1885,es-pea
i-JpZo7AviDFXB9nUQMjepfA,diet-1882,es-bou
i-Jpuf6uwWSfZ9YPNHDMSrMt,diet-1867,es-pea
i-JqpXh8xNJT9XiVtd4V9P5F,diet-1877,es-nob
i-Jr2SFQgBkXgyjAF3xM224e,diet-1877,es-bou
i-Jr2SFQgBkXgyjAF3xM224e,diet-1882,es-bou
i-Jr2SFQgBkXgyjAF3xM224e,diet-1897,es-bou
i-Jr5yhF57YXXUeEBRX4X7ry,diet-1904,es-pea
i-Jr5yhF57YXXUeEBRX4X7ry,diet-1897,es-pea
i-Jr5yhF57YXXUeEBRX4X7ry,diet-1894,es-pea
i-JtwzCWzfXqxrEiL7KTkrfY,diet-1904,es-cle
i-JtwzCWzfXqxrEiL7KTkrfY,diet-1900,es-cle
i-JtwzCWzfXqxrEiL7KTkrfY,diet-1899,es-cle
i-JtwzCWzfXqxrEiL7KTkrfY,diet-1905,es-cle
i-JvRBRuFE93TPrS9iwgT6va,diet-1877,es-nob
i-JvRBRuFE93TPrS9iwgT6va,diet-1863,es-nob
i-Jw2DmFYzCwcZKdAPeUKz7t,diet-1905,es-nob
i-JwTjoz93HVQHyRNS5qpK9c,diet-1882,es-bou
i-JwTjoz93HVQHyRNS5qpK9c,diet-1885,es-bou
i-JwZs6TyeLcz34Vcak5vDpF,diet-1899,es-bou
i-JwZs6TyeLcz34Vcak5vDpF,diet-1904,es-bou
i-JwZs6TyeLcz34Vcak5vDpF,diet-1900,es-bou
i-Jx18MvGDAsWpLispqXsDvN,diet-1897,es-bou
i-Jx18MvGDAsWpLispqXsDvN,diet-1905,es-bou
i-Jx18MvGDAsWpLispqXsDvN,diet-1900,es-bou
i-Jx18MvGDAsWpLispqXsDvN,diet-1899,es-bou
i-JzQyA5cExy8sPWRDBUypL9,diet-1863,es-nob
i-K2JJZuWLxCRWCMyDuHPCrH,diet-1904,es-bou
i-K5hPwdCSPc1g8TMBGcdSCj,diet-porvoo,es-cle
i-K86LqYNUZQWYEpnoZYStrW,diet-1863,es-nob
i-KBCagWSiK98RhZVcSmviyM,diet-1867,es-pea
i-KBFgvwgJvVUJQsXSYrfogH,diet-1900,es-nob
i-KBFgvwgJvVUJQsXSYrfogH,diet-1904,es-nob
i-KBRhFpxQ7JaxtdN7vnuj2r,diet-1891,es-bou
i-KBYPaBJocZ9gbzQEGT2Xyq,diet-1888,es-pea
i-KBo1wGumzvige3fKvvL6Ad,diet-1885,es-pea
i-KCCsfGqPw6fxcvH1WdRibJ,diet-1900,es-bou
i-KCCsfGqPw6fxcvH1WdRibJ,diet-1905,es-bou
i-KCWHHiMpyLd9LgBgzksu28,diet-1891,es-nob
i-KCWHHiMpyLd9LgBgzksu28,diet-1894,es-nob
i-KCWHHiMpyLd9LgBgzksu28,diet-1867,es-nob
i-KCWHHiMpyLd9LgBgzksu28,diet-1899,es-nob
i-KCWHHiMpyLd9LgBgzksu28,diet-1904,es-nob
i-KCWHHiMpyLd9LgBgzksu28,diet-1900,es-nob
i-KCWHHiMpyLd9LgBgzksu28,diet-1888,es-nob
i-KCWHHiMpyLd9LgBgzksu28,diet-1885,es-nob
i-KCWHHiMpyLd9LgBgzksu28,diet-1905,es-nob
i-KDkAw6MJH2W79wd7auFFmc,diet-1867,es-bou
i-KEH715U4Y1bzNSfLtCZFuv,diet-1899,es-nob
i-KEH715U4Y1bzNSfLtCZFuv,diet-1885,es-nob
i-KEH715U4Y1bzNSfLtCZFuv,diet-1894,es-nob
i-KEH715U4Y1bzNSfLtCZFuv,diet-1882,es-nob
i-KEH715U4Y1bzNSfLtCZFuv,diet-1905,es-nob
i-KEH715U4Y1bzNSfLtCZFuv,diet-1897,es-nob
i-KEH715U4Y1bzNSfLtCZFuv,diet-1904,es-nob
i-KGaDYg8SvhTQwWAdJXsgTo,diet-1867,es-bou
i-KGaDYg8SvhTQwWAdJXsgTo,diet-1863,es-bou
i-KHiayBK11WrtpMd7gYcFdd,diet-1905,es-nob
i-KHiayBK11WrtpMd7gYcFdd,diet-1904,es-nob
i-KJ7UGZkiLr2SVvK6VAmww7,diet-1877,es-nob
i-KJPD38Pv4xHNi9xwhTpE6v,diet-1900,es-nob
i-KJPD38Pv4xHNi9xwhTpE6v,diet-1905,es-nob
i-KJPD38Pv4xHNi9xwhTpE6v,diet-1904,es-nob
i-KJPD38Pv4xHNi9xwhTpE6v,diet-1897,es-nob
i-KJPD38Pv4xHNi9xwhTpE6v,diet-1891,es-nob
i-KJPD38Pv4xHNi9xwhTpE6v,diet-1894,es-nob
i-KJPD38Pv4xHNi9xwhTpE6v,diet-1899,es-nob
i-KJqM4wnygHX4r49KxPJzSp,diet-1863,es-pea
i-KLfq6uJD2dXER75p7KmAih,diet-1891,es-pea
i-KLfq6uJD2dXER75p7KmAih,diet-1877,es-pea
i-KM5zW4VUqMnFTF1EiyLAR9,diet-1867,es-cle
i-KM5zW4VUqMnFTF1EiyLAR9,diet-1877,es-cle
i-KMybxddpRTDXE79ZmgAnee,diet-1882,es-nob
i-KMybxddpRTDXE79ZmgAnee,diet-1885,es-nob
i-KMybxddpRTDXE79ZmgAnee,diet-1905,es-nob
i-KMybxddpRTDXE79ZmgAnee,diet-1888,es-nob
i-KMybxddpRTDXE79ZmgAnee,diet-1891,es-nob
i-KMybxddpRTDXE79ZmgAnee,diet-1894,es-nob
i-KMybxddpRTDXE79ZmgAnee,diet-1897,es-nob
i-KMybxddpRTDXE79ZmgAnee,diet-1899,es-nob
i-KMybxddpRTDXE79ZmgAnee,diet-1900,es-nob
i-KMybxddpRTDXE79ZmgAnee,diet-1904,es-nob
i-KMybxddpRTDXE79ZmgAnee,diet-1877,es-nob
i-KNCVkqasjV7R2ZyH3Yotmf,diet-1882,es-nob
i-KNyQj1kXggVdvC3PWZkjqC,diet-1863,es-bou
i-KQxKFWq81XxtmGUs1mvL4r,diet-1905,es-bou
i-KR84sJFFS2USNruSw4DL1V,diet-1899,es-nob
i-KR84sJFFS2USNruSw4DL1V,diet-1900,es-nob
i-KR84sJFFS2USNruSw4DL1V,diet-1904,es-nob
i-KR84sJFFS2USNruSw4DL1V,diet-1897,es-nob
i-KR84sJFFS2USNruSw4DL1V,diet-1894,es-nob
i-KR84sJFFS2USNruSw4DL1V,diet-1905,es-nob
i-KR84sJFFS2USNruSw4DL1V,diet-1891,es-nob
i-KR84sJFFS2USNruSw4DL1V,diet-1882,es-nob
i-KR84sJFFS2USNruSw4DL1V,diet-1885,es-nob
i-KS7S4UcDzhQZZapbE1UVxh,diet-1867,es-pea
i-KSodbRwY6NwA3H7C4ZjcDU,diet-1900,es-cle
i-KSodbRwY6NwA3H7C4ZjcDU,diet-1904,es-cle
i-KSodbRwY6NwA3H7C4ZjcDU,diet-1891,es-cle
i-KSodbRwY6NwA3H7C4ZjcDU,diet-1899,es-cle
i-KSodbRwY6NwA3H7C4ZjcDU,diet-1885,es-cle
i-KSodbRwY6NwA3H7C4ZjcDU,diet-1894,es-cle
i-KSodbRwY6NwA3H7C4ZjcDU,diet-1905,es-cle
i-KSodbRwY6NwA3H7C4ZjcDU,diet-1882,es-cle
i-KSodbRwY6NwA3H7C4ZjcDU,diet-1897,es-cle
i-KSodbRwY6NwA3H7C4ZjcDU,diet-1888,es-cle
i-KSwyQA3Qqn4zEnSkGR2MwP,diet-1882,es-pea
i-KT9fa2ehNHWytc91mC68Ag,diet-1905,es-bou
i-KVU77rhWXo9aDLh2ZiPF6L,diet-1904,es-bou
i-KVhhqWgv5athrCNYRVhUH5,diet-1885,es-pea
i-KVhhqWgv5athrCNYRVhUH5,diet-1888,es-pea
i-KVhhqWgv5athrCNYRVhUH5,diet-1891,es-pea
i-KX5eghvP7SMb85LhbRmnGV,diet-1900,es-nob
i-KX5eghvP7SMb85LhbRmnGV,diet-1897,es-nob
i-KX5eghvP7SMb85LhbRmnGV,diet-1894,es-nob
i-KXaaRpC72pNJUchqW1VYda,diet-1900,es-cle
i-KXaaRpC72pNJUchqW1VYda,diet-1899,es-cle
i-KXaaRpC72pNJUchqW1VYda,diet-1891,es-cle
i-KXaaRpC72pNJUchqW1VYda,diet-1897,es-cle
i-KXaaRpC72pNJUchqW1VYda,diet-1894,es-cle
i-KXnVQ9JYufy6ePb39wj3E2,diet-1888,es-nob
i-KZXidz1Yd5JGAVXfe6RfyA,diet-1891,es-pea
i-KaGZSH7hSfwSGkfQgkLx9d,diet-1904,es-nob
i-KaGZSH7hSfwSGkfQgkLx9d,diet-1905,es-nob
i-Kb8kygLcTxaqvRSfa3xqV4,diet-1905,es-nob
i-Kb8kygLcTxaqvRSfa3xqV4,diet-1904,es-nob
i-Kb8kygLcTxaqvRSfa3xqV4,diet-1900,es-nob
i-Kb8kygLcTxaqvRSfa3xqV4,diet-1899,es-nob
i-KbCoxCNEWKajEohbj77myb,diet-1888,es-nob
i-Kcb1kFVpQpDq61XMj9K7iG,diet-1863,es-pea
i-Kd8zusWUpTsYTGb1YUR4He,diet-1899,es-pea
i-KfXYoPpMWP1s6ooNkxKCr5,diet-1899,es-bou
i-KgR7MpxB5MYsXejsxVXa4B,diet-1888,es-cle
i-KgR7MpxB5MYsXejsxVXa4B,diet-1891,es-cle
i-KgjJCxbdt82hzHKsnYYkx4,diet-1891,es-bou
i-KgjJCxbdt82hzHKsnYYkx4,diet-1882,es-bou
i-KgjJCxbdt82hzHKsnYYkx4,diet-1885,es-bou
i-KgjJCxbdt82hzHKsnYYkx4,diet-1888,es-bou
i-KkSs43d2DnQxGC62RUjkF1,diet-1900,es-bou
i-KoJBp9j1HAS2wtWnF79M1o,diet-1905,es-bou
i-KqWScvn4zdPpH9UqTYKQ8U,diet-1891,es-nob
i-KqWScvn4zdPpH9UqTYKQ8U,diet-1899,es-nob
i-KsLWXt96o6G3c9qu9e3nSH,diet-1885,es-cle
i-Ksviw3T6GsJxfgx6Ggd119,diet-1905,es-nob
i-Ksviw3T6GsJxfgx6Ggd119,diet-1897,es-nob
i-Ksviw3T6GsJxfgx6Ggd119,diet-1900,es-nob
i-KuQLHkqt3cejKTyvvNYzpK,diet-1867,es-pea
i-KuRhzNsx46gnkh5bRQzgZF,diet-1894,es-nob
i-KuRhzNsx46gnkh5bRQzgZF,diet-1899,es-nob
i-KuRhzNsx46gnkh5bRQzgZF,diet-1900,es-nob
i-KuRhzNsx46gnkh5bRQzgZF,diet-1888,es-nob
i-KuRhzNsx46gnkh5bRQzgZF,diet-1882,es-nob
i-KuRhzNsx46gnkh5bRQzgZF,diet-1877,es-nob
i-KuRhzNsx46gnkh5bRQzgZF,diet-1904,es-nob
i-KuRhzNsx46gnkh5bRQzgZF,diet-1905,es-nob
i-KuRhzNsx46gnkh5bRQzgZF,diet-1891,es-nob
i-KuRhzNsx46gnkh5bRQzgZF,diet-1885,es-nob
i-KuRhzNsx46gnkh5bRQzgZF,diet-1897,es-nob
i-KuoWWMCGcGasD8NaD69C4c,diet-1894,es-nob
i-KuoWWMCGcGasD8NaD69C4c,diet-1897,es-nob
i-KuoWWMCGcGasD8NaD69C4c,diet-1899,es-nob
i-KuoWWMCGcGasD8NaD69C4c,diet-1900,es-nob
i-KuoWWMCGcGasD8NaD69C4c,diet-1904,es-nob
i-KuoWWMCGcGasD8NaD69C4c,diet-1905,es-nob
i-Kus6bVi2TaGnJ2PW3eiN7H,diet-1863,es-nob
i-Kus6bVi2TaGnJ2PW3eiN7H,diet-1877,es-nob
i-KvF36mMpu9ZuCa6R3AoUy7,diet-1904,es-cle
i-KvfDtT3CDx7CE8XmxRCDRi,diet-1905,es-pea
i-KvfDtT3CDx7CE8XmxRCDRi,diet-1904,es-pea
i-KxTPNsdvaDSQXea4wDGU8f,diet-1885,es-cle
i-KxTPNsdvaDSQXea4wDGU8f,diet-1882,es-cle
i-KxTPNsdvaDSQXea4wDGU8f,diet-1891,es-cle
i-KxTPNsdvaDSQXea4wDGU8f,diet-1888,es-cle
i-KyrAu5PxJtcHbBh2XnzKUA,diet-1897,es-nob
i-KyrAu5PxJtcHbBh2XnzKUA,diet-1882,es-nob
i-KyrAu5PxJtcHbBh2XnzKUA,diet-1891,es-nob
i-KyrAu5PxJtcHbBh2XnzKUA,diet-1885,es-nob
i-KyrAu5PxJtcHbBh2XnzKUA,diet-1894,es-nob
i-L1KJ3WtZLgoZjfPp7unfjv,diet-1877,es-nob
i-L1KJ3WtZLgoZjfPp7unfjv,diet-1894,es-nob
i-L1KJ3WtZLgoZjfPp7unfjv,diet-1885,es-nob
i-L1KJ3WtZLgoZjfPp7unfjv,diet-1897,es-nob
i-L1KJ3WtZLgoZjfPp7unfjv,diet-1888,es-nob
i-L1KJ3WtZLgoZjfPp7unfjv,diet-1891,es-nob
i-L2BLKXDd3w8s4qqNPwAExg,diet-1863,es-pea
i-L2dfSVdC9KhQSTQd28TwV2,diet-1877,es-nob
i-L2dfSVdC9KhQSTQd28TwV2,diet-1885,es-nob
i-L2dfSVdC9KhQSTQd28TwV2,diet-1888,es-nob
i-L2dfSVdC9KhQSTQd28TwV2,diet-1891,es-nob
i-L5ZARSz8GnJB3juLAWJzKY,diet-1885,es-nob
i-L5qYEMkX66L24jwk7VCB5m,diet-porvoo,es-cle
i-L98MJsiU1VuK4KecAX584L,diet-1888,es-cle
i-L9kZxLhWCuQyLqDdMjfmwo,diet-1905,es-nob
i-L9kZxLhWCuQyLqDdMjfmwo,diet-1904,es-nob
i-L9kZxLhWCuQyLqDdMjfmwo,diet-1900,es-nob
i-L9kZxLhWCuQyLqDdMjfmwo,diet-1899,es-nob
i-L9kZxLhWCuQyLqDdMjfmwo,diet-1894,es-nob
i-L9kZxLhWCuQyLqDdMjfmwo,diet-1891,es-nob
i-L9kZxLhWCuQyLqDdMjfmwo,diet-1897,es-nob
i-L9kZxLhWCuQyLqDdMjfmwo,diet-1885,es-nob
i-L9kZxLhWCuQyLqDdMjfmwo,diet-1888,es-nob
i-L9kZxLhWCuQyLqDdMjfmwo,diet-1877,es-nob
i-LA35x1Y7XM3uhT1r9Nc2oy,diet-1882,es-pea
i-LBgUfgHuPnnZdDar6ZUzhW,diet-1899,es-nob
i-LBgUfgHuPnnZdDar6ZUzhW,diet-1900,es-nob
i-LBgUfgHuPnnZdDar6ZUzhW,diet-1897,es-nob
i-LBgUfgHuPnnZdDar6ZUzhW,diet-1882,es-nob
i-LBgUfgHuPnnZdDar6ZUzhW,diet-1905,es-nob
i-LCk7nVEL2LauAF4kV4yAdD,diet-1877,es-pea
i-LDGNo6A9qwe5v3RvKjqA32,diet-1899,es-nob
i-LEMEoacBNp84qL8VqhrH4x,diet-porvoo,es-bou
i-LENzLHnC9MzYZ4becot1Yi,diet-1900,es-pea
i-LENzLHnC9MzYZ4becot1Yi,diet-1897,es-pea
i-LEp8fNXd1AnZzt4ZAiZeos,diet-1867,es-nob
i-LMEScfuydVjqcwbYGSxdsR,diet-porvoo,es-nob
i-LMFvjALUJyhAo2SR348fhS,diet-1885,es-nob
i-LNeAt3ynhMRqUa1ahgphLr,diet-porvoo,es-cle
i-LPSNw3P3JYfMofPLqXC3FU,diet-1863,es-bou
i-LQDuKjTYCeGtswAtVHen5p,diet-1904,es-bou
i-LTLtGArV54n8xN9SzsYhCh,diet-porvoo,es-nob
i-LXEKkbJV1hNyAnsc347hp7,diet-1904,es-nob
i-LXEKkbJV1hNyAnsc347hp7,diet-1905,es-nob
i-LXeKqcnhWJRPyVB2hLU94o,diet-1885,es-pea
i-LYpQPnAEvBHwxddcikgnNW,diet-1877,es-cle
i-LYpQPnAEvBHwxddcikgnNW,diet-1867,es-cle
i-LZXLoYezcMtCGAhcNkmmmM,diet-1877,es-nob
i-La7UQC3cRq7vS9HSMAPZiz,diet-1897,es-nob
i-LaaLKatPvVQRvR2ozPzenC,diet-1863,es-bou
i-LauGkBXyoLDjzoszXZ721Q,diet-1891,es-pea
i-LcQBzSAGk6cyBWQVg2HXQQ,diet-1900,es-cle
i-LcYSLrozY9sdA2Hktjosng,diet-1891,es-nob
i-LcYSLrozY9sdA2Hktjosng,diet-1894,es-nob
i-LcYSLrozY9sdA2Hktjosng,diet-1897,es-nob
i-LcYSLrozY9sdA2Hktjosng,diet-1899,es-nob
i-LcYSLrozY9sdA2Hktjosng,diet-1900,es-nob
i-LcYSLrozY9sdA2Hktjosng,diet-1904,es-nob
i-LcYSLrozY9sdA2Hktjosng,diet-1905,es-nob
i-LcYSLrozY9sdA2Hktjosng,diet-1885,es-nob
i-LcbKWGDpGm9XdVkcD4Yn4p,diet-1894,es-bou
i-LcbKWGDpGm9XdVkcD4Yn4p,diet-1900,es-bou
i-LcbKWGDpGm9XdVkcD4Yn4p,diet-1905,es-bou
i-LcbKWGDpGm9XdVkcD4Yn4p,diet-1899,es-bou
i-LcbKWGDpGm9XdVkcD4Yn4p,diet-1888,es-bou
i-LcbKWGDpGm9XdVkcD4Yn4p,diet-1897,es-bou
i-LcbKWGDpGm9XdVkcD4Yn4p,diet-1904,es-bou
i-LcbKWGDpGm9XdVkcD4Yn4p,diet-1891,es-bou
i-LccoceJBCqoQP5iE7k45vu,diet-1863,es-cle
i-Lch3o2YJ8cMMwJUB46sQcL,diet-1882,es-bou
i-Lch3o2YJ8cMMwJUB46sQcL,diet-1891,es-bou
i-Lch3o2YJ8cMMwJUB46sQcL,diet-1894,es-bou
i-Lch3o2YJ8cMMwJUB46sQcL,diet-1877,es-bou
i-Lejo7aaUSkc6PuVVEFSNg9,diet-1904,es-nob
i-LfjijKcu6wrjy8uVqHyVJp,diet-1891,es-bou
i-LfjijKcu6wrjy8uVqHyVJp,diet-1888,es-bou
i-LfjijKcu6wrjy8uVqHyVJp,diet-1885,es-bou
i-LgZQWS4zG1x9kqYzpyaYDt,diet-1894,es-nob
i-LgZQWS4zG1x9kqYzpyaYDt,diet-1897,es-nob
i-Lget5LPYWHPvRtBPXGq6gH,diet-1894,es-pea
i-Lget5LPYWHPvRtBPXGq6gH,diet-1899,es-pea
i-Lh2ZkUZd9AHu99nWtfbihe,diet-1900,es-bou
i-LhNeaJMK2rPRdMfEm4W2yR,diet-1904,es-cle
i-LhNeaJMK2rPRdMfEm4W2yR,diet-1888,es-cle
i-LhNeaJMK2rPRdMfEm4W2yR,diet-1891,es-cle
i-LhNeaJMK2rPRdMfEm4W2yR,diet-1894,es-cle
i-LhNeaJMK2rPRdMfEm4W2yR,diet-1885,es-cle
i-LhNeaJMK2rPRdMfEm4W2yR,diet-1899,es-cle
i-LhNeaJMK2rPRdMfEm4W2yR,diet-1897,es-cle
i-LhNeaJMK2rPRdMfEm4W2yR,diet-1905,es-cle
i-LhNeaJMK2rPRdMfEm4W2yR,diet-1900,es-cle
i-Lk27AXaL7fVVebyiYHtGJy,diet-1888,es-nob
i-Lk3BJdRWnrZD4VkCKeqBtp,diet-1863,es-pea
i-Lk8xzvhSG9RJUN6BeTB6mi,diet-1867,es-cle
i-LmMgV7SdqVNZjRdPMKRJ7T,diet-1885,es-bou
i-LnKGDyGvxDZZ7YsqPeHWDK,diet-1882,es-bou
i-LnKGDyGvxDZZ7YsqPeHWDK,diet-1885,es-bou
i-LnKGDyGvxDZZ7YsqPeHWDK,diet-1888,es-bou
i-LnKGDyGvxDZZ7YsqPeHWDK,diet-1891,es-bou
i-LnKGDyGvxDZZ7YsqPeHWDK,diet-1894,es-bou
i-LnkkcfDXzRGTPBMLXcE91Q,diet-porvoo,es-pea
i-LntY6DwLWnbrXMVX8nJS29,diet-1905,es-pea
i-LntY6DwLWnbrXMVX8nJS29,diet-1904,es-pea
i-LqM36pAFwGPynJAx9z9oy9,diet-1894,es-nob
i-Lr5AdF1qhHs7ZqC317dwPC,diet-1894,es-pea
i-LsH6GcJdCwFLL56qN5DzDX,diet-1867,es-nob
i-LszJ9La6sjSXEUGEBJttyo,diet-1905,es-nob
i-LszJ9La6sjSXEUGEBJttyo,diet-1904,es-nob
i-LszmzSyrMUQRmpWjdTrzZk,diet-1867,es-pea
i-LuXf1BCe2pSWk9pv4PMhNL,diet-1900,es-bou
i-LuXf1BCe2pSWk9pv4PMhNL,diet-1894,es-bou
i-LuXf1BCe2pSWk9pv4PMhNL,diet-1899,es-bou
i-LuXf1BCe2pSWk9pv4PMhNL,diet-1897,es-bou
i-LvcfwaY7wAS1Kma1uB6ek3,diet-1900,es-nob
i-Lw36bGs76KQaSTfdhJeosz,diet-1877,es-bou
i-Lw36bGs76KQaSTfdhJeosz,diet-1894,es-bou
i-LworoXnhdkkqSH2e65xuXx,diet-1863,es-cle
i-LworoXnhdkkqSH2e65xuXx,diet-1867,es-cle
i-LxagQossAJBCsTviBZ67Ld,diet-1863,es-bou
i-Lyo8fpiixdh58SbJEgfmjR,diet-1888,es-nob
i-LzdgEat3rhCADgx5cR1LSS,diet-1863,es-nob
i-LzdgEat3rhCADgx5cR1LSS,diet-1867,es-nob
i-M1GkpKKam2WhRvDxjE48Yx,diet-1877,es-nob
i-M1GkpKKam2WhRvDxjE48Yx,diet-1891,es-nob
i-M1GkpKKam2WhRvDxjE48Yx,diet-1894,es-nob
i-M1GkpKKam2WhRvDxjE48Yx,diet-1863,es-nob
i-M1dRDrHkNpb4p39e5pVUGD,diet-1888,es-nob
i-M1dRDrHkNpb4p39e5pVUGD,diet-1905,es-nob
i-M2RVvJD7jgP4UzUVxXoUL5,diet-1905,es-nob
i-M3agL2duYbF7KZKer9417T,diet-1904,es-bou
i-M3vdGvw9iDEMvMQ8z7ckwG,diet-1863,es-bou
i-M3vdGvw9iDEMvMQ8z7ckwG,diet-1867,es-bou
i-M6mbjgtYJJWYAYtdGYN5yy,diet-1891,es-pea
i-M6mbjgtYJJWYAYtdGYN5yy,diet-1894,es-pea
i-M6mbjgtYJJWYAYtdGYN5yy,diet-1900,es-bou
i-M8GjBiWjFex38AaKPzEaZj,diet-1877,es-bou
i-M8vPca9XvnkuhF7z5k9Ho4,diet-1888,es-nob
i-M8vPca9XvnkuhF7z5k9Ho4,diet-1894,es-nob
i-M9GEjZeNs7B27BfEGmJYSN,diet-1894,es-pea
i-M9GEjZeNs7B27BfEGmJYSN,diet-1900,es-pea
i-M9GEjZeNs7B27BfEGmJYSN,diet-1891,es-pea
i-M9GEjZeNs7B27BfEGmJYSN,diet-1888,es-pea
i-M9GEjZeNs7B27BfEGmJYSN,diet-1904,es-pea
i-M9GEjZeNs7B27BfEGmJYSN,diet-1885,es-pea
i-M9GEjZeNs7B27BfEGmJYSN,diet-1899,es-pea
i-M9GEjZeNs7B27BfEGmJYSN,diet-1897,es-pea
i-MBAhp3QGsu4xyQ6tjvHiC7,diet-1897,es-bou
i-MBAhp3QGsu4xyQ6tjvHiC7,diet-1899,es-bou
i-MBAhp3QGsu4xyQ6tjvHiC7,diet-1900,es-bou
i-MDfAM83g7G9zW98usAVuS1,diet-1904,es-bou
i-MDfAM83g7G9zW98usAVuS1,diet-1905,es-bou
i-ME6jgSLdkwbzPDF9maty1N,diet-1877,es-nob
i-MEgwJwDM4mwi6wmXsCMYJx,diet-1894,es-nob
i-MEgwJwDM4mwi6wmXsCMYJx,diet-1863,es-nob
i-MEgwJwDM4mwi6wmXsCMYJx,diet-1899,es-nob
i-MEgwJwDM4mwi6wmXsCMYJx,diet-1867,es-nob
i-MEgwJwDM4mwi6wmXsCMYJx,diet-1877,es-nob
i-MEgwJwDM4mwi6wmXsCMYJx,diet-1897,es-nob
i-MEoY3ZYgtDsM2D23r4yfXX,diet-1905,es-nob
i-MEoY3ZYgtDsM2D23r4yfXX,diet-1904,es-nob
i-MEoY3ZYgtDsM2D23r4yfXX,diet-1885,es-nob
i-MEoY3ZYgtDsM2D23r4yfXX,diet-1888,es-nob
i-MEoY3ZYgtDsM2D23r4yfXX,diet-1894,es-nob
i-MEoY3ZYgtDsM2D23r4yfXX,diet-1897,es-nob
i-MEoY3ZYgtDsM2D23r4yfXX,diet-1900,es-nob
i-MEoY3ZYgtDsM2D23r4yfXX,diet-1891,es-nob
i-MFBL7XnrdB4HHfQL2ffF6i,diet-1867,es-nob
i-MFtm1KTTmksUypGZFKkvkP,diet-1900,es-nob
i-MJFSJa1aXzYnXn8PW7NoCX,diet-1877,es-pea
i-MJwirdyVsfeQa46rvEQmu8,diet-1882,es-bou
i-MJwirdyVsfeQa46rvEQmu8,diet-1877,es-bou
i-MJwirdyVsfeQa46rvEQmu8,diet-1885,es-bou
i-MMYT7XLX6YPQ7PudpmVcPj,diet-1867,es-bou
i-MMyFhhMEvCjmcwSBsfMJk1,diet-1863,es-nob
i-MNNdb5hx4FpNXw9RbRm64,diet-porvoo,es-nob
i-MNyNttGEs2xVMSxNfSviJD,diet-1863,es-pea
i-MP8tCuyCgGu6j7iyfmn1Hs,diet-1882,es-pea
i-MP8tCuyCgGu6j7iyfmn1Hs,diet-1894,es-pea
i-MPFwM3Xim9Zw7dhhTecn4W,diet-1904,es-nob
i-MPFwM3Xim9Zw7dhhTecn4W,diet-1897,es-nob
i-MQLhdYxVRGzFNC1bGzR64p,diet-1900,es-nob
i-MQLhdYxVRGzFNC1bGzR64p,diet-1894,es-nob
i-MQLhdYxVRGzFNC1bGzR64p,diet-1904,es-nob
i-MQLhdYxVRGzFNC1bGzR64p,diet-1899,es-nob
i-MQzMznpRQBMmbXktLvAN9k,diet-1863,es-nob
i-MT4FXbmfE3E8zXeKT2YLpS,diet-1904,es-nob
i-MT4FXbmfE3E8zXeKT2YLpS,diet-1905,es-nob
i-MTVnejidR78VGkqvg6x5Qp,diet-1867,es-nob
i-MXYA6mu4YEKfDVYKu42SUN,diet-1877,es-bou
i-MZfMSqHz9EQfVMc733DtHZ,diet-porvoo,es-cle
i-MZjGSV6EaQrvUyQv5EbDi,diet-1891,es-nob
i-MZjGSV6EaQrvUyQv5EbDi,diet-1904,es-nob
i-MZjGSV6EaQrvUyQv5EbDi,diet-1882,es-nob
i-MZjGSV6EaQrvUyQv5EbDi,diet-1877,es-nob
i-MZjGSV6EaQrvUyQv5EbDi,diet-1885,es-nob
i-MZsPVQ9dMC8ZHTgrVyD83w,diet-1867,es-pea
i-MZzLK6ceKqS79rLo8ueo9E,diet-1888,es-bou
i-MbQvVcF8hxDj9Gh7nNodQi,diet-1894,es-pea
i-Mdt7zZSbuqudjxnT1UcWMu,diet-porvoo,es-pea
i-MejDXzf7f7w3bWanLQKrgB,diet-1877,es-cle
i-MejDXzf7f7w3bWanLQKrgB,diet-1882,es-cle
i-MejDXzf7f7w3bWanLQKrgB,diet-1867,es-cle
i-MejDXzf7f7w3bWanLQKrgB,diet-1885,es-cle
i-MixwsDneJhAzKShrxe4XzW,diet-porvoo,es-pea
i-Mn3ZFywZU8ZfJcVx8DUemL,diet-porvoo,es-bou
i-ModpSX4t69XxAKF7ekgvVg,diet-1877,es-nob
i-ModpSX4t69XxAKF7ekgvVg,diet-1891,es-nob
i-ModpSX4t69XxAKF7ekgvVg,diet-1894,es-nob
i-ModpSX4t69XxAKF7ekgvVg,diet-1867,es-nob
i-ModpSX4t69XxAKF7ekgvVg,diet-1863,es-nob
i-ModpSX4t69XxAKF7ekgvVg,diet-1882,es-nob
i-ModpSX4t69XxAKF7ekgvVg,diet-1885,es-nob
i-ModpSX4t69XxAKF7ekgvVg,diet-1888,es-nob
i-MogwxPPyotmdVHPokgUn5V,diet-1885,es-pea
i-MogwxPPyotmdVHPokgUn5V,diet-1888,es-pea
i-MogwxPPyotmdVHPokgUn5V,diet-1894,es-pea
i-Mp9K29oMoRuFXcdAb1nz2G,diet-1899,es-nob
i-MpSvLbSBufpP72uqPvupgE,diet-porvoo,es-nob
i-MpYr5qap95o2iCMfyBRiYr,diet-1885,es-pea
i-MpYr5qap95o2iCMfyBRiYr,diet-1882,es-pea
i-MsAZiKUoJpJxkiXUKdN7nN,diet-1905,es-bou
i-MsAZiKUoJpJxkiXUKdN7nN,diet-1904,es-bou
i-MujcqCg7h5ho8MapFbhqsZ,diet-1899,es-nob
i-MujcqCg7h5ho8MapFbhqsZ,diet-1905,es-nob
i-MujcqCg7h5ho8MapFbhqsZ,diet-1900,es-nob
i-MujcqCg7h5ho8MapFbhqsZ,diet-1904,es-nob
i-MujcqCg7h5ho8MapFbhqsZ,diet-1897,es-nob
i-Mv8LxUWcA6ScC4mGxxYUCF,diet-1891,es-nob
i-Mv8LxUWcA6ScC4mGxxYUCF,diet-1897,es-nob
i-Mv8LxUWcA6ScC4mGxxYUCF,diet-1899,es-nob
i-Mv9xYt1oFBbC68U2iqevMq,diet-1888,es-pea
i-Mx8rT8cEuAAhv39T79k9Lo,diet-1885,es-pea
i-Mz9aBz5SdW9X6Q9PVDD5SJ,diet-1877,es-bou
i-MzVQxM4xkNeBUq7eq6vH9k,diet-1863,es-nob
i-N2PwTvXjXUdT9dRHeMawYq,diet-1867,es-bou
i-N2PwTvXjXUdT9dRHeMawYq,diet-1877,es-bou
i-N2Z97XeDoEhoXqMP1Yb91f,diet-1894,es-pea
i-N2Z97XeDoEhoXqMP1Yb91f,diet-1888,es-pea
i-N2Z97XeDoEhoXqMP1Yb91f,diet-1885,es-pea
i-N2Z97XeDoEhoXqMP1Yb91f,diet-1882,es-pea
i-N2fRatMiRmLEhFJUaMqMBg,diet-1863,es-nob
i-N2fRatMiRmLEhFJUaMqMBg,diet-1867,es-nob
i-N3KeHTJ7pgpFitvvhKrhUK,diet-1863,es-cle
i-N4Kj7XJKByKctvmiVZHuWm,diet-1900,es-bou
i-N4Kj7XJKByKctvmiVZHuWm,diet-1899,es-bou
i-N4Kj7XJKByKctvmiVZHuWm,diet-1897,es-bou
i-N4Kj7XJKByKctvmiVZHuWm,diet-1894,es-bou
i-N4Kj7XJKByKctvmiVZHuWm,diet-1891,es-bou
i-N4Kj7XJKByKctvmiVZHuWm,diet-1888,es-bou
i-N4Kj7XJKByKctvmiVZHuWm,diet-1885,es-bou
i-N4Kj7XJKByKctvmiVZHuWm,diet-1882,es-bou
i-N4Kj7XJKByKctvmiVZHuWm,diet-1904,es-bou
i-N4Kj7XJKByKctvmiVZHuWm,diet-1905,es-bou
i-N7AHCqt7u3nWVNMBEE8SaY,diet-1863,es-nob
i-NAH7vpemmxvbjxdoZq9z1P,diet-porvoo,es-bou
i-NAuZTui4bievWP5oqZC398,diet-1877,es-pea
i-NBh89WjkAAKD9CCqxkG37S,diet-1904,es-cle
i-NBh89WjkAAKD9CCqxkG37S,diet-1905,es-cle
i-NBjMz9hr6symL5rEHweJfZ,diet-1904,es-nob
i-NBjMz9hr6symL5rEHweJfZ,diet-1905,es-nob
i-NCkfpUwoqABjXwqK5aXbJ7,diet-1899,es-pea
i-NDDsvs2KPqUENDma8QUX7J,diet-1882,es-bou
i-NDDsvs2KPqUENDma8QUX7J,diet-1885,es-bou
i-NDu3XB3xk3uT4c2LFvLbZz,diet-1897,es-nob
i-NDu3XB3xk3uT4c2LFvLbZz,diet-1891,es-nob
i-NDu3XB3xk3uT4c2LFvLbZz,diet-1888,es-nob
i-NDu3XB3xk3uT4c2LFvLbZz,diet-1899,es-nob
i-NDu3XB3xk3uT4c2LFvLbZz,diet-1882,es-nob
i-NDu3XB3xk3uT4c2LFvLbZz,diet-1877,es-nob
i-NDu3XB3xk3uT4c2LFvLbZz,diet-1900,es-nob
i-NDu3XB3xk3uT4c2LFvLbZz,diet-1904,es-nob
i-NDu3XB3xk3uT4c2LFvLbZz,diet-1905,es-nob
i-NDu3XB3xk3uT4c2LFvLbZz,diet-1894,es-nob
i-NDu3XB3xk3uT4c2LFvLbZz,diet-1885,es-nob
i-NG9kNwuhydnAfCZMfVWjFj,diet-1863,es-cle
i-NHKgqZ5VCJGJQMeRSrTD6B,diet-1905,es-pea
i-NJNYuA3TCLDAUVNjE5j2MC,diet-1863,es-nob
i-NK34WfhpRdsDWxgtnU3RwV,diet-1904,es-bou
i-NKUVrN6kypayREU1YSXp1x,diet-1888,es-nob
i-NKaswFdK23mmSjbg8MMacH,diet-1867,es-pea
i-NNUNTXzUgmd3vM5ymCgTek,diet-1894,es-nob
i-NNUNTXzUgmd3vM5ymCgTek,diet-1888,es-nob
i-NNUNTXzUgmd3vM5ymCgTek,diet-1891,es-nob
i-NPH1o1xeorDHN3soPCbMv8,diet-1904,es-nob
i-NPH1o1xeorDHN3soPCbMv8,diet-1905,es-nob
i-NPH1o1xeorDHN3soPCbMv8,diet-1900,es-nob
i-NQLXuNv2TZG5tDydaVXrk2,diet-1885,es-nob
i-NRTTLGWR9xV953dyx3Cmix,diet-1897,es-pea
i-NRTTLGWR9xV953dyx3Cmix,diet-1904,es-pea
i-NRTTLGWR9xV953dyx3Cmix,diet-1905,es-pea
i-NT9DfbhMZGzqHNjgL2hXP8,diet-1885,es-nob
i-NUC4AmXjZ5KaMtPNfqBxhQ,diet-1888,es-bou
i-NUC4AmXjZ5KaMtPNfqBxhQ,diet-1900,es-bou
i-NUWvTeBf7cVPTJBMAB6Ecj,diet-porvoo,es-nob
i-NUn9oiVKe8AEJreEd28SPr,diet-1904,es-nob
i-NUn9oiVKe8AEJreEd28SPr,diet-1900,es-nob
i-NVSSVqMqZbW5m9b6RM76L8,diet-1905,es-pea
i-NVyXtQG4ngA5GXmvPaY9YJ,diet-1867,es-pea
i-NWfTGCDhbu3vNXABaUGgJX,diet-1905,es-nob
i-NXVEJeG8exDqKdqBDPeqwV,diet-porvoo,es-nob
i-NY2vEoe4HTkpb5bQ9ByBgQ,diet-1877,es-nob
i-NY2vEoe4HTkpb5bQ9ByBgQ,diet-1891,es-nob
i-NZKAm3ErTL9hjBC4SPLuqU,diet-1894,es-nob
i-NZKAm3ErTL9hjBC4SPLuqU,diet-1904,es-nob
i-NZKAm3ErTL9hjBC4SPLuqU,diet-1905,es-nob
i-NZKAm3ErTL9hjBC4SPLuqU,diet-1899,es-nob
i-NZKAm3ErTL9hjBC4SPLuqU,diet-1900,es-nob
i-NZKAm3ErTL9hjBC4SPLuqU,diet-1897,es-nob
i-NbLP2Nt1pfin8JxryLMYRd,diet-1900,es-pea
i-NbLP2Nt1pfin8JxryLMYRd,diet-1899,es-pea
i-NbSptXiZKGLtChSMzVsm4n,diet-1863,es-bou
i-NcxEYLNAvK4g34toLZ9Xmy,diet-1891,es-nob
i-Ndoz7NSGawumf9wRE9WPFY,diet-1882,es-nob
i-Nh9zLKZnLGy4jBe4znCjG3,diet-1863,es-bou
i-NhJsA3ABbAMLYTMuFqgSpb,diet-1904,es-pea
i-NhJsA3ABbAMLYTMuFqgSpb,diet-1905,es-pea
i-NhaCf8kMDuGNBTufgaKJj2,diet-1885,es-pea
i-NhaCf8kMDuGNBTufgaKJj2,diet-1888,es-pea
i-NhaCf8kMDuGNBTufgaKJj2,diet-1891,es-pea
i-NhaCf8kMDuGNBTufgaKJj2,diet-1894,es-pea
i-Ni6TkJz5gHK9gkCs1fQnPw,diet-1867,es-pea
i-Ni6TkJz5gHK9gkCs1fQnPw,diet-1863,es-pea
i-Ni7ZXhkyXJkTLKyP27EfJg,diet-1900,es-bou
i-Ni7ZXhkyXJkTLKyP27EfJg,diet-1897,es-bou
i-Ni7ZXhkyXJkTLKyP27EfJg,diet-1899,es-bou
i-NkQqrLFDbfL6PHpgSiTkBZ,diet-1863,es-nob
i-NopaF9v8qja8LhSbbnnb2M,diet-1894,es-pea
i-NopaF9v8qja8LhSbbnnb2M,diet-1888,es-pea
i-NopaF9v8qja8LhSbbnnb2M,diet-1904,es-pea
i-NopaF9v8qja8LhSbbnnb2M,diet-1899,es-pea
i-NopaF9v8qja8LhSbbnnb2M,diet-1900,es-pea
i-Np41SwUHwR2XNxuHxkXohs,diet-1877,es-cle
i-NpQ4pik31NjbjFQK1eTY2D,diet-1888,es-cle
i-NpQ4pik31NjbjFQK1eTY2D,diet-1882,es-cle
i-NpQ4pik31NjbjFQK1eTY2D,diet-1885,es-cle
i-NphcP16j5qu5ntda7ML8DP,diet-porvoo,es-pea
i-NqCyztYxbvpx95V4SwQ6nX,diet-1900,es-nob
i-NqCyztYxbvpx95V4SwQ6nX,diet-1897,es-nob
i-NqCyztYxbvpx95V4SwQ6nX,diet-1899,es-nob
i-NqCyztYxbvpx95V4SwQ6nX,diet-1904,es-nob
i-NqCyztYxbvpx95V4SwQ6nX,diet-1905,es-nob
i-NsHXM2LemEn2bjvkhHbwra,diet-1863,es-pea
i-Nt8YGKJiiZ7gv6xC2bwbfr,diet-1888,es-nob
i-Nt8YGKJiiZ7gv6xC2bwbfr,diet-1905,es-nob
i-Nt8YGKJiiZ7gv6xC2bwbfr,diet-1904,es-nob
i-NtosEyycMypJu45DLSKt8a,diet-1891,es-nob
i-NwG25Q1tZQAtUqrP7VkCNr,diet-1863,es-nob
i-NwG25Q1tZQAtUqrP7VkCNr,diet-1867,es-nob
i-NwgjBH8eQNFcHLKVJ2kSzp,diet-1900,es-pea
i-NwgjBH8eQNFcHLKVJ2kSzp,diet-1891,es-pea
i-NxYVE3KzeNrGHSJrekxTNq,diet-1904,es-bou
i-NxYVE3KzeNrGHSJrekxTNq,diet-1905,es-bou
i-Nxfsn5PHzYhH2DmBcoNnAc,diet-1897,es-bou
i-Nxfsn5PHzYhH2DmBcoNnAc,diet-1899,es-bou
i-Nxfsn5PHzYhH2DmBcoNnAc,diet-1904,es-bou
i-Nxfsn5PHzYhH2DmBcoNnAc,diet-1905,es-bou
i-Nxfsn5PHzYhH2DmBcoNnAc,diet-1900,es-bou
i-P1yFwRyuDa5Fsq2kN6tcBh,diet-1904,es-pea
i-P1yFwRyuDa5Fsq2kN6tcBh,diet-1905,es-pea
i-P2TB7uqML45WSXmGGyBpbS,diet-1891,es-nob
i-P2TB7uqML45WSXmGGyBpbS,diet-1894,es-nob
i-P2TB7uqML45WSXmGGyBpbS,diet-1897,es-nob
i-P2TB7uqML45WSXmGGyBpbS,diet-1885,es-nob
i-P2TB7uqML45WSXmGGyBpbS,diet-1888,es-nob
i-P2TB7uqML45WSXmGGyBpbS,diet-1900,es-nob
i-P2TB7uqML45WSXmGGyBpbS,diet-1905,es-nob
i-P2TB7uqML45WSXmGGyBpbS,diet-1904,es-nob
i-P2TB7uqML45WSXmGGyBpbS,diet-1899,es-nob
i-P2TB7uqML45WSXmGGyBpbS,diet-1877,es-nob
i-P46k6zjdqv1UvTq7vDZKhg,diet-porvoo,es-nob
i-P5da9MFNVQpRhU72ekmUz2,diet-1899,es-cle
i-P5da9MFNVQpRhU72ekmUz2,diet-1900,es-cle
i-P5da9MFNVQpRhU72ekmUz2,diet-1897,es-cle
i-P5da9MFNVQpRhU72ekmUz2,diet-1894,es-cle
i-P5da9MFNVQpRhU72ekmUz2,diet-1891,es-cle
i-P5da9MFNVQpRhU72ekmUz2,diet-1888,es-cle
i-P5da9MFNVQpRhU72ekmUz2,diet-1885,es-cle
i-P5yxBbcUYC7ESsTCmTiwPG,diet-1899,es-bou
i-P5yxBbcUYC7ESsTCmTiwPG,diet-1897,es-bou
i-P5yxBbcUYC7ESsTCmTiwPG,diet-1900,es-bou
i-P5yxBbcUYC7ESsTCmTiwPG,diet-1891,es-bou
i-P5yxBbcUYC7ESsTCmTiwPG,diet-1894,es-bou
i-P5yxBbcUYC7ESsTCmTiwPG,diet-1888,es-bou
i-P68mLaom1qo4nAwfyux1WP,diet-1863,es-nob
i-P8ZyisnHJoEetVdab3w2LR,diet-1885,es-bou
i-PDBzu2g8GGcW9r8Ka5csJL,diet-1888,es-nob
i-PGPnV8fzHG46P1xAtDeX6J,diet-1867,es-nob
i-PHhNjXUhesTG1v74LgJRHM,diet-1885,es-nob
i-PHhNjXUhesTG1v74LgJRHM,diet-1863,es-nob
i-PJNZ42wbWSKxA8Fx3hejJx,diet-1900,es-bou
i-PJieNR5tUWvJeBkxF7Dr9F,diet-1894,es-bou
i-PJieNR5tUWvJeBkxF7Dr9F,diet-1905,es-bou
i-PJieNR5tUWvJeBkxF7Dr9F,diet-1904,es-bou
i-PJieNR5tUWvJeBkxF7Dr9F,diet-1891,es-bou
i-PJieNR5tUWvJeBkxF7Dr9F,diet-1899,es-bou
i-PJieNR5tUWvJeBkxF7Dr9F,diet-1897,es-bou
i-PKPe2Nyabt6ctrsa6d5cFL,diet-1905,es-pea
i-PKPe2Nyabt6ctrsa6d5cFL,diet-1899,es-pea
i-PKPe2Nyabt6ctrsa6d5cFL,diet-1897,es-pea
i-PL2Bg7AL4FXe6jqQmTycGd,diet-1891,es-nob
i-PLyPRr4UAy58WNh8KVMjYT,diet-1905,es-nob
i-PNHAmRdMEAf83M9VATEtRt,diet-1863,es-pea
i-PNmHnqPyRhVYDfz1Hy5FYA,diet-1899,es-nob
i-PNmHnqPyRhVYDfz1Hy5FYA,diet-1904,es-nob
i-PNmHnqPyRhVYDfz1Hy5FYA,diet-1905,es-nob
i-PNuNCbEDkNbdhUFXgRbJsz,diet-1877,es-nob
i-PNuNCbEDkNbdhUFXgRbJsz,diet-1882,es-nob
i-PNuNCbEDkNbdhUFXgRbJsz,diet-1863,es-nob
i-PNuNCbEDkNbdhUFXgRbJsz,diet-1867,es-nob
i-PQT9K9ugXfybjCdmJX2bbf,diet-1900,es-nob
i-PQjdcYv8HUE6sNCSihTk2j,diet-1863,es-cle
i-PSA1xqURUBt3dZpg7w3Mzs,diet-1904,es-pea
i-PSCkTqovb3Rb4FfC2FAyU7,diet-1894,es-bou
i-PSCkTqovb3Rb4FfC2FAyU7,diet-1900,es-bou
i-PSCkTqovb3Rb4FfC2FAyU7,diet-1904,es-bou
i-PSCkTqovb3Rb4FfC2FAyU7,diet-1897,es-bou
i-PSCkTqovb3Rb4FfC2FAyU7,diet-1899,es-bou
i-PSxzUhNbXQgjwkYXdXsr9W,diet-1894,es-nob
i-PSxzUhNbXQgjwkYXdXsr9W,diet-1897,es-nob
i-PSxzUhNbXQgjwkYXdXsr9W,diet-1900,es-nob
i-PUGEJH9kXtM6B1imKCMoex,diet-1888,es-cle
i-PUGEJH9kXtM6B1imKCMoex,diet-1891,es-cle
i-PUGEJH9kXtM6B1imKCMoex,diet-1894,es-cle
i-PUGEJH9kXtM6B1imKCMoex,diet-1897,es-cle
i-PUGEJH9kXtM6B1imKCMoex,diet-1900,es-cle
i-PUGEJH9kXtM6B1imKCMoex,diet-1905,es-cle
i-PUGEJH9kXtM6B1imKCMoex,diet-1904,es-cle
i-PUGEJH9kXtM6B1imKCMoex,diet-1899,es-cle
i-PVaivFSAuPU2ijJgx7Qfen,diet-1894,es-bou
i-PX1FwcYEjVrTLmnqUwwqS9,diet-1904,es-bou
i-PXuku1HofhxbHupjzJDbQt,diet-1885,es-bou
i-PXuku1HofhxbHupjzJDbQt,diet-1888,es-bou
i-PXuku1HofhxbHupjzJDbQt,diet-1891,es-bou
i-PYQaaQwp6fww67Sfuv5pS2,diet-porvoo,es-nob
i-PYWvB334yLWEhtwkxgXUPF,diet-1867,es-pea
i-PYevqfZGZ2L2kAxK5yJAg8,diet-1877,es-cle
i-PYevqfZGZ2L2kAxK5yJAg8,diet-1867,es-cle
i-PakNJPLNiG83PD1Hqsszw6,diet-1863,es-nob
i-PakNJPLNiG83PD1Hqsszw6,diet-1867,es-nob
i-PakNJPLNiG83PD1Hqsszw6,diet-1882,es-nob
i-PakNJPLNiG83PD1Hqsszw6,diet-1888,es-nob
i-Pcaa9EgdyNW1ATcp1he7Tu,diet-1877,es-nob
i-Pcaa9EgdyNW1ATcp1he7Tu,diet-1882,es-nob
i-PekxKWsZ4bgFrbFj9LrEem,diet-1900,es-nob
i-PekxKWsZ4bgFrbFj9LrEem,diet-1905,es-nob
i-Pf75wDVPHr1357N9G8kwHc,diet-1888,es-nob
i-PfNDvdPUw3V2yuQ3zFXWwn,diet-1867,es-bou
i-Pfw4BTaDP6k2iypU8dU681,diet-1877,es-nob
i-Pfw4BTaDP6k2iypU8dU681,diet-1882,es-nob
i-Pfw4BTaDP6k2iypU8dU681,diet-1867,es-nob
i-Pfw4BTaDP6k2iypU8dU681,diet-1863,es-nob
i-PgAMU6BqG36U1C18dfRoTQ,diet-1888,es-nob
i-PgP4VQLBSWeqNWkwt4rYeN,diet-1885,es-pea
i-Pn84JtGdutpdSwxbgQUoER,diet-1863,es-pea
i-Po86c6SzZBrRp2cXNt7vbS,diet-1905,es-pea
i-PsebhHbMPp7TojDsoDt1hW,diet-1891,es-bou
i-PsebhHbMPp7TojDsoDt1hW,diet-1900,es-bou
i-PsebhHbMPp7TojDsoDt1hW,diet-1899,es-bou
i-PsebhHbMPp7TojDsoDt1hW,diet-1894,es-bou
i-PsebhHbMPp7TojDsoDt1hW,diet-1888,es-bou
i-PsebhHbMPp7TojDsoDt1hW,diet-1897,es-bou
i-PsebhHbMPp7TojDsoDt1hW,diet-1885,es-bou
i-PsuoFALePn9dpFRG2m5nm8,diet-1905,es-nob
i-PtuyxaDFzQJ2vXUDYSKW5C,diet-1885,es-cle
i-PtuyxaDFzQJ2vXUDYSKW5C,diet-1888,es-cle
i-PtuyxaDFzQJ2vXUDYSKW5C,diet-1894,es-cle
i-PtuyxaDFzQJ2vXUDYSKW5C,diet-1877,es-cle
i-PtuyxaDFzQJ2vXUDYSKW5C,diet-1897,es-cle
i-PtuyxaDFzQJ2vXUDYSKW5C,diet-1882,es-cle
i-PtuyxaDFzQJ2vXUDYSKW5C,diet-1891,es-cle
i-Pvw9EBwj6b461Z2NzQEMrw,diet-1885,es-bou
i-Pvw9EBwj6b461Z2NzQEMrw,diet-1891,es-bou
i-Pvw9EBwj6b461Z2NzQEMrw,diet-1897,es-bou
i-Pvw9EBwj6b461Z2NzQEMrw,diet-1899,es-bou
i-Pvw9EBwj6b461Z2NzQEMrw,diet-1904,es-bou
i-Pvw9EBwj6b461Z2NzQEMrw,diet-1888,es-bou
i-PwYmt66Muuq6LCAKqgJ6bg,diet-1867,es-nob
i-Pwjr6vGBf5sGMw2BtNjBMH,diet-1899,es-pea
i-Pwjr6vGBf5sGMw2BtNjBMH,diet-1897,es-pea
i-Pwjr6vGBf5sGMw2BtNjBMH,diet-1894,es-pea
i-Pwjr6vGBf5sGMw2BtNjBMH,diet-1891,es-pea
i-Pwjr6vGBf5sGMw2BtNjBMH,diet-1885,es-pea
i-Pwjr6vGBf5sGMw2BtNjBMH,diet-1882,es-pea
i-Pwjr6vGBf5sGMw2BtNjBMH,diet-1877,es-pea
i-Pwjr6vGBf5sGMw2BtNjBMH,diet-1900,es-pea
i-Pwjr6vGBf5sGMw2BtNjBMH,diet-1888,es-pea
i-PwnzQwwr5bqYkhupZAh7NR,diet-1888,es-nob
i-Px3G8v88wqcrbZDDAeY4bn,diet-1867,es-nob
i-Px3G8v88wqcrbZDDAeY4bn,diet-1863,es-nob
i-PxM4zoed54FM2xN5phWky8,diet-1897,es-cle
i-PxM4zoed54FM2xN5phWky8,diet-1888,es-cle
i-PymBN8Lia6PetBUJoeuz2t,diet-1899,es-nob
i-PyyELpiiVyvdj4dMGXBMfd,diet-1905,es-nob
i-PyyELpiiVyvdj4dMGXBMfd,diet-1894,es-nob
i-PyyELpiiVyvdj4dMGXBMfd,diet-1897,es-nob
i-PyyELpiiVyvdj4dMGXBMfd,diet-1900,es-nob
i-PyyELpiiVyvdj4dMGXBMfd,diet-1904,es-nob
i-PzVQ4YLaWeM7pNS6Ys5uUd,diet-1904,es-nob
i-PzVQ4YLaWeM7pNS6Ys5uUd,diet-1905,es-nob
i-PzVQ4YLaWeM7pNS6Ys5uUd,diet-1900,es-nob
i-Q1N8PN7b15c7kKuCCwqBkf,diet-porvoo,es-nob
i-Q1ibeZgVwdgK9awDnvXcF6,diet-porvoo,es-cle
i-Q21ZTbWmznLGQxXvyNXGvX,diet-1888,es-nob
i-Q5EydXH8qjLRMePzsPkUGU,diet-1905,es-bou
i-Q5EydXH8qjLRMePzsPkUGU,diet-1904,es-bou
i-Q6qBz6peRTuLmwUG9fGTUi,diet-1900,es-bou
i-Q6qBz6peRTuLmwUG9fGTUi,diet-1899,es-bou
i-Q6qBz6peRTuLmwUG9fGTUi,diet-1897,es-bou
i-Q6qBz6peRTuLmwUG9fGTUi,diet-1894,es-bou
i-Q76pbjMuE4qKSn7QggecGP,diet-1863,es-cle
i-Q95QFncTZFNWLCngcWrEbX,diet-1904,es-nob
i-Q95QFncTZFNWLCngcWrEbX,diet-1900,es-nob
i-QBzR9quZuLUvCqxCppFswG,diet-1877,es-pea
i-QC5Cyy3W7sCFLULXRbi4Rm,diet-1877,es-bou
i-QCMogBudzNTMKFVRyUTu7u,diet-1897,es-bou
i-QCMogBudzNTMKFVRyUTu7u,diet-1899,es-bou
i-QCMogBudzNTMKFVRyUTu7u,diet-1900,es-bou
i-QE8zNVMp9Xs7sAfD5qKxFo,diet-1877,es-bou
i-QE8zNVMp9Xs7sAfD5qKxFo,diet-1867,es-bou
i-QE8zNVMp9Xs7sAfD5qKxFo,diet-1863,es-bou
i-QEY8yLYiTTD8YcFBZFzwF5,diet-1863,es-pea
i-QEfPLQGwwVw7e6SHKhBgS7,diet-1877,es-bou
i-QEfPLQGwwVw7e6SHKhBgS7,diet-1882,es-bou
i-QFtRtd5gpiAbTC23qvFAwg,diet-1867,es-nob
i-QGPtDAH1rAzUX1zyuF6Zjh,diet-1863,es-pea
i-QHeFmPFqTzUKYegijGeky4,diet-1863,es-cle
i-QJ1ZkTV7SwMpxh2ZB1Guar,diet-1882,es-bou
i-QJ1ZkTV7SwMpxh2ZB1Guar,diet-1888,es-bou
i-QJ1ZkTV7SwMpxh2ZB1Guar,diet-1885,es-bou
i-QJ1ZkTV7SwMpxh2ZB1Guar,diet-1897,es-bou
i-QJ1ZkTV7SwMpxh2ZB1Guar,diet-1894,es-bou
i-QMgGCwPHvJ4CXVz7N7KJek,diet-1897,es-cle
i-QMgGCwPHvJ4CXVz7N7KJek,diet-1899,es-cle
i-QMgGCwPHvJ4CXVz7N7KJek,diet-1900,es-cle
i-QMgGCwPHvJ4CXVz7N7KJek,diet-1904,es-cle
i-QNhMBum6ExbBrKvo7ygXjB,diet-1891,es-cle
i-QNhMBum6ExbBrKvo7ygXjB,diet-1894,es-cle
i-QNhMBum6ExbBrKvo7ygXjB,diet-1897,es-cle
i-QP5DJLaZH6HrKA2LVXwim9,diet-porvoo,es-nob
i-QPoFfjW9PNsnWHP2wwCzA3,diet-1899,es-nob
i-QPoFfjW9PNsnWHP2wwCzA3,diet-1891,es-nob
i-QPoFfjW9PNsnWHP2wwCzA3,diet-1904,es-nob
i-QPoFfjW9PNsnWHP2wwCzA3,diet-1900,es-nob
i-QPoFfjW9PNsnWHP2wwCzA3,diet-1894,es-nob
i-QQ7rzMcvpGv1RunkkD3Hgv,diet-1899,es-cle
i-QQ7rzMcvpGv1RunkkD3Hgv,diet-1900,es-cle
i-QQ7rzMcvpGv1RunkkD3Hgv,diet-1904,es-cle
i-QQ7rzMcvpGv1RunkkD3Hgv,diet-1905,es-cle
i-QQ7rzMcvpGv1RunkkD3Hgv,diet-1894,es-cle
i-QQ7rzMcvpGv1RunkkD3Hgv,diet-1885,es-cle
i-QQ7rzMcvpGv1RunkkD3Hgv,diet-1882,es-cle
i-QQ7rzMcvpGv1RunkkD3Hgv,diet-1897,es-cle
i-QQY41pDJEC5sc6i2RxR4Hf,diet-1863,es-pea
i-QSofAA7uWWcxZqxLFXBh9g,diet-1877,es-nob
i-QVeVTFe56BkTfwnYuwAieL,diet-1900,es-nob
i-QVrcwFYjcxwn93KdWmPBk3,diet-1882,es-cle
i-QVrcwFYjcxwn93KdWmPBk3,diet-1877,es-cle
i-QVrcwFYjcxwn93KdWmPBk3,diet-1867,es-cle
i-QWKeMQ8ikAFs3HUhpwcTcY,diet-porvoo,es-nob
i-QWtmceu5tuL6iNKSbdGPzi,diet-1877,es-nob
i-QWtmceu5tuL6iNKSbdGPzi,diet-1882,es-nob
i-QWtmceu5tuL6iNKSbdGPzi,diet-1885,es-nob
i-QWtmceu5tuL6iNKSbdGPzi,diet-1894,es-nob
i-QWtmceu5tuL6iNKSbdGPzi,diet-1891,es-nob
i-QWtmceu5tuL6iNKSbdGPzi,diet-1888,es-nob
i-QXBKraZHyPiE9z35xJ7hrQ,diet-1863,es-pea
i-QYHzVDBkaHwTabbuxDayFN,diet-1894,es-nob
i-QYHzVDBkaHwTabbuxDayFN,diet-1891,es-nob
i-QYHzVDBkaHwTabbuxDayFN,diet-1897,es-nob
i-QYHzVDBkaHwTabbuxDayFN,diet-1899,es-nob
i-QYXUQL1GRL9Dj9W63s5z37,diet-1904,es-nob
i-QYn16ak5qeRq4d9Vrw4qd4,diet-1900,es-nob
i-QYn16ak5qeRq4d9Vrw4qd4,diet-1885,es-nob
i-QYn16ak5qeRq4d9Vrw4qd4,diet-1882,es-nob
i-QYn16ak5qeRq4d9Vrw4qd4,diet-1877,es-nob
i-QYn16ak5qeRq4d9Vrw4qd4,diet-1904,es-nob
i-QYxULRmLP8R5DCtgrjvZn8,diet-porvoo,es-bou
i-QaTCTm7zbJdPwtSKAQ6xKM,diet-1867,es-pea
i-QcNomwuvdVFymGu4tEokDW,diet-1885,es-nob
i-QcNomwuvdVFymGu4tEokDW,diet-1888,es-nob
i-QcsjR5Y3EcAYrfuf6exqd2,diet-1888,es-nob
i-QcsjR5Y3EcAYrfuf6exqd2,diet-1891,es-nob
i-QcsjR5Y3EcAYrfuf6exqd2,diet-1894,es-nob
i-QcsjR5Y3EcAYrfuf6exqd2,diet-1897,es-nob
i-QcsjR5Y3EcAYrfuf6exqd2,diet-1882,es-nob
i-QcsjR5Y3EcAYrfuf6exqd2,diet-1867,es-nob
i-QcsjR5Y3EcAYrfuf6exqd2,diet-1863,es-nob
i-QcsjR5Y3EcAYrfuf6exqd2,diet-1885,es-nob
i-QcsjR5Y3EcAYrfuf6exqd2,diet-1877,es-nob
i-QhncDJ9GjFzajpogRjMHPM,diet-1885,es-pea
i-QhncDJ9GjFzajpogRjMHPM,diet-1897,es-pea
i-QhncDJ9GjFzajpogRjMHPM,diet-1888,es-pea
i-QkiuvQensCpwWyAWks6NUq,diet-1867,es-nob
i-QmDvF6akeQRHNrBxFgwyU3,diet-1867,es-bou
i-Qnp6pqgLniPF2sFKE6V5wi,diet-1888,es-cle
i-Qnp6pqgLniPF2sFKE6V5wi,diet-1877,es-cle
i-Qnp6pqgLniPF2sFKE6V5wi,diet-1882,es-cle
i-Qnp6pqgLniPF2sFKE6V5wi,diet-1885,es-cle
i-Qnp6pqgLniPF2sFKE6V5wi,diet-1891,es-cle
i-Qnp6pqgLniPF2sFKE6V5wi,diet-1894,es-cle
i-Qnp6pqgLniPF2sFKE6V5wi,diet-1899,es-cle
i-Qnp6pqgLniPF2sFKE6V5wi,diet-1897,es-cle
i-Qnp6pqgLniPF2sFKE6V5wi,diet-1900,es-cle
i-QnztxA9UA85K7Pcdod4AWL,diet-1899,es-nob
i-Qp7sJuXneZjAk13ibBY1Fi,diet-1894,es-nob
i-Qp7sJuXneZjAk13ibBY1Fi,diet-1897,es-nob
i-Qp7sJuXneZjAk13ibBY1Fi,diet-1905,es-nob
i-Qp7sJuXneZjAk13ibBY1Fi,diet-1899,es-nob
i-Qp7sJuXneZjAk13ibBY1Fi,diet-1900,es-nob
i-Qp7sJuXneZjAk13ibBY1Fi,diet-1904,es-nob
i-QqBB3xoTfxVdjYr5NQonYt,diet-1899,es-nob
i-QqBB3xoTfxVdjYr5NQonYt,diet-1904,es-nob
i-QqBB3xoTfxVdjYr5NQonYt,diet-1897,es-nob
i-QqBB3xoTfxVdjYr5NQonYt,diet-1900,es-nob
i-QqBB3xoTfxVdjYr5NQonYt,diet-1891,es-nob
i-QqBB3xoTfxVdjYr5NQonYt,diet-1905,es-nob
i-QqBB3xoTfxVdjYr5NQonYt,diet-1888,es-nob
i-QqBB3xoTfxVdjYr5NQonYt,diet-1894,es-nob
i-QqBB3xoTfxVdjYr5NQonYt,diet-1885,es-nob
i-QqBB3xoTfxVdjYr5NQonYt,diet-1882,es-nob
i-QrXbUARX3WXzHQ9txYadDP,diet-1863,es-nob
i-QrXbUARX3WXzHQ9txYadDP,diet-1877,es-nob
i-QrXbUARX3WXzHQ9txYadDP,diet-1867,es-nob
i-QsddKiAiTQrxhHXVtrHq6U,diet-1863,es-pea
i-QskzHhWrhp8unnoSpbaboW,diet-1882,es-nob
i-QtRE4wiVPvYZD95obdru7G,diet-1877,es-bou
i-QtRE4wiVPvYZD95obdru7G,diet-1888,es-bou
i-QtRE4wiVPvYZD95obdru7G,diet-1885,es-bou
i-QtRE4wiVPvYZD95obdru7G,diet-1882,es-bou
i-Quofg7cvFSNhUVrVFqCsCJ,diet-1905,es-bou
i-Quofg7cvFSNhUVrVFqCsCJ,diet-1897,es-bou
i-Quofg7cvFSNhUVrVFqCsCJ,diet-1904,es-bou
i-Quofg7cvFSNhUVrVFqCsCJ,diet-1894,es-bou
i-Quofg7cvFSNhUVrVFqCsCJ,diet-1900,es-bou
i-Quofg7cvFSNhUVrVFqCsCJ,diet-1899,es-bou
i-QvFYn2SbCevwzepahRX1Eo,diet-1905,es-nob
i-QvFYn2SbCevwzepahRX1Eo,diet-1897,es-nob
i-QvFYn2SbCevwzepahRX1Eo,diet-1899,es-nob
i-QvZND5bsUMbLd5okrAcPB4,diet-1867,es-pea
i-QvmSKDnRAtXr4Y5xFUdyFL,diet-1905,es-nob
i-QvmSKDnRAtXr4Y5xFUdyFL,diet-1897,es-nob
i-QvmSKDnRAtXr4Y5xFUdyFL,diet-1894,es-nob
i-QvmSKDnRAtXr4Y5xFUdyFL,diet-1891,es-nob
i-QvmSKDnRAtXr4Y5xFUdyFL,diet-1888,es-nob
i-QvmSKDnRAtXr4Y5xFUdyFL,diet-1900,es-nob
i-QwYQDZHC3TqUfTjTHbxuTf,diet-1897,es-bou
i-QwYQDZHC3TqUfTjTHbxuTf,diet-1900,es-bou
i-QwYQDZHC3TqUfTjTHbxuTf,diet-1899,es-bou
i-QwcTLbpo4YVwryjr1GArpy,diet-1877,es-cle
i-QwcTLbpo4YVwryjr1GArpy,diet-1882,es-cle
i-Qwef1SgV2CKvjcNDkxWaLb,diet-1877,es-nob
i-QyPgAFSeFwkAKAaSYDLYCy,diet-1904,es-nob
i-QyPgAFSeFwkAKAaSYDLYCy,diet-1905,es-nob
i-R28UTns33JCA99kCLanPzS,diet-1888,es-pea
i-R3sJekkutyVdAe6K3GTP3c,diet-1863,es-nob
i-R6esB2VMiCeF9f4oaXQg24,diet-1867,es-bou
i-R7XPbPqdwJug3bA6LutgV3,diet-1900,es-pea
i-R7vN6VeBQMj14FAtddnDir,diet-1904,es-nob
i-R8cSAzux46z13Kz116RqYq,diet-porvoo,es-nob
i-R8pmgSjrtL5RNu17k6YJJ8,diet-1888,es-bou
i-R8pmgSjrtL5RNu17k6YJJ8,diet-1891,es-bou
i-R8pmgSjrtL5RNu17k6YJJ8,diet-1894,es-bou
i-R8pmgSjrtL5RNu17k6YJJ8,diet-1885,es-bou
i-R9GysjTqcGUJdiX7U42BXP,diet-1867,es-pea
i-R9jTBuaffAFW9tqnohzFxo,diet-1863,es-cle
i-RAMm5EB5hewafqayKtSYFU,diet-1888,es-pea
i-RBMv4NKJqVbMmhQsYSdbLb,diet-1894,es-nob
i-RBMv4NKJqVbMmhQsYSdbLb,diet-1863,es-nob
i-RBMv4NKJqVbMmhQsYSdbLb,diet-1897,es-nob
i-RBMv4NKJqVbMmhQsYSdbLb,diet-1899,es-nob
i-RBMv4NKJqVbMmhQsYSdbLb,diet-1904,es-nob
i-RBMv4NKJqVbMmhQsYSdbLb,diet-1867,es-nob
i-RBMv4NKJqVbMmhQsYSdbLb,diet-1877,es-nob
i-RBMv4NKJqVbMmhQsYSdbLb,diet-1891,es-nob
i-RBMv4NKJqVbMmhQsYSdbLb,diet-1888,es-nob
i-RBWCuLg8kwt5DsDhYULC5s,diet-1863,es-nob
i-RBWCuLg8kwt5DsDhYULC5s,diet-1867,es-nob
i-RE9ioS2PcNCNiD9EFU1fDJ,diet-1905,es-cle
i-RE9ioS2PcNCNiD9EFU1fDJ,diet-1904,es-cle
i-REsb3HRKixELb2Qs7KmBoM,diet-1882,es-nob
i-REsb3HRKixELb2Qs7KmBoM,diet-1891,es-nob
i-REsb3HRKixELb2Qs7KmBoM,diet-1877,es-nob
i-REsb3HRKixELb2Qs7KmBoM,diet-1904,es-nob
i-REsb3HRKixELb2Qs7KmBoM,diet-1899,es-nob
i-REsb3HRKixELb2Qs7KmBoM,diet-1894,es-nob
i-REsb3HRKixELb2Qs7KmBoM,diet-1897,es-nob
i-REsb3HRKixELb2Qs7KmBoM,diet-1900,es-nob
i-RHqygXe6TkBr9hHcesVUv4,diet-1882,es-pea
i-RLK2wujPko39urNNKUwfR1,diet-1867,es-bou
i-RLs3KN5zMfehHXGTrj8v3o,diet-1885,es-pea
i-RLwFsttUZJapjD32D16Mxd,diet-1867,es-cle
i-RN2xBfcNHm4QFV3THjTHgy,diet-1891,es-pea
i-RN2xBfcNHm4QFV3THjTHgy,diet-1885,es-pea
i-RRrbfpAgX7PwDQKMpoJV2G,diet-1894,es-nob
i-RSUNuRBeN9QEuyvaqF6vTD,diet-1894,es-pea
i-RSUNuRBeN9QEuyvaqF6vTD,diet-1899,es-pea
i-RSUNuRBeN9QEuyvaqF6vTD,diet-1897,es-pea
i-RT3U6VrgfFvTbEBaT1WU4Q,diet-1899,es-bou
i-RT3U6VrgfFvTbEBaT1WU4Q,diet-1894,es-bou
i-RT3U6VrgfFvTbEBaT1WU4Q,diet-1891,es-bou
i-RT3U6VrgfFvTbEBaT1WU4Q,diet-1888,es-bou
i-RTvTgtKDAuhsqLL4VrqGxQ,diet-1863,es-cle
i-RUbcSSRCcGyP1SMHNcHDBY,diet-1863,es-pea
i-RUeFTJDk4Bcmi5Q2QfrMYL,diet-porvoo,es-bou
i-RUfth79dYLH42WsVVpJ1J6,diet-1897,es-bou
i-RV7q872vpjZkC5xzMMKEib,diet-1904,es-bou
i-RWAcu32ZUF2YvpkQeJcFND,diet-1891,es-nob
i-RYRLCW2s7dknqNzUos9PeB,diet-1905,es-cle
i-RZhydE7SX8RvSkiFoBh92E,diet-1863,es-nob
i-RZrdQe9EF8epc2oUiYctkq,diet-1891,es-nob
i-RZrdQe9EF8epc2oUiYctkq,diet-1900,es-nob
i-RZrdQe9EF8epc2oUiYctkq,diet-1905,es-nob
i-RZrdQe9EF8epc2oUiYctkq,diet-1904,es-nob
i-RZrdQe9EF8epc2oUiYctkq,diet-1894,es-nob
i-RZrdQe9EF8epc2oUiYctkq,diet-1888,es-nob
i-RZrdQe9EF8epc2oUiYctkq,diet-1899,es-nob
i-RZrdQe9EF8epc2oUiYctkq,diet-1885,es-nob
i-RZrdQe9EF8epc2oUiYctkq,diet-1897,es-nob
i-RZrdQe9EF8epc2oUiYctkq,diet-1877,es-nob
i-Ra6DZsbiF1Qi4QsVYUsB4f,diet-1905,es-nob
i-RazorKnY8QnsosmjEpa7Cx,diet-porvoo,es-nob
i-RbShaK3GemTXX3EKJNmQqN,diet-1863,es-nob
i-Rby9gqrGcd7k1U8tGWeVco,diet-1885,es-cle
i-RcSCmpxriPBQokni59zaX1,diet-1867,es-nob
i-RcSCmpxriPBQokni59zaX1,diet-1877,es-nob
i-RcSCmpxriPBQokni59zaX1,diet-1894,es-nob
i-RdVg2ED8jziUyqAhpvSx15,diet-1905,es-bou
i-Re4PUqw3hSF2gYzFAbLco4,diet-1885,es-pea
i-RemteiT7sCE4ug9DvwUUZU,diet-1905,es-nob
i-RemteiT7sCE4ug9DvwUUZU,diet-1900,es-nob
i-RhBRSkx9yQCaJTuJXtgxWb,diet-1877,es-cle
i-RhBRSkx9yQCaJTuJXtgxWb,diet-1882,es-cle
i-RhBRSkx9yQCaJTuJXtgxWb,diet-1885,es-cle
i-Rj2c8ipnAPEZ4wgVvsAFh2,diet-1897,es-nob
i-Rj2c8ipnAPEZ4wgVvsAFh2,diet-1899,es-nob
i-Rj2c8ipnAPEZ4wgVvsAFh2,diet-1905,es-nob
i-Rj2c8ipnAPEZ4wgVvsAFh2,diet-1904,es-nob
i-RmokoW7hqqBTHEKbGg3DNm,diet-1877,es-nob
i-Rp2PztPk5dnCsvQTKH2P2F,diet-1905,es-nob
i-Rp2PztPk5dnCsvQTKH2P2F,diet-1897,es-nob
i-Rp2PztPk5dnCsvQTKH2P2F,diet-1899,es-nob
i-RpVDw6iitmizfBXkZBCRJA,diet-1877,es-pea
i-RpxSvxG4amN4EMcdgkbpKE,diet-1888,es-nob
i-RpxSvxG4amN4EMcdgkbpKE,diet-1899,es-nob
i-RpxSvxG4amN4EMcdgkbpKE,diet-1891,es-nob
i-RpxSvxG4amN4EMcdgkbpKE,diet-1894,es-nob
i-RpxSvxG4amN4EMcdgkbpKE,diet-1897,es-nob
i-RqAPAC7S2CX7e35kDsECyi,diet-1877,es-bou
i-RqnKaG4Hk193aoEnE7oY7w,diet-1882,es-nob
i-RqnKaG4Hk193aoEnE7oY7w,diet-1888,es-nob
i-RqnKaG4Hk193aoEnE7oY7w,diet-1863,es-nob
i-RrQ3T3si3z3UVhi3RdhVzj,diet-1888,es-nob
i-RrrZcYmz8gMNNh9veSLgyy,diet-1885,es-nob
i-RtZYJRUio7AUd7ime4k5jZ,diet-1877,es-pea
i-Ru1jMpqP9G8A3wM3W5Ufdk,diet-1867,es-nob
i-RuWjhvcLonqckZ5vuFTfDf,diet-1904,es-pea
i-RuWjhvcLonqckZ5vuFTfDf,diet-1882,es-pea
i-RuWjhvcLonqckZ5vuFTfDf,diet-1905,es-pea
i-Rvm4fcZPK4D2qhoK2MNv7C,diet-porvoo,es-pea
i-RxDaXQCkTN5K77BYobYMRs,diet-1891,es-pea
i-RyyZbpWVhzYMm59x53dQgk,diet-1904,es-nob
i-RyyZbpWVhzYMm59x53dQgk,diet-1905,es-nob
i-S154YmFsimHxrDU4mVt7UQ,diet-1905,es-nob
i-S154YmFsimHxrDU4mVt7UQ,diet-1904,es-nob
i-S1pw6piuuiCbir7ePXdqY4,diet-porvoo,es-bou
i-S2JvqMtVriHzJCtaWZ97W7,diet-1882,es-pea
i-S2JvqMtVriHzJCtaWZ97W7,diet-1877,es-pea
i-S2JvqMtVriHzJCtaWZ97W7,diet-1863,es-pea
i-S3BEuv7Bn8ayM26jYrr83J,diet-1891,es-pea
i-S3BEuv7Bn8ayM26jYrr83J,diet-1885,es-pea
i-S3BEuv7Bn8ayM26jYrr83J,diet-1882,es-pea
i-S3GuL4uWXYcmpjmQUj9PCt,diet-1888,es-bou
i-S3GuL4uWXYcmpjmQUj9PCt,diet-1891,es-bou
i-S4GmUj8rHy9f5UtwUyzeuT,diet-1867,es-nob
i-S4GmUj8rHy9f5UtwUyzeuT,diet-1863,es-nob
i-S4N4b2keBxeCJJKy8Ryks3,diet-1905,es-nob
i-S4N4b2keBxeCJJKy8Ryks3,diet-1899,es-nob
i-S4N4b2keBxeCJJKy8Ryks3,diet-1904,es-nob
i-S4N4b2keBxeCJJKy8Ryks3,diet-1900,es-nob
i-S4N4b2keBxeCJJKy8Ryks3,diet-1897,es-nob
i-S7HnBrDttPGxM4jsJ8CmK4,diet-porvoo,es-nob
i-S8BUZ6vnbJpzzmYXeu7wqs,diet-1904,es-cle
i-S8BUZ6vnbJpzzmYXeu7wqs,diet-1905,es-cle
i-S8XRVnYxVF1uWdqPN4vmHV,diet-1888,es-nob
i-SBWbVTV2f7vdAPCNzHq9rq,diet-porvoo,es-cle
i-SCDfHvQhfbb3ozrfTxB2Ni,diet-1900,es-pea
i-SDx8XWaQ1pBA9gKiPinHpP,diet-1891,es-bou
i-SDx8XWaQ1pBA9gKiPinHpP,diet-1888,es-bou
i-SFc8hpHHMKPoBCPMh5HGZC,diet-1905,es-nob
i-SFc8hpHHMKPoBCPMh5HGZC,diet-1904,es-nob
i-SFc8hpHHMKPoBCPMh5HGZC,diet-1894,es-nob
i-SFc8hpHHMKPoBCPMh5HGZC,diet-1897,es-nob
i-SFc8hpHHMKPoBCPMh5HGZC,diet-1885,es-nob
i-SFc8hpHHMKPoBCPMh5HGZC,diet-1882,es-nob
i-SFc8hpHHMKPoBCPMh5HGZC,diet-1891,es-nob
i-SFc8hpHHMKPoBCPMh5HGZC,diet-1900,es-nob
i-SGZvu2gmDdnsbFXvehPV56,diet-1891,es-nob
i-SGZvu2gmDdnsbFXvehPV56,diet-1885,es-nob
i-SGZvu2gmDdnsbFXvehPV56,diet-1894,es-nob
i-SGZvu2gmDdnsbFXvehPV56,diet-1897,es-nob
i-SGZvu2gmDdnsbFXvehPV56,diet-1899,es-nob
i-SGZvu2gmDdnsbFXvehPV56,diet-1900,es-nob
i-SGZvu2gmDdnsbFXvehPV56,diet-1904,es-nob
i-SGZvu2gmDdnsbFXvehPV56,diet-1905,es-nob
i-SHv8JmjxjKq8nKf5WMXEG1,diet-1863,es-nob
i-SHv8JmjxjKq8nKf5WMXEG1,diet-1867,es-nob
i-SJiwEStodzYuHjM8tq7Dmg,diet-1900,es-nob
i-SKPZwEKXE7hX71KKJrTCDN,diet-1897,es-nob
i-SKPZwEKXE7hX71KKJrTCDN,diet-1900,es-nob
i-SKPZwEKXE7hX71KKJrTCDN,diet-1904,es-nob
i-SKPZwEKXE7hX71KKJrTCDN,diet-1899,es-nob
i-SKPZwEKXE7hX71KKJrTCDN,diet-1905,es-nob
i-SPqs6qVLvM2YBpWYSvfLES,diet-porvoo,es-bou
i-SPwXEDwrmRhThsKjhJmzBQ,diet-1897,es-nob
i-SPwXEDwrmRhThsKjhJmzBQ,diet-1900,es-nob
i-SPwXEDwrmRhThsKjhJmzBQ,diet-1905,es-nob
i-SQJ5Monvd2cwvwoh9Q8GtZ,diet-1882,es-nob
i-SSc9zSnPAgfhX8h2yDhK5b,diet-1885,es-nob
i-SSeEffZt43Kvtrd9Cx5n3r,diet-1905,es-nob
i-SSeEffZt43Kvtrd9Cx5n3r,diet-1904,es-nob
i-STAnaSXq3Wzd8jSfHgfAs6,diet-1863,es-pea
i-SU2n35iQoWZU6ahNBi2tN9,diet-1897,es-nob
i-SU2n35iQoWZU6ahNBi2tN9,diet-1894,es-nob
i-SU2n35iQoWZU6ahNBi2tN9,diet-1863,es-nob
i-SU2n35iQoWZU6ahNBi2tN9,diet-1877,es-nob
i-SU2n35iQoWZU6ahNBi2tN9,diet-1891,es-nob
i-SU2n35iQoWZU6ahNBi2tN9,diet-1899,es-nob
i-SU2n35iQoWZU6ahNBi2tN9,diet-1882,es-nob
i-SU2n35iQoWZU6ahNBi2tN9,diet-1885,es-nob
i-SU2n35iQoWZU6ahNBi2tN9,diet-1888,es-nob
i-SUa2EAYaUVdKXx1Hip3kos,diet-1905,es-nob
i-SUa2EAYaUVdKXx1Hip3kos,diet-1904,es-nob
i-SUpmw56zMz2APdv8K23tDg,diet-1899,es-cle
i-SUpmw56zMz2APdv8K23tDg,diet-1894,es-cle
i-SUpmw56zMz2APdv8K23tDg,diet-1891,es-cle
i-SUpmw56zMz2APdv8K23tDg,diet-1888,es-cle
i-SUpmw56zMz2APdv8K23tDg,diet-1900,es-cle
i-SUpmw56zMz2APdv8K23tDg,diet-1904,es-cle
i-SUpmw56zMz2APdv8K23tDg,diet-1905,es-cle
i-SUpmw56zMz2APdv8K23tDg,diet-1897,es-cle
i-SVUC6CZ6K8PYcHFwEQ5T2T,diet-1885,es-pea
i-SW1vHpQ8FCcrVNRvfdz5ft,diet-1888,es-nob
i-SWcAb2S58766GiVqcK2yWq,diet-1882,es-bou
i-SXNWTjE9HN5oyuWqsYxf5Y,diet-1905,es-nob
i-SXNWTjE9HN5oyuWqsYxf5Y,diet-1904,es-nob
i-SYnSDfibYZd7vBXM2DWy6m,diet-1867,es-cle
i-SZ16bZKoDB96Toq5hKxNqX,diet-1905,es-bou
i-SaCnJmAftzcnG2e8XYGcL9,diet-1900,es-cle
i-SaCnJmAftzcnG2e8XYGcL9,diet-1897,es-cle
i-SaCnJmAftzcnG2e8XYGcL9,diet-1904,es-cle
i-SaCnJmAftzcnG2e8XYGcL9,diet-1905,es-cle
i-SaCnJmAftzcnG2e8XYGcL9,diet-1899,es-cle
i-SbX61wokaS67ghtHrcjkgQ,diet-1882,es-nob
i-SbX61wokaS67ghtHrcjkgQ,diet-1891,es-nob
i-SbX61wokaS67ghtHrcjkgQ,diet-1899,es-nob
i-SbX61wokaS67ghtHrcjkgQ,diet-1897,es-nob
i-SbX61wokaS67ghtHrcjkgQ,diet-1894,es-nob
i-SbX61wokaS67ghtHrcjkgQ,diet-1905,es-nob
i-SbX61wokaS67ghtHrcjkgQ,diet-1888,es-nob
i-SbX61wokaS67ghtHrcjkgQ,diet-1900,es-nob
i-SbX61wokaS67ghtHrcjkgQ,diet-1877,es-nob
i-SbX61wokaS67ghtHrcjkgQ,diet-1885,es-nob
i-SbX61wokaS67ghtHrcjkgQ,diet-1863,es-nob
i-SbX61wokaS67ghtHrcjkgQ,diet-1867,es-nob
i-SbX61wokaS67ghtHrcjkgQ,diet-1904,es-nob
i-SbofGedkQmSvXcY3kuYV13,diet-1897,es-pea
i-SbofGedkQmSvXcY3kuYV13,diet-1894,es-pea
i-SbofGedkQmSvXcY3kuYV13,diet-1899,es-pea
i-SbofGedkQmSvXcY3kuYV13,diet-1900,es-pea
i-SdMoUcpSHjToPwQR4EJX9T,diet-1888,es-nob
i-SdgbXNAKksp7Y4D1ExsyJV,diet-1900,es-nob
i-SdgbXNAKksp7Y4D1ExsyJV,diet-1905,es-nob
i-SfCwsq5Qek5Vh2jkQ6X17W,diet-porvoo,es-nob
i-Sfn4EsStf31pPRaBmW4Hw5,diet-1905,es-pea
i-Sfn4EsStf31pPRaBmW4Hw5,diet-1900,es-pea
i-Sfn4EsStf31pPRaBmW4Hw5,diet-1904,es-pea
i-Sgc98ZDEzcXD8Ee87B26PF,diet-1863,es-bou
i-ShSqKxsKjsrqLxqcDTQ4vS,diet-porvoo,es-nob
i-SiFian5B3vruST13ZFJvMQ,diet-1885,es-nob
i-SkK4TRBZDox3b1jvm2qT2t,diet-1888,es-cle
i-SkK4TRBZDox3b1jvm2qT2t,diet-1885,es-cle
i-SkKUXsPiaabPiKXqGWU5WM,diet-1877,es-pea
i-SoWgEmbVTmdPn2HvTMFCF,diet-1885,es-nob
i-SoWgEmbVTmdPn2HvTMFCF,diet-1888,es-nob
i-SoWgEmbVTmdPn2HvTMFCF,diet-1891,es-nob
i-SofurPRw3EL6yyFJXakZd3,diet-1863,es-nob
i-SqM5eM5mRQL5Ezs1SSYeE,diet-1904,es-nob
i-SqM5eM5mRQL5Ezs1SSYeE,diet-1888,es-bou
i-SqQK7dWUc7zwppHradamvV,diet-1888,es-nob
i-Sqa5GC1t2uBEPmCRzkYfks,diet-1877,es-nob
i-SrGiafTSdSwpad4RB612Eg,diet-1900,es-bou
i-SruNgxePrM2C8QjDrT3xNt,diet-1867,es-pea
i-Ssz6NPb9rMtK26HHXkXoyb,diet-1891,es-bou
i-Ssz6NPb9rMtK26HHXkXoyb,diet-1885,es-bou
i-StNDotZqCKLbRxhLrc79wz,diet-1888,es-pea
i-Svni6aX5bhGV2ryvepBXto,diet-1897,es-nob
i-Svni6aX5bhGV2ryvepBXto,diet-1899,es-nob
i-Svni6aX5bhGV2ryvepBXto,diet-1904,es-nob
i-Svni6aX5bhGV2ryvepBXto,diet-1905,es-nob
i-Svni6aX5bhGV2ryvepBXto,diet-1900,es-nob
i-SvyiLaCvhwTTq33XMRDDFu,diet-1904,es-nob
i-SyVV264UBZ1JB58yfmkdmz,diet-1905,es-nob
i-SyVV264UBZ1JB58yfmkdmz,diet-1891,es-nob
i-SyVV264UBZ1JB58yfmkdmz,diet-1888,es-nob
i-SyVV264UBZ1JB58yfmkdmz,diet-1894,es-nob
i-SyVV264UBZ1JB58yfmkdmz,diet-1882,es-nob
i-SyVV264UBZ1JB58yfmkdmz,diet-1885,es-nob
i-SzT9Ti41fPxiEJHVPCHzAT,diet-1897,es-bou
i-SzT9Ti41fPxiEJHVPCHzAT,diet-1900,es-bou
i-SzT9Ti41fPxiEJHVPCHzAT,diet-1885,es-bou
i-SzT9Ti41fPxiEJHVPCHzAT,diet-1888,es-bou
i-SzT9Ti41fPxiEJHVPCHzAT,diet-1891,es-bou
i-SzT9Ti41fPxiEJHVPCHzAT,diet-1894,es-bou
i-SzT9Ti41fPxiEJHVPCHzAT,diet-1899,es-bou
i-SzVBBvxt1aGJ6jks8D2Q5W,diet-1905,es-nob
i-SzqzswQ1RPMaaeiMYjG5Ca,diet-1885,es-cle
i-SzqzswQ1RPMaaeiMYjG5Ca,diet-1888,es-cle
i-SzqzswQ1RPMaaeiMYjG5Ca,diet-1882,es-cle
i-SzqzswQ1RPMaaeiMYjG5Ca,diet-1877,es-cle
i-SzsXtoTJnMbV9EcXuXLoAy,diet-1905,es-nob
i-SzsXtoTJnMbV9EcXuXLoAy,diet-1904,es-nob
i-SzsXtoTJnMbV9EcXuXLoAy,diet-1891,es-nob
i-SzsXtoTJnMbV9EcXuXLoAy,diet-1899,es-nob
i-T1J3nBEQ2dbgwg4zHwkNeU,diet-1891,es-nob
i-T1J3nBEQ2dbgwg4zHwkNeU,diet-1894,es-nob
i-T1J3nBEQ2dbgwg4zHwkNeU,diet-1900,es-nob
i-T1J3nBEQ2dbgwg4zHwkNeU,diet-1905,es-nob
i-T1yiXmDGyDLcG1pnW8cW3f,diet-1897,es-bou
i-T2NvVpCbguQDo4BsdWUvRd,diet-1885,es-pea
i-T2NvVpCbguQDo4BsdWUvRd,diet-1888,es-pea
i-T2NvVpCbguQDo4BsdWUvRd,diet-1891,es-pea
i-T2NvVpCbguQDo4BsdWUvRd,diet-1894,es-pea
i-T2NvVpCbguQDo4BsdWUvRd,diet-1897,es-pea
i-T2NvVpCbguQDo4BsdWUvRd,diet-1899,es-pea
i-T2NvVpCbguQDo4BsdWUvRd,diet-1900,es-pea
i-T6iwtdGymhfhiK1c7VMUXe,diet-1899,es-pea
i-T6mMFVzHVrVXYdjMx43gXd,diet-1891,es-nob
i-T6mMFVzHVrVXYdjMx43gXd,diet-1882,es-nob
i-T6mMFVzHVrVXYdjMx43gXd,diet-1863,es-nob
i-T6mMFVzHVrVXYdjMx43gXd,diet-1877,es-nob
i-T6mMFVzHVrVXYdjMx43gXd,diet-1885,es-nob
i-T6nMGQg3XFKJ9h18Q337Aa,diet-1900,es-cle
i-T7obg2BNJjQHgCfqJQDHo3,diet-1885,es-nob
i-T7obg2BNJjQHgCfqJQDHo3,diet-1882,es-nob
i-T7obg2BNJjQHgCfqJQDHo3,diet-1877,es-nob
i-TCQs5DXsZFoCfJSdbFZHQZ,diet-1863,es-nob
i-TCrqeMQR8TfbBknsNKpx1w,diet-porvoo,es-nob
i-TCwLfpuQKKUCxLk6FY1oaA,diet-1900,es-pea
i-TCwLfpuQKKUCxLk6FY1oaA,diet-1897,es-pea
i-TCwLfpuQKKUCxLk6FY1oaA,diet-1891,es-pea
i-TDFeRLpapo8KPRobArnpEf,diet-porvoo,es-pea
i-TDorJwip9wZw86wKUvrc6g,diet-1863,es-pea
i-TDorJwip9wZw86wKUvrc6g,diet-1867,es-pea
i-TGqE1UqnA73NvW2YYgmMf3,diet-1897,es-pea
i-TGqE1UqnA73NvW2YYgmMf3,diet-1899,es-pea
i-THAVuE4axrjJyKgs83WVGV,diet-1885,es-cle
i-TMtBCHpVArrzqFRZ7UamYA,diet-1877,es-bou
i-TMtBCHpVArrzqFRZ7UamYA,diet-1882,es-bou
i-TMtBCHpVArrzqFRZ7UamYA,diet-1885,es-bou
i-TMtBCHpVArrzqFRZ7UamYA,diet-1891,es-bou
i-TMtBCHpVArrzqFRZ7UamYA,diet-1888,es-bou
i-TMtBCHpVArrzqFRZ7UamYA,diet-1897,es-bou
i-TMtBCHpVArrzqFRZ7UamYA,diet-1899,es-bou
i-TMtBCHpVArrzqFRZ7UamYA,diet-1894,es-bou
i-TPLLng6ovQtEFTALxn8PZa,diet-1899,es-pea
i-TPLLng6ovQtEFTALxn8PZa,diet-1877,es-pea
i-TPLLng6ovQtEFTALxn8PZa,diet-1882,es-pea
i-TPLLng6ovQtEFTALxn8PZa,diet-1885,es-pea
i-TPLLng6ovQtEFTALxn8PZa,diet-1894,es-pea
i-TPLLng6ovQtEFTALxn8PZa,diet-1897,es-pea
i-TPLLng6ovQtEFTALxn8PZa,diet-1888,es-pea
i-TPLLng6ovQtEFTALxn8PZa,diet-1891,es-pea
i-TPLLng6ovQtEFTALxn8PZa,diet-1900,es-pea
i-TR13JsM23E7ipXqPtPdrJn,diet-1891,es-nob
i-TR13JsM23E7ipXqPtPdrJn,diet-1899,es-nob
i-TR13JsM23E7ipXqPtPdrJn,diet-1900,es-nob
i-TR13JsM23E7ipXqPtPdrJn,diet-1897,es-nob
i-TR13JsM23E7ipXqPtPdrJn,diet-1904,es-nob
i-TR13JsM23E7ipXqPtPdrJn,diet-1905,es-nob
i-TR13JsM23E7ipXqPtPdrJn,diet-1885,es-nob
i-TR13JsM23E7ipXqPtPdrJn,diet-1894,es-nob
i-TR13JsM23E7ipXqPtPdrJn,diet-1888,es-nob
i-TRJUkgdtqj8YafcHWiunC8,diet-1905,es-pea
i-TRJUkgdtqj8YafcHWiunC8,diet-1900,es-pea
i-TRJUkgdtqj8YafcHWiunC8,diet-1899,es-pea
i-TT9wVN7fF9yzm6SxBGQwCu,diet-1885,es-nob
i-TT9wVN7fF9yzm6SxBGQwCu,diet-1882,es-nob
i-TTJ6BfyGcHTAc3wu7ASwci,diet-1867,es-nob
i-TTJ6BfyGcHTAc3wu7ASwci,diet-1863,es-nob
i-TUXNt96MoMXQnU5GkAysCA,diet-1877,es-nob
i-TYnYVTeZurrqCheXFbt4rb,diet-1885,es-nob
i-TYyoxCt17RVmpDAFKWJW3u,diet-1882,es-nob
i-TYyoxCt17RVmpDAFKWJW3u,diet-1863,es-nob
i-TYyoxCt17RVmpDAFKWJW3u,diet-1867,es-nob
i-TYyoxCt17RVmpDAFKWJW3u,diet-1877,es-nob
i-TYyoxCt17RVmpDAFKWJW3u,diet-1888,es-nob
i-TYyoxCt17RVmpDAFKWJW3u,diet-1885,es-nob
i-TZBstz6GvAASyzwu3ZCkyU,diet-1897,es-pea
i-TZBstz6GvAASyzwu3ZCkyU,diet-1894,es-pea
i-TarLwptG7R8SF5pg2iR5pV,diet-1905,es-nob
i-TarLwptG7R8SF5pg2iR5pV,diet-1897,es-nob
i-TarLwptG7R8SF5pg2iR5pV,diet-1900,es-nob
i-TarLwptG7R8SF5pg2iR5pV,diet-1904,es-nob
i-TeVreJTGDQcrpSivfqbBtE,diet-1900,es-nob
i-TeVreJTGDQcrpSivfqbBtE,diet-1899,es-nob
i-TeVreJTGDQcrpSivfqbBtE,diet-1897,es-nob
i-TeVreJTGDQcrpSivfqbBtE,diet-1894,es-nob
i-TeVreJTGDQcrpSivfqbBtE,diet-1905,es-nob
i-TeVreJTGDQcrpSivfqbBtE,diet-1877,es-bou
i-TeVreJTGDQcrpSivfqbBtE,diet-1882,es-bou
i-TeVreJTGDQcrpSivfqbBtE,diet-1904,es-nob
i-TeVreJTGDQcrpSivfqbBtE,diet-1885,es-nob
i-TeVreJTGDQcrpSivfqbBtE,diet-1891,es-nob
i-TenXkjdHcqi3QqXg8Aj7co,diet-1863,es-cle
i-ThLyS2PmaP8M3K7ALK22pq,diet-1905,es-nob
i-ThLyS2PmaP8M3K7ALK22pq,diet-1904,es-nob
i-ThLyS2PmaP8M3K7ALK22pq,diet-1900,es-nob
i-ThLyS2PmaP8M3K7ALK22pq,diet-1899,es-nob
i-ThLyS2PmaP8M3K7ALK22pq,diet-1894,es-nob
i-ThLyS2PmaP8M3K7ALK22pq,diet-1897,es-nob
i-TmxEAscjG4hPj3fvW7XYWt,diet-1863,es-cle
i-Tn9Nab3J9yB7jDsvGXvMxV,diet-1885,es-nob
i-Tntgfg5AMMxYZi9wm5H9Eo,diet-1905,es-bou
i-Tnx7FYE9hZfG2QfvLnTU8p,diet-1863,es-nob
i-TpRRxpwrPivaPab2rTZrGQ,diet-1867,es-nob
i-TpRRxpwrPivaPab2rTZrGQ,diet-1877,es-nob
i-TpRRxpwrPivaPab2rTZrGQ,diet-1882,es-nob
i-TpRRxpwrPivaPab2rTZrGQ,diet-1885,es-nob
i-TpRRxpwrPivaPab2rTZrGQ,diet-1888,es-nob
i-TpRRxpwrPivaPab2rTZrGQ,diet-1891,es-nob
i-TpRRxpwrPivaPab2rTZrGQ,diet-1894,es-nob
i-TpRRxpwrPivaPab2rTZrGQ,diet-1863,es-nob
i-TqHLa2ybuznPCSfNH3SkF7,diet-porvoo,es-nob
i-Tqp3j9qYioq4RaiA7DM5ac,diet-1904,es-nob
i-Tqp3j9qYioq4RaiA7DM5ac,diet-1900,es-nob
i-Tqp3j9qYioq4RaiA7DM5ac,diet-1897,es-nob
i-Tqp3j9qYioq4RaiA7DM5ac,diet-1894,es-nob
i-Tqp3j9qYioq4RaiA7DM5ac,diet-1891,es-nob
i-Tqp3j9qYioq4RaiA7DM5ac,diet-1888,es-nob
i-Tqp3j9qYioq4RaiA7DM5ac,diet-1905,es-nob
i-Trxigum19383HjWaEM7WN1,diet-1900,es-bou
i-Tsj4S7NTnyj22gTiduh9tv,diet-1891,es-bou
i-Tsm7XwQqjWpXrCqx4saGXA,diet-1891,es-nob
i-Tsm7XwQqjWpXrCqx4saGXA,diet-1888,es-nob
i-Tsm7XwQqjWpXrCqx4saGXA,diet-1885,es-nob
i-Tsm7XwQqjWpXrCqx4saGXA,diet-1882,es-nob
i-TtTfn6AZ2VRQkxNw2hsBsT,diet-1904,es-bou
i-TtTfn6AZ2VRQkxNw2hsBsT,diet-1894,es-bou
i-Tuzd3ffhjuy1CAvyKR6n28,diet-1888,es-cle
i-TvLg6gRhrHwFWkKK9i4FYA,diet-1894,es-nob
i-TvLg6gRhrHwFWkKK9i4FYA,diet-1877,es-nob
i-TvLg6gRhrHwFWkKK9i4FYA,diet-1897,es-nob
i-TvLg6gRhrHwFWkKK9i4FYA,diet-1891,es-nob
i-TvLg6gRhrHwFWkKK9i4FYA,diet-1882,es-nob
i-TvLg6gRhrHwFWkKK9i4FYA,diet-1885,es-nob
i-TvLg6gRhrHwFWkKK9i4FYA,diet-1888,es-nob
i-TvcxBipQbXEpB8ZmhBPP9x,diet-1888,es-nob
i-TvcxBipQbXEpB8ZmhBPP9x,diet-1897,es-nob
i-TvcxBipQbXEpB8ZmhBPP9x,diet-1900,es-nob
i-TvcxBipQbXEpB8ZmhBPP9x,diet-1891,es-nob
i-TvcxBipQbXEpB8ZmhBPP9x,diet-1894,es-nob
i-TvcxBipQbXEpB8ZmhBPP9x,diet-1899,es-nob
i-TwPvj87UckWE35KtsCMaGf,diet-porvoo,es-bou
i-TxHTtFi8LDbM7cE3BQoWbp,diet-1885,es-pea
i-TyPEdHTUkNhatf9Qa8vJqR,diet-1905,es-bou
i-TyPEdHTUkNhatf9Qa8vJqR,diet-1904,es-bou
i-Tyx5Yj2Vx6u9mvdwtU9AKF,diet-1897,es-bou
i-Tyx5Yj2Vx6u9mvdwtU9AKF,diet-1905,es-bou
i-Tzqw5o3k7StUR6PUjM45kG,diet-1863,es-nob
i-U1QRavA17bQzD48LdLt1tY,diet-1863,es-nob
i-U1QRavA17bQzD48LdLt1tY,diet-1867,es-nob
i-U2A7cwzeuhuxLi8KooFg4u,diet-1885,es-nob
i-U2A7cwzeuhuxLi8KooFg4u,diet-1888,es-nob
i-U2A7cwzeuhuxLi8KooFg4u,diet-1891,es-nob
i-U2A7cwzeuhuxLi8KooFg4u,diet-1897,es-nob
i-U2A7cwzeuhuxLi8KooFg4u,diet-1899,es-nob
i-U2A7cwzeuhuxLi8KooFg4u,diet-1900,es-nob
i-U2A7cwzeuhuxLi8KooFg4u,diet-1894,es-nob
i-U2A7cwzeuhuxLi8KooFg4u,diet-1905,es-nob
i-U2A7cwzeuhuxLi8KooFg4u,diet-1904,es-nob
i-U5VP3ZVVSyQZXzf9UspkVr,diet-1867,es-pea
i-U8Vqkv62s6s7Unu6nVAn1r,diet-1904,es-bou
i-U9xigf5EBj1snqzJ6rP55x,diet-1905,es-nob
i-UBSoYX91VzS6A6UZDp8vNf,diet-1905,es-bou
i-UBSoYX91VzS6A6UZDp8vNf,diet-1899,es-pea
i-UBSoYX91VzS6A6UZDp8vNf,diet-1885,es-pea
i-UBSoYX91VzS6A6UZDp8vNf,diet-1900,es-pea
i-UBSoYX91VzS6A6UZDp8vNf,diet-1897,es-pea
i-UBSoYX91VzS6A6UZDp8vNf,diet-1904,es-bou
i-UCUeNRpau2VHAPSPtoTzs4,diet-1863,es-nob
i-UDfLY4X7enJaiGPA89x5CJ,diet-1905,es-nob
i-UDfLY4X7enJaiGPA89x5CJ,diet-1904,es-nob
i-UDfLY4X7enJaiGPA89x5CJ,diet-1900,es-nob
i-UDfLY4X7enJaiGPA89x5CJ,diet-1897,es-nob
i-UDfLY4X7enJaiGPA89x5CJ,diet-1899,es-nob
i-UDfLY4X7enJaiGPA89x5CJ,diet-1891,es-nob
i-UDfLY4X7enJaiGPA89x5CJ,diet-1894,es-nob
i-UEYzaBGkjvQa4ih72x4yeC,diet-1905,es-bou
i-UExNr1vRKnTpzE5pqzv3ir,diet-1863,es-nob
i-UGnMF187bsPNnrbM6fZK27,diet-1867,es-bou
i-UMDgoutWEYApG28pbuoncb,diet-1863,es-pea
i-UQGJ6dJZneUpxkDhyzDuCy,diet-1867,es-nob
i-UQGJ6dJZneUpxkDhyzDuCy,diet-1877,es-nob
i-UQGJ6dJZneUpxkDhyzDuCy,diet-1882,es-nob
i-UQGJ6dJZneUpxkDhyzDuCy,diet-1885,es-nob
i-URXcmK1gDqhAUAqzy1YSPi,diet-1891,es-nob
i-URXcmK1gDqhAUAqzy1YSPi,diet-1888,es-nob
i-URXcmK1gDqhAUAqzy1YSPi,diet-1877,es-nob
i-USB6cv2Fm7N5MmQfNLSvT5,diet-1888,es-nob
i-USB6cv2Fm7N5MmQfNLSvT5,diet-1885,es-nob
i-UTTBHu3P6dThF85VUX7WFy,diet-porvoo,es-nob
i-UTbwd4tWVQkh41NUq7MAT8,diet-1899,es-nob
i-UUFQ5w6CUWXPKeDW8gRVf7,diet-1867,es-cle
i-UUFQ5w6CUWXPKeDW8gRVf7,diet-1877,es-cle
i-UUFQ5w6CUWXPKeDW8gRVf7,diet-1882,es-cle
i-UUFQ5w6CUWXPKeDW8gRVf7,diet-1885,es-cle
i-UUFQ5w6CUWXPKeDW8gRVf7,diet-1888,es-cle
i-UUyeSq5XfWnP8CiHSxbY85,diet-1899,es-nob
i-UUyeSq5XfWnP8CiHSxbY85,diet-1894,es-nob
i-UUyeSq5XfWnP8CiHSxbY85,diet-1900,es-nob
i-UUyeSq5XfWnP8CiHSxbY85,diet-1897,es-nob
i-UVK5tE8K7bZTUBx3RcNPr9,diet-1897,es-bou
i-UWUL9KSiGnCtXiXG4xP4QR,diet-1899,es-bou
i-UWUL9KSiGnCtXiXG4xP4QR,diet-1900,es-bou
i-Ua1DB2ZaQu82Pj2Kg6ibbJ,diet-1863,es-nob
i-UcisgbwAvcKxuWVnXtfHbW,diet-1882,es-pea
i-UcisgbwAvcKxuWVnXtfHbW,diet-1877,es-pea
i-Ucum7yRc9FUd2VVaAbvHaa,diet-1888,es-pea
i-UeCsY7Z8EWg5JUKatauFUi,diet-1863,es-bou
i-UeTxv9rgAELGir3fWfG4jh,diet-1867,es-bou
i-UgmPdquSGiPwy7BoLCfB14,diet-1904,es-nob
i-Uj41pyUbRiSWZy1yUqFnWq,diet-1905,es-nob
i-Uj41pyUbRiSWZy1yUqFnWq,diet-1904,es-nob
i-Uj41pyUbRiSWZy1yUqFnWq,diet-1899,es-nob
i-Uj41pyUbRiSWZy1yUqFnWq,diet-1900,es-nob
i-Uph3GH5rF8JZ5oRFmsKPyJ,diet-1894,es-nob
i-UuNpejz63DNoacNWFAFjXE,diet-1905,es-pea
i-UuNpejz63DNoacNWFAFjXE,diet-1877,es-pea
i-UuNpejz63DNoacNWFAFjXE,diet-1904,es-pea
i-UuNpejz63DNoacNWFAFjXE,diet-1900,es-pea
i-UuNpejz63DNoacNWFAFjXE,diet-1897,es-pea
i-UuNpejz63DNoacNWFAFjXE,diet-1899,es-pea
i-UunQBxgJCJ91ySCNSRMCtw,diet-1905,es-bou
i-Uwd3FhczWxUpR2LEVAi2TD,diet-1867,es-nob
i-Uyib3B44zp4jbpLeobRbVt,diet-1900,es-pea
i-Uz9hQVsckk2g776TVJEiWa,diet-1877,es-nob
i-V24KRbvVLtC2BtTHC8wN7v,diet-1863,es-cle
i-V2gvXzy4yVR37t4spVqk1w,diet-porvoo,es-nob
i-V4C4SLqoHKpdVigS9jN6JV,diet-1899,es-nob
i-V4C4SLqoHKpdVigS9jN6JV,diet-1882,es-nob
i-V4C4SLqoHKpdVigS9jN6JV,diet-1877,es-nob
i-V6a5sMYUGVR1EQbk7LuVBj,diet-1885,es-nob
i-V6a5sMYUGVR1EQbk7LuVBj,diet-1891,es-nob
i-V6v31r5joHKS4WkUQfSh1v,diet-1888,es-cle
i-V6v31r5joHKS4WkUQfSh1v,diet-1891,es-cle
i-V6v31r5joHKS4WkUQfSh1v,diet-1894,es-cle
i-V6v31r5joHKS4WkUQfSh1v,diet-1897,es-cle
i-V6v31r5joHKS4WkUQfSh1v,diet-1899,es-cle
i-V6v31r5joHKS4WkUQfSh1v,diet-1900,es-cle
i-V6v31r5joHKS4WkUQfSh1v,diet-1904,es-cle
i-V83jHaR3m6wSP1r1K3RJJ5,diet-1867,es-nob
i-V83jHaR3m6wSP1r1K3RJJ5,diet-1863,es-nob
i-VA18phdeUhvnx26XSUNWwS,diet-porvoo,es-nob
i-VBL3djAMpwMaHec7e4MQ7J,diet-1882,es-bou
i-VBL3djAMpwMaHec7e4MQ7J,diet-1877,es-bou
i-VCpCJj71NdM9emY6TEMzXG,diet-1905,es-nob
i-VD9ZzJneAntKWjMSaVZzUN,diet-1877,es-cle
i-VDpx7vFjSL3NsTqo3roC5x,diet-1863,es-nob
i-VDpx7vFjSL3NsTqo3roC5x,diet-1877,es-nob
i-VDpx7vFjSL3NsTqo3roC5x,diet-1867,es-nob
i-VERhf75LTeyuyLzkXYFc3J,diet-1894,es-pea
i-VERhf75LTeyuyLzkXYFc3J,diet-1897,es-pea
i-VERhf75LTeyuyLzkXYFc3J,diet-1899,es-pea
i-VFEu1HLKJix9SRhuJxAViZ,diet-1900,es-nob
i-VFEu1HLKJix9SRhuJxAViZ,diet-1904,es-nob
i-VFEu1HLKJix9SRhuJxAViZ,diet-1897,es-nob
i-VFEu1HLKJix9SRhuJxAViZ,diet-1894,es-nob
i-VFEu1HLKJix9SRhuJxAViZ,diet-1867,es-nob
i-VFEu1HLKJix9SRhuJxAViZ,diet-1891,es-nob
i-VFEu1HLKJix9SRhuJxAViZ,diet-1888,es-nob
i-VFEu1HLKJix9SRhuJxAViZ,diet-1885,es-nob
i-VFEu1HLKJix9SRhuJxAViZ,diet-1882,es-nob
i-VFEu1HLKJix9SRhuJxAViZ,diet-1877,es-nob
i-VGFz9DroijEWpEY772XNUv,diet-1863,es-cle
i-VGqPqFP6tmzxhZ9q5yFquP,diet-porvoo,es-nob
i-VHc9ZxmKrE7rcDAopm7C9X,diet-1900,es-bou
i-VHc9ZxmKrE7rcDAopm7C9X,diet-1904,es-bou
i-VJd1sRkEvmJaYFDuVLDdQx,diet-1904,es-nob
i-VKbGtZyZXWpUPkoMXnexMm,diet-1904,es-pea
i-VKbGtZyZXWpUPkoMXnexMm,diet-1905,es-pea
i-VL6tEmBdFX6K3RRRFJKTbB,diet-1900,es-nob
i-VMiu46ZbZQFSbhRZC35nUJ,diet-1905,es-nob
i-VN2FCbotgRvTpDEDEy7Djt,diet-1905,es-nob
i-VN2FCbotgRvTpDEDEy7Djt,diet-1904,es-nob
i-VN2FCbotgRvTpDEDEy7Djt,diet-1891,es-nob
i-VPZ98NQpXxvA33auBBTxBC,diet-1894,es-cle
i-VPZ98NQpXxvA33auBBTxBC,diet-1888,es-cle
i-VPZ98NQpXxvA33auBBTxBC,diet-1891,es-cle
i-VPkGALknWhkvyLEqpQP32A,diet-1905,es-bou
i-VRBKtqgHmrBZBsBfH5E1d7,diet-porvoo,es-nob
i-VSjkKAAk1uTMFyXiJQ65Ef,diet-1863,es-nob
i-VT8ViKQJT6VrXwypXJkshs,diet-1905,es-pea
i-VTKTKJy5YhuQPiyvf9Mvh3,diet-1899,es-pea
i-VTKTKJy5YhuQPiyvf9Mvh3,diet-1904,es-pea
i-VTKTKJy5YhuQPiyvf9Mvh3,diet-1897,es-pea
i-VTKTKJy5YhuQPiyvf9Mvh3,diet-1894,es-pea
i-VTKTKJy5YhuQPiyvf9Mvh3,diet-1891,es-pea
i-VTKTKJy5YhuQPiyvf9Mvh3,diet-1900,es-pea
i-VTKTKJy5YhuQPiyvf9Mvh3,diet-1888,es-pea
i-VTKTKJy5YhuQPiyvf9Mvh3,diet-1885,es-pea
i-VUMq2T9TJQkqeXhFKWWYC2,diet-1905,es-pea
i-VUPS4htBc7spKyCvDEph4z,diet-1897,es-bou
i-VUPS4htBc7spKyCvDEph4z,diet-1899,es-bou
i-VUPS4htBc7spKyCvDEph4z,diet-1900,es-bou
i-VUPS4htBc7spKyCvDEph4z,diet-1904,es-bou
i-VUPS4htBc7spKyCvDEph4z,diet-1905,es-bou
i-VZBCP48WcB68XodCJB2hkH,diet-1905,es-nob
i-VbQi5D8Ho9a1gwVtHWXrrt,diet-1867,es-nob
i-VbQi5D8Ho9a1gwVtHWXrrt,diet-1863,es-nob
i-VbQi5D8Ho9a1gwVtHWXrrt,diet-1877,es-nob
i-VbijbarJj8Cbtn5pJgYV5x,diet-1877,es-bou
i-Vc7wHXXgr84Kd9xt5RJJfQ,diet-1897,es-cle
i-Vc7wHXXgr84Kd9xt5RJJfQ,diet-1899,es-cle
i-Vc7wHXXgr84Kd9xt5RJJfQ,diet-1900,es-cle
i-Vc7wHXXgr84Kd9xt5RJJfQ,diet-1904,es-cle
i-VdydETaWU2BpZVHpNTDKnE,diet-1877,es-pea
i-VeJcY7HKzWYk4AsDj8GPyn,diet-1877,es-cle
i-VethMAkStv2TxN6zR2A8eZ,diet-1877,es-pea
i-VethMAkStv2TxN6zR2A8eZ,diet-1867,es-pea
i-VgXbiJ1DeKP1NgamtWyuHV,diet-1900,es-pea
i-VgXbiJ1DeKP1NgamtWyuHV,diet-1899,es-pea
i-Vh1dqy2xKpjHzkQPmypXH2,diet-1900,es-pea
i-Vh1dqy2xKpjHzkQPmypXH2,diet-1897,es-pea
i-Vh1dqy2xKpjHzkQPmypXH2,diet-1899,es-pea
i-VhermKHM28DnXffrtUcaPR,diet-1905,es-nob
i-VhqCtxytxwuCQMhjHGTkar,diet-porvoo,es-bou
i-VjoMm7nnMwaZ8DuJw2CtUT,diet-1894,es-nob
i-VjoMm7nnMwaZ8DuJw2CtUT,diet-1891,es-nob
i-VjoMm7nnMwaZ8DuJw2CtUT,diet-1900,es-nob
i-VjoMm7nnMwaZ8DuJw2CtUT,diet-1904,es-nob
i-VjoMm7nnMwaZ8DuJw2CtUT,diet-1905,es-nob
i-VktczYTWMxgfGa6SKm38YK,diet-1863,es-nob
i-VkuiHGgLJdSKNMjCERptXT,diet-1899,es-bou
i-VkuiHGgLJdSKNMjCERptXT,diet-1894,es-bou
i-VnH4zjf69L3FmLnnG2A94f,diet-1877,es-pea
i-VnH4zjf69L3FmLnnG2A94f,diet-1882,es-bou
i-VnH4zjf69L3FmLnnG2A94f,diet-1894,es-bou
i-VnH4zjf69L3FmLnnG2A94f,diet-1899,es-bou
i-VprBVce4soGLYgngLSjo1p,diet-1899,es-pea
i-VprBVce4soGLYgngLSjo1p,diet-1900,es-pea
i-VprBVce4soGLYgngLSjo1p,diet-1904,es-pea
i-VprBVce4soGLYgngLSjo1p,diet-1905,es-pea
i-Vquuv2Q1nBy3xPM3DXsFHJ,diet-1882,es-bou
i-Vquuv2Q1nBy3xPM3DXsFHJ,diet-1897,es-bou
i-Vquuv2Q1nBy3xPM3DXsFHJ,diet-1899,es-bou
i-Vquuv2Q1nBy3xPM3DXsFHJ,diet-1900,es-bou
i-VrYVhWgWmsDTenThaELYuL,diet-1904,es-cle
i-VrYVhWgWmsDTenThaELYuL,diet-1905,es-cle
i-Vs4QzRgBgAecAXeabLq3Sy,diet-1905,es-bou
i-Vta7BDiM8BB6Zkf1iBczRE,diet-1867,es-cle
i-Vta7BDiM8BB6Zkf1iBczRE,diet-1877,es-cle
i-VuFXik3an1WSAwvRAZq3C7,diet-1888,es-nob
i-VuFXik3an1WSAwvRAZq3C7,diet-1885,es-nob
i-VuFXik3an1WSAwvRAZq3C7,diet-1882,es-nob
i-VuFXik3an1WSAwvRAZq3C7,diet-1877,es-nob
i-VuLqeb3wtSmZj2UyzG5TGX,diet-1867,es-nob
i-VuLqeb3wtSmZj2UyzG5TGX,diet-1877,es-nob
i-VuLqeb3wtSmZj2UyzG5TGX,diet-1882,es-nob
i-VufcVdAFzHbWaez389tPVQ,diet-1897,es-pea
i-VufcVdAFzHbWaez389tPVQ,diet-1891,es-pea
i-VwHReWhJrcC7zhFiznhRg5,diet-1904,es-pea
i-VwHReWhJrcC7zhFiznhRg5,diet-1905,es-pea
i-VwibmpSUHRf18jjByiX717,diet-1882,es-cle
i-VyRQHiuU325bocyuNaMNwp,diet-1882,es-bou
i-VyRQHiuU325bocyuNaMNwp,diet-1888,es-bou
i-VzA3Y3NQhrZkNndvb42d9,diet-1904,es-pea
i-VzA3Y3NQhrZkNndvb42d9,diet-1905,es-pea
i-VzdTpoMPYaepy5MGETH3Sz,diet-1863,es-nob
i-Vzv6jbLwXadCgi56dVyMEE,diet-1905,es-nob
i-W2pfNtUzJWuFavRakcdU7X,diet-1905,es-nob
i-W2pfNtUzJWuFavRakcdU7X,diet-1894,es-nob
i-W2pfNtUzJWuFavRakcdU7X,diet-1900,es-nob
i-W2pfNtUzJWuFavRakcdU7X,diet-1899,es-nob
i-W4ibMT8ydrvyppRBYphuZ,diet-1885,es-pea
i-W4ibMT8ydrvyppRBYphuZ,diet-1877,es-pea
i-W6Nd2mXWGmeP1J6mr9WBfx,diet-1863,es-bou
i-W6pUWxkMs3AK6Keb3vy9Bi,diet-porvoo,es-bou
i-W8Db684k5G37wqhA7J42ay,diet-1905,es-nob
i-W8Db684k5G37wqhA7J42ay,diet-1882,es-nob
i-W8Db684k5G37wqhA7J42ay,diet-1900,es-nob
i-W94aUY8NPZQ7m8XGzCsgvN,diet-1900,es-pea
i-W94aUY8NPZQ7m8XGzCsgvN,diet-1897,es-pea
i-W97admngEZmB9PfMzhcTXo,diet-1899,es-nob
i-W9WfZerRzSkwj8v7EYcDVd,diet-1899,es-nob
i-W9tJUpUq8nWxoZLkPDM5da,diet-1863,es-nob
i-WBMomudNy8B9hzNBygMzwC,diet-1888,es-nob
i-WCzaY3RxHpZPCCrEhQE6FZ,diet-1897,es-pea
i-WCzaY3RxHpZPCCrEhQE6FZ,diet-1888,es-pea
i-WCzaY3RxHpZPCCrEhQE6FZ,diet-1899,es-pea
i-WCzaY3RxHpZPCCrEhQE6FZ,diet-1904,es-pea
i-WCzaY3RxHpZPCCrEhQE6FZ,diet-1900,es-pea
i-WCzaY3RxHpZPCCrEhQE6FZ,diet-1885,es-pea
i-WCzaY3RxHpZPCCrEhQE6FZ,diet-1894,es-pea
i-WDfrjo9XSDsQ5CApS6Kfxb,diet-1905,es-nob
i-WDfrjo9XSDsQ5CApS6Kfxb,diet-1904,es-nob
i-WDfrjo9XSDsQ5CApS6Kfxb,diet-1900,es-nob
i-WDz4vEw2eWZxfr4fnr3ev8,diet-1904,es-nob
i-WDz4vEw2eWZxfr4fnr3ev8,diet-1905,es-nob
i-WDz4vEw2eWZxfr4fnr3ev8,diet-1899,es-nob
i-WDzfUFdb8g6zrgyW2rE1KR,diet-1863,es-nob
i-WDzfUFdb8g6zrgyW2rE1KR,diet-1877,es-nob
i-WDzfUFdb8g6zrgyW2rE1KR,diet-1867,es-nob
i-WEZivZLhRSkR9TTeHZq7E2,diet-1877,es-pea
i-WEteKry32GJE2GnMiyXxih,diet-1891,es-bou
i-WEteKry32GJE2GnMiyXxih,diet-1894,es-bou
i-WEteKry32GJE2GnMiyXxih,diet-1897,es-bou
i-WEteKry32GJE2GnMiyXxih,diet-1899,es-bou
i-WEteKry32GJE2GnMiyXxih,diet-1900,es-bou
i-WF8BWGJBsroMfDPtmAkEZt,diet-1867,es-nob
i-WF8BWGJBsroMfDPtmAkEZt,diet-1877,es-nob
i-WF8BWGJBsroMfDPtmAkEZt,diet-1882,es-nob
i-WF8BWGJBsroMfDPtmAkEZt,diet-1885,es-nob
i-WF8BWGJBsroMfDPtmAkEZt,diet-1888,es-nob
i-WF8BWGJBsroMfDPtmAkEZt,diet-1894,es-nob
i-WF8BWGJBsroMfDPtmAkEZt,diet-1863,es-nob
i-WF8BWGJBsroMfDPtmAkEZt,diet-1891,es-nob
i-WGFFutszVVq2r6eHmqYcyB,diet-1863,es-nob
i-WGy8Gw4oVSFx1b6GQHaCUq,diet-1863,es-nob
i-WHeNLun3hZkxgSCF9XBKKL,diet-1894,es-bou
i-WHeNLun3hZkxgSCF9XBKKL,diet-1897,es-bou
i-WHeNLun3hZkxgSCF9XBKKL,diet-1904,es-bou
i-WJyvVSfmgdVMjZNnsdy3tG,diet-porvoo,es-nob
i-WKYZS9w7YwXk2iBPTNxqW8,diet-1905,es-pea
i-WMa3i1Fida5Xz9rbdPwSCY,diet-1891,es-nob
i-WMa3i1Fida5Xz9rbdPwSCY,diet-1867,es-nob
i-WMa3i1Fida5Xz9rbdPwSCY,diet-1885,es-nob
i-WMa3i1Fida5Xz9rbdPwSCY,diet-1888,es-nob
i-WMa3i1Fida5Xz9rbdPwSCY,diet-1877,es-nob
i-WMa3i1Fida5Xz9rbdPwSCY,diet-1894,es-nob
i-WMa3i1Fida5Xz9rbdPwSCY,diet-1897,es-nob
i-WP95ziWCZ9e7snckaW2g4Y,diet-1888,es-nob
i-WSpBHvAdJZSHPeYBmp446w,diet-1904,es-nob
i-WSpBHvAdJZSHPeYBmp446w,diet-1905,es-nob
i-WSyB6pTTNa91z1Kf4EmD6X,diet-1891,es-nob
i-WTPJdE9dsMppVoEfCh64m2,diet-1897,es-nob
i-WTPJdE9dsMppVoEfCh64m2,diet-1894,es-nob
i-WTPJdE9dsMppVoEfCh64m2,diet-1891,es-nob
i-WTPJdE9dsMppVoEfCh64m2,diet-1888,es-nob
i-WTPJdE9dsMppVoEfCh64m2,diet-1885,es-nob
i-WTPJdE9dsMppVoEfCh64m2,diet-1899,es-nob
i-WTPJdE9dsMppVoEfCh64m2,diet-1882,es-nob
i-WU1bZzJFp2hYGt3zanqwPH,diet-porvoo,es-nob
i-WVKwwkZcuPEpz3Brz94buW,diet-1877,es-pea
i-WVXdqsXffbuVYsgyHLau3U,diet-1877,es-cle
i-WVXdqsXffbuVYsgyHLau3U,diet-1882,es-cle
i-WVXdqsXffbuVYsgyHLau3U,diet-1885,es-cle
i-WVXdqsXffbuVYsgyHLau3U,diet-1888,es-cle
i-WXLLFK1W2bbmPmonvvGKY8,diet-1863,es-cle
i-WXevWjzNj6QC87KLVY3her,diet-1863,es-nob
i-WZrjaFeP6M4ENU12xLztDg,diet-1877,es-cle
i-WZrjaFeP6M4ENU12xLztDg,diet-1882,es-cle
i-WZrjaFeP6M4ENU12xLztDg,diet-1885,es-cle
i-WZrjaFeP6M4ENU12xLztDg,diet-1888,es-cle
i-WZrjaFeP6M4ENU12xLztDg,diet-1894,es-cle
i-WZrjaFeP6M4ENU12xLztDg,diet-1899,es-cle
i-WZrjaFeP6M4ENU12xLztDg,diet-1891,es-cle
i-WaH1WaJMCBdN1Bjkr3fv3n,diet-1900,es-nob
i-WaH1WaJMCBdN1Bjkr3fv3n,diet-1897,es-nob
i-WaH1WaJMCBdN1Bjkr3fv3n,diet-1899,es-nob
i-WaH1WaJMCBdN1Bjkr3fv3n,diet-1904,es-nob
i-Wc94mfKvFCXNZujj6r2PaP,diet-1867,es-bou
i-Wcky67Qf2rGc89qYWAKwSZ,diet-1882,es-pea
i-WdzgZrDyFkeshj849nXyrU,diet-1897,es-nob
i-WdzgZrDyFkeshj849nXyrU,diet-1899,es-nob
i-WdzgZrDyFkeshj849nXyrU,diet-1904,es-nob
i-WfUQPfBkC1vMdzuPBj75qe,diet-1905,es-nob
i-WfaPXmrfKy2M88t7q4ZBr6,diet-1905,es-bou
i-Wfy38pQM86JQxSkMjXDHU1,diet-1894,es-nob
i-WgDPTcF2uez6JDVfYnxVob,diet-1863,es-nob
i-WgDPTcF2uez6JDVfYnxVob,diet-1877,es-nob
i-WgDPTcF2uez6JDVfYnxVob,diet-1867,es-nob
i-WjNrP4V2Q7sQnyWHLYvkVn,diet-1888,es-pea
i-WjNrP4V2Q7sQnyWHLYvkVn,diet-1897,es-pea
i-WjNrP4V2Q7sQnyWHLYvkVn,diet-1899,es-pea
i-Wjj5ppkYCuFJumysgbMA3b,diet-1867,es-pea
i-WjuDQ8j1vsSw67QvPoaiQn,diet-1904,es-bou
i-WjuDQ8j1vsSw67QvPoaiQn,diet-1905,es-bou
i-Wk2CGMXF9NZnSdq26M5ZN9,diet-1905,es-nob
i-WkhLF7apn5pbUJ4sLuNjnS,diet-1899,es-nob
i-Wm7PMNz5UBwoc7LvenHUrr,diet-1877,es-pea
i-Wm7PMNz5UBwoc7LvenHUrr,diet-1863,es-pea
i-Wm7PMNz5UBwoc7LvenHUrr,diet-1867,es-pea
i-WmCgR2ofpyD2aLZYfNf7f7,diet-1894,es-cle
i-Wmc4io5AhKpixJuNytdtVe,diet-1899,es-pea
i-Wmc4io5AhKpixJuNytdtVe,diet-1905,es-pea
i-Wmc4io5AhKpixJuNytdtVe,diet-1904,es-pea
i-Wmc4io5AhKpixJuNytdtVe,diet-1900,es-pea
i-Wo1jXQwtCLaoqebdZA4xi6,diet-1867,es-nob
i-Wo1jXQwtCLaoqebdZA4xi6,diet-1863,es-nob
i-WqCwSrRYdPbFEUgRi8a3PH,diet-1905,es-bou
i-WqgsxWePjro1Bvm87VExid,diet-1904,es-pea
i-WqgsxWePjro1Bvm87VExid,diet-1905,es-pea
i-Wsd1nrWEpNDoxuvqvTmVJb,diet-1882,es-pea
i-Wsd1nrWEpNDoxuvqvTmVJb,diet-1885,es-pea
i-Wsd1nrWEpNDoxuvqvTmVJb,diet-1888,es-pea
i-Wsd1nrWEpNDoxuvqvTmVJb,diet-1891,es-pea
i-Wsd1nrWEpNDoxuvqvTmVJb,diet-1897,es-pea
i-WtbprdVHLEQzfY1r3J5vvD,diet-1891,es-bou
i-WtbprdVHLEQzfY1r3J5vvD,diet-1894,es-bou
i-WtbprdVHLEQzfY1r3J5vvD,diet-1897,es-bou
i-WtbprdVHLEQzfY1r3J5vvD,diet-1899,es-bou
i-WtbprdVHLEQzfY1r3J5vvD,diet-1888,es-bou
i-WtbprdVHLEQzfY1r3J5vvD,diet-1885,es-bou
i-WtiFTQjstvy78fAdBcCLFT,diet-1882,es-nob
i-WvyDUpkmCVdzKarM1fgrCN,diet-1897,es-bou
i-WvyDUpkmCVdzKarM1fgrCN,diet-1899,es-bou
i-WvyDUpkmCVdzKarM1fgrCN,diet-1900,es-bou
i-WxkgwPxqMpjFtfmAZTrx6L,diet-1867,es-nob
i-WxkgwPxqMpjFtfmAZTrx6L,diet-1863,es-nob
i-WyWDwtFVYiUTfBNGyKxSTL,diet-1882,es-pea
i-Wz72rDtteZJjjXbMTzBAUr,diet-1894,es-nob
i-Wz72rDtteZJjjXbMTzBAUr,diet-1885,es-nob
i-Wz72rDtteZJjjXbMTzBAUr,diet-1899,es-nob
i-Wz72rDtteZJjjXbMTzBAUr,diet-1900,es-nob
i-Wz72rDtteZJjjXbMTzBAUr,diet-1897,es-nob
i-Wz72rDtteZJjjXbMTzBAUr,diet-1904,es-nob
i-WzGDNnRe7z1ZDfiCvTwhVz,diet-1867,es-nob
i-WzGDNnRe7z1ZDfiCvTwhVz,diet-1863,es-nob
i-X1exK7m1EkUm3uWpKK6nBG,diet-1897,es-nob
i-X1exK7m1EkUm3uWpKK6nBG,diet-1891,es-nob
i-X1nJ4shXTnndLogA9D39Dh,diet-1877,es-pea
i-X2qn6TAe9gTfibhdeaJgEc,diet-1867,es-nob
i-X2qn6TAe9gTfibhdeaJgEc,diet-1863,es-nob
i-X34Zne89V23zWXu6gQymw6,diet-1882,es-bou
i-X34Zne89V23zWXu6gQymw6,diet-1877,es-bou
i-X34gja94d5HVzrAjCKC3Ve,diet-1867,es-nob
i-X34gja94d5HVzrAjCKC3Ve,diet-1877,es-nob
i-X5W1rrN1xx2w7oSS9xukaA,diet-1882,es-pea
i-X9BEgeY2cHDN4Ry1iBZd3W,diet-porvoo,es-nob
i-X9eEjh4Va2BNBd1gCaYmjx,diet-1877,es-pea
i-XAhPHpjCL41PGZ85XdBSmS,diet-1900,es-nob
i-XAhPHpjCL41PGZ85XdBSmS,diet-1904,es-nob
i-XAhPHpjCL41PGZ85XdBSmS,diet-1894,es-nob
i-XAhPHpjCL41PGZ85XdBSmS,diet-1899,es-nob
i-XAhPHpjCL41PGZ85XdBSmS,diet-1905,es-nob
i-XAhPHpjCL41PGZ85XdBSmS,diet-1897,es-nob
i-XAhPHpjCL41PGZ85XdBSmS,diet-1888,es-nob
i-XAhPHpjCL41PGZ85XdBSmS,diet-1882,es-nob
i-XAhPHpjCL41PGZ85XdBSmS,diet-1885,es-nob
i-XBaXvYuZryRzUve3CsdBVd,diet-1897,es-nob
i-XBaXvYuZryRzUve3CsdBVd,diet-1905,es-nob
i-XBaXvYuZryRzUve3CsdBVd,diet-1904,es-nob
i-XCD42yBHNtQaD6vrHPaNvi,diet-1863,es-nob
i-XDB8RGNdQBznykTAvXXYNU,diet-1888,es-nob
i-XECbcSYaNcvb5x7iyCcZ7N,diet-1905,es-cle
i-XFG5NboAzDmbDVSakg6Foh,diet-1899,es-nob
i-XFSBcMLXvFzb27PDUYFm4d,diet-1905,es-nob
i-XFSBcMLXvFzb27PDUYFm4d,diet-1885,es-nob
i-XFSBcMLXvFzb27PDUYFm4d,diet-1904,es-nob
i-XFSBcMLXvFzb27PDUYFm4d,diet-1891,es-nob
i-XFSBcMLXvFzb27PDUYFm4d,diet-1894,es-nob
i-XFSBcMLXvFzb27PDUYFm4d,diet-1897,es-nob
i-XFSBcMLXvFzb27PDUYFm4d,diet-1900,es-nob
i-XFSBcMLXvFzb27PDUYFm4d,diet-1899,es-nob
i-XGPXP8D7JvJUuYaL7474G4,diet-1905,es-pea
i-XGkmxbZJdVrXVST7BkBm6v,diet-1900,es-nob
i-XGkmxbZJdVrXVST7BkBm6v,diet-1904,es-nob
i-XGkmxbZJdVrXVST7BkBm6v,diet-1897,es-nob
i-XGkmxbZJdVrXVST7BkBm6v,diet-1894,es-nob
i-XJR7uevATUzzKS5t9xJQnw,diet-1863,es-nob
i-XKTuoFdsf9eemAkMBbdAd2,diet-1867,es-pea
i-XMfzYUgiZP2sqpyvq3GsZR,diet-1897,es-cle
i-XMfzYUgiZP2sqpyvq3GsZR,diet-1899,es-cle
i-XMfzYUgiZP2sqpyvq3GsZR,diet-1900,es-cle
i-XPsFtNapCWqxkfZ1X9V1o7,diet-1882,es-cle
i-XPsFtNapCWqxkfZ1X9V1o7,diet-1877,es-cle
i-XPsFtNapCWqxkfZ1X9V1o7,diet-1885,es-cle
i-XSfL81tGKVdgNb1sbowcRU,diet-1899,es-nob
i-XSfL81tGKVdgNb1sbowcRU,diet-1905,es-nob
i-XSfL81tGKVdgNb1sbowcRU,diet-1904,es-nob
i-XTNab9aPye5VciPF4orRsR,diet-1899,es-nob
i-XTNab9aPye5VciPF4orRsR,diet-1882,es-nob
i-XTNab9aPye5VciPF4orRsR,diet-1877,es-nob
i-XTNab9aPye5VciPF4orRsR,diet-1863,es-nob
i-XTm7WfMb8Qz55wD74N5o4P,diet-1899,es-bou
i-XTm7WfMb8Qz55wD74N5o4P,diet-1891,es-bou
i-XTm7WfMb8Qz55wD74N5o4P,diet-1894,es-bou
i-XTm7WfMb8Qz55wD74N5o4P,diet-1897,es-bou
i-XTm7WfMb8Qz55wD74N5o4P,diet-1888,es-bou
i-XVwe7aSZ67FF9bsR45srHv,diet-1894,es-nob
i-XVwe7aSZ67FF9bsR45srHv,diet-1897,es-nob
i-XVwe7aSZ67FF9bsR45srHv,diet-1899,es-nob
i-XVwe7aSZ67FF9bsR45srHv,diet-1900,es-nob
i-XVwe7aSZ67FF9bsR45srHv,diet-1904,es-nob
i-XVwe7aSZ67FF9bsR45srHv,diet-1905,es-nob
i-XVwe7aSZ67FF9bsR45srHv,diet-1891,es-nob
i-XW5vSkDhiDBuTQzpqfPxmM,diet-1888,es-bou
i-XW5vSkDhiDBuTQzpqfPxmM,diet-1882,es-bou
i-XW5vSkDhiDBuTQzpqfPxmM,diet-1877,es-bou
i-XW5vSkDhiDBuTQzpqfPxmM,diet-1867,es-bou
i-XW5vSkDhiDBuTQzpqfPxmM,diet-1885,es-bou
i-XWhq9o5CBki3q9KV9bMo8M,diet-1877,es-pea
i-XWhq9o5CBki3q9KV9bMo8M,diet-1867,es-pea
i-XWhq9o5CBki3q9KV9bMo8M,diet-1882,es-pea
i-XWr1NDzxxKPzbsdMfzX9ey,diet-1888,es-pea
i-XX58iVNbTSnEH8rizgTM7j,diet-1894,es-nob
i-XX58iVNbTSnEH8rizgTM7j,diet-1891,es-nob
i-XX58iVNbTSnEH8rizgTM7j,diet-1897,es-nob
i-XX58iVNbTSnEH8rizgTM7j,diet-1899,es-nob
i-XX58iVNbTSnEH8rizgTM7j,diet-1900,es-nob
i-XX58iVNbTSnEH8rizgTM7j,diet-1905,es-nob
i-XX58iVNbTSnEH8rizgTM7j,diet-1904,es-nob
i-XXg2bmhEiXiYrETYEK6PnU,diet-1867,es-nob
i-XXg2bmhEiXiYrETYEK6PnU,diet-1882,es-nob
i-XXg2bmhEiXiYrETYEK6PnU,diet-1877,es-nob
i-XXg2bmhEiXiYrETYEK6PnU,diet-1863,es-nob
i-XY2Wg46nSUfV1fKXgzWdbZ,diet-1904,es-pea
i-XY2Wg46nSUfV1fKXgzWdbZ,diet-1894,es-pea
i-XY2Wg46nSUfV1fKXgzWdbZ,diet-1900,es-pea
i-XYgDi34sFxHoNKXEProGwu,diet-1897,es-nob
i-XYgDi34sFxHoNKXEProGwu,diet-1899,es-nob
i-XYgDi34sFxHoNKXEProGwu,diet-1900,es-nob
i-XYgDi34sFxHoNKXEProGwu,diet-1904,es-nob
i-XZB82Y2Aw4ynY8jE5tThC9,diet-1904,es-pea
i-XZZYBmXAzVMnL5wScZ93RP,diet-1905,es-nob
i-XZZYBmXAzVMnL5wScZ93RP,diet-1904,es-nob
i-XZZYBmXAzVMnL5wScZ93RP,diet-1899,es-nob
i-XZZYBmXAzVMnL5wScZ93RP,diet-1897,es-nob
i-XZZYBmXAzVMnL5wScZ93RP,diet-1900,es-nob
i-XZZYBmXAzVMnL5wScZ93RP,diet-1891,es-nob
i-XZZYBmXAzVMnL5wScZ93RP,diet-1888,es-nob
i-XZZYBmXAzVMnL5wScZ93RP,diet-1894,es-nob
i-XbAQtPkdSaTdnLcpdJrmsg,diet-1888,es-cle
i-XbAQtPkdSaTdnLcpdJrmsg,diet-1897,es-cle
i-XbAQtPkdSaTdnLcpdJrmsg,diet-1904,es-cle
i-XbAQtPkdSaTdnLcpdJrmsg,diet-1891,es-cle
i-XbAQtPkdSaTdnLcpdJrmsg,diet-1899,es-cle
i-XbAQtPkdSaTdnLcpdJrmsg,diet-1882,es-cle
i-XbAQtPkdSaTdnLcpdJrmsg,diet-1900,es-cle
i-XbAQtPkdSaTdnLcpdJrmsg,diet-1885,es-cle
i-XbAQtPkdSaTdnLcpdJrmsg,diet-1894,es-cle
i-XbAQtPkdSaTdnLcpdJrmsg,diet-1877,es-cle
i-XdrX5sz6KhUNL37CYm7mKb,diet-1867,es-nob
i-XdrX5sz6KhUNL37CYm7mKb,diet-1863,es-nob
i-Xe1qZotGWfXG5fzCsN14YH,diet-1863,es-bou
i-Xe1yf2mfG5iEJKnJNPsqPs,diet-1877,es-nob
i-Xe1yf2mfG5iEJKnJNPsqPs,diet-1867,es-nob
i-Xe1yf2mfG5iEJKnJNPsqPs,diet-1863,es-nob
i-Xe6zkT3ZAe6cviWkF8esyH,diet-1904,es-bou
i-Xf4P3uUdXEXzZV8Cv8qecp,diet-1897,es-nob
i-Xf4P3uUdXEXzZV8Cv8qecp,diet-1905,es-nob
i-Xf4P3uUdXEXzZV8Cv8qecp,diet-1904,es-nob
i-Xf4P3uUdXEXzZV8Cv8qecp,diet-1900,es-nob
i-Xf4P3uUdXEXzZV8Cv8qecp,diet-1899,es-nob
i-XfE5nFNMTw34PVMQsqSvFb,diet-1897,es-cle
i-XfE5nFNMTw34PVMQsqSvFb,diet-1904,es-cle
i-XfE5nFNMTw34PVMQsqSvFb,diet-1900,es-cle
i-XfE5nFNMTw34PVMQsqSvFb,diet-1899,es-cle
i-XfE5nFNMTw34PVMQsqSvFb,diet-1894,es-cle
i-Xh6wcQRwoXZhyJtJuX4okd,diet-1867,es-pea
i-Xh6wcQRwoXZhyJtJuX4okd,diet-1877,es-pea
i-Xh6wcQRwoXZhyJtJuX4okd,diet-1882,es-pea
i-Xh6wcQRwoXZhyJtJuX4okd,diet-1885,es-pea
i-Xh6wcQRwoXZhyJtJuX4okd,diet-1888,es-pea
i-XhpQXjgjbWqp6yVdMAGi9S,diet-1863,es-pea
i-XiSYQEjNzcBCDTizmuknEB,diet-1900,es-cle
i-XiSYQEjNzcBCDTizmuknEB,diet-1899,es-cle
i-XiSYQEjNzcBCDTizmuknEB,diet-1904,es-cle
i-XiVVgVb5iaBAvUJZsKjy2J,diet-1867,es-bou
i-XiVVgVb5iaBAvUJZsKjy2J,diet-1882,es-bou
i-Xj65dQxSdAb1LuPttC4ShV,diet-1904,es-nob
i-Xj65dQxSdAb1LuPttC4ShV,diet-1905,es-nob
i-Xji3XqSCAwVoU2h1aq8XxK,diet-1888,es-pea
i-Xji3XqSCAwVoU2h1aq8XxK,diet-1885,es-pea
i-XkEFWENCgSbRNRHVF5Yyyb,diet-1904,es-pea
i-XkEFWENCgSbRNRHVF5Yyyb,diet-1905,es-pea
i-XnKoEQBc4zdFKSgpu8qY14,diet-1899,es-nob
i-XnKoEQBc4zdFKSgpu8qY14,diet-1904,es-nob
i-XqM7pnUo7aV7Yxy3ZM6vyP,diet-1882,es-nob
i-XqM7pnUo7aV7Yxy3ZM6vyP,diet-1877,es-nob
i-XqM7pnUo7aV7Yxy3ZM6vyP,diet-1867,es-nob
i-XqM7pnUo7aV7Yxy3ZM6vyP,diet-1863,es-nob
i-Xt4UNfzoEXAEeMRiq8woYr,diet-1897,es-nob
i-Xw1T5NcqeumcR7hAjDjZLF,diet-1877,es-nob
i-XwfoiidAgTCtgCj7Rif9di,diet-1900,es-bou
i-XwfoiidAgTCtgCj7Rif9di,diet-1899,es-bou
i-XwfoiidAgTCtgCj7Rif9di,diet-1897,es-bou
i-XwurehdUZDZDpgpsfFXQzw,diet-1894,es-pea
i-XwurehdUZDZDpgpsfFXQzw,diet-1891,es-pea
i-XxHWSADutiFLgftWhSc25j,diet-porvoo,es-pea
i-Xy6WTVyN3GTMYt6Friycp2,diet-1891,es-bou
i-XypnSwDxdz4tfuaeSVg3Yy,diet-1867,es-pea
i-Y2mbsnjJ1pEgjBPzSdDZn,diet-porvoo,es-nob
i-Y2voexX2oJ7ccgMez4RrAE,diet-porvoo,es-pea
i-Y59h3ky8p4w3hRToAKqdFq,diet-1905,es-bou
i-Y59h3ky8p4w3hRToAKqdFq,diet-1904,es-bou
i-Y6h5zrKenZWNZ9m3mhTxdv,diet-1904,es-cle
i-Y6h5zrKenZWNZ9m3mhTxdv,diet-1905,es-cle
i-Y9HwSnefcfc8ie1FV1Q1Pm,diet-1888,es-nob
i-YBDQhZHegxy7S5wNs9ya1e,diet-1894,es-nob
i-YBDQhZHegxy7S5wNs9ya1e,diet-1905,es-nob
i-YC9dT5MWGq8kuvyWVcgdax,diet-1891,es-nob
i-YD9Lp1sCoNudYqyQbWotVS,diet-porvoo,es-pea
i-YEt1xaoG7yy8dMtmmaDBsM,diet-1877,es-nob
i-YEt1xaoG7yy8dMtmmaDBsM,diet-1882,es-nob
i-YEt1xaoG7yy8dMtmmaDBsM,diet-1885,es-nob
i-YHMajQHP5NsMtjp6vqMN7v,diet-1904,es-bou
i-YHMajQHP5NsMtjp6vqMN7v,diet-1905,es-bou
i-YJNjrPygwHeDZiSj5b39fG,diet-1905,es-nob
i-YKh2D6esz3YFMqvWKxgbLV,diet-1877,es-pea
i-YKh2D6esz3YFMqvWKxgbLV,diet-1891,es-pea
i-YLK9ngJ3Hy7jbZ3cQDQ5eC,diet-1904,es-pea
i-YMJd2SaD9XHRrshNNdMA7Y,diet-1897,es-nob
i-YMJd2SaD9XHRrshNNdMA7Y,diet-1894,es-nob
i-YMJd2SaD9XHRrshNNdMA7Y,diet-1900,es-nob
i-YNSR4DwCvFByG8KLNWZfMu,diet-1863,es-nob
i-YNSR4DwCvFByG8KLNWZfMu,diet-1867,es-nob
i-YPUGzhWUpP3GBkQwRddPq3,diet-porvoo,es-nob
i-YRHK5GeF8RREeVWw42KeFH,diet-1899,es-nob
i-YRHK5GeF8RREeVWw42KeFH,diet-1894,es-nob
i-YRHK5GeF8RREeVWw42KeFH,diet-1891,es-nob
i-YRHK5GeF8RREeVWw42KeFH,diet-1885,es-nob
i-YRHK5GeF8RREeVWw42KeFH,diet-1882,es-nob
i-YRHK5GeF8RREeVWw42KeFH,diet-1897,es-nob
i-YRUSTMTKkQzsZr3qcQikQb,diet-1904,es-nob
i-YRUSTMTKkQzsZr3qcQikQb,diet-1897,es-nob
i-YRUSTMTKkQzsZr3qcQikQb,diet-1899,es-nob
i-YRUSTMTKkQzsZr3qcQikQb,diet-1900,es-nob
i-YRUSTMTKkQzsZr3qcQikQb,diet-1905,es-nob
i-YSBTPHzqKxPNqhdGFhMQLx,diet-porvoo,es-nob
i-YTNwx2LtDGfsnAtXUoaX3r,diet-1882,es-pea
i-YTYRaFHeP9T1FCPA23wN1v,diet-1863,es-nob
i-YTYRaFHeP9T1FCPA23wN1v,diet-1867,es-nob
i-YUNWAdcZxwK6EPoTDU2LM9,diet-1899,es-nob
i-YUdcq76DdTwQ5My5zAadSe,diet-1877,es-cle
i-YUdcq76DdTwQ5My5zAadSe,diet-1885,es-cle
i-YUdcq76DdTwQ5My5zAadSe,diet-1882,es-cle
i-YVQKzLah672iDR8XteMqnh,diet-1900,es-nob
i-YVQKzLah672iDR8XteMqnh,diet-1897,es-nob
i-YVQKzLah672iDR8XteMqnh,diet-1894,es-nob
i-YVQKzLah672iDR8XteMqnh,diet-1904,es-nob
i-YWG2zoJCnSjSfHuEoabeBo,diet-1904,es-bou
i-YXeh8drHhcpgyiwTRWGYQB,diet-1904,es-bou
i-YYJFZMywSDXzBUdD975RJa,diet-porvoo,es-nob
i-YYiFaxFNLAJM5W3icpS97q,diet-1863,es-nob
i-YaBxVxSb356iXmkaP5o367,diet-1905,es-bou
i-YaJc7TK6KSJr3uwv6p5AgR,diet-1905,es-bou
i-YaJc7TK6KSJr3uwv6p5AgR,diet-1900,es-bou
i-YakdGNJeLBHm2ViyB8fUpr,diet-1899,es-pea
i-YakdGNJeLBHm2ViyB8fUpr,diet-1905,es-pea
i-YakdGNJeLBHm2ViyB8fUpr,diet-1897,es-pea
i-YakdGNJeLBHm2ViyB8fUpr,diet-1900,es-pea
i-YcDQHoEjWC4ZXi8YaWLrWD,diet-1904,es-nob
i-ZnoS9yNyJZCCCXuCn8DK7,diet-1867,es-nob
i-ZnoS9yNyJZCCCXuCn8DK7,diet-1863,es-nob
i-b3i8w9R8L3RFku1ZCrxgn,diet-1867,es-nob
i-dSiPKWsKjPbZgZMJNpR3n,diet-1888,es-nob
i-dUJ9Gu38LQ6ZmTrMYYQ6m,diet-1894,es-bou
i-dUJ9Gu38LQ6ZmTrMYYQ6m,diet-1904,es-bou
i-dUJ9Gu38LQ6ZmTrMYYQ6m,diet-1900,es-bou
i-dUJ9Gu38LQ6ZmTrMYYQ6m,diet-1905,es-bou
i-drdyfse5Wuqe9KFa6pgaB,diet-1888,es-nob
i-drdyfse5Wuqe9KFa6pgaB,diet-1891,es-nob
i-drdyfse5Wuqe9KFa6pgaB,diet-1899,es-nob
i-drx3oHYwjhh9pfERSJ75V,diet-1885,es-pea
i-eopnN1G8XrLSyWTXUh9Rp,diet-1888,es-nob
i-fA2djVh863LMVCqsSn8im,diet-1897,es-bou
i-fA2djVh863LMVCqsSn8im,diet-1899,es-bou
i-fA2djVh863LMVCqsSn8im,diet-1900,es-bou
i-fA2djVh863LMVCqsSn8im,diet-1904,es-bou
i-fA2djVh863LMVCqsSn8im,diet-1891,es-bou
i-fA2djVh863LMVCqsSn8im,diet-1894,es-bou
i-fkH59Hy1xPdkBodmom78M,diet-1891,es-pea
i-fkH59Hy1xPdkBodmom78M,diet-1897,es-pea
i-iS8LzzYMsoqMTRxq4iVRK,diet-1891,es-bou
i-iS8LzzYMsoqMTRxq4iVRK,diet-1888,es-bou
i-izFXuH12VisPQyZuARAE6,diet-1888,es-pea
i-izFXuH12VisPQyZuARAE6,diet-1882,es-pea
i-jgr1jkvdMBMBw64HgftTg,diet-1863,es-cle
i-juGUGYJwp7mX3MQnhUEoq,diet-1897,es-nob
i-juGUGYJwp7mX3MQnhUEoq,diet-1894,es-nob
i-juGUGYJwp7mX3MQnhUEoq,diet-1877,es-nob
i-juGUGYJwp7mX3MQnhUEoq,diet-1891,es-nob
i-juGUGYJwp7mX3MQnhUEoq,diet-1885,es-nob
i-juGUGYJwp7mX3MQnhUEoq,diet-1863,es-nob
i-juGUGYJwp7mX3MQnhUEoq,diet-1899,es-nob
i-juGUGYJwp7mX3MQnhUEoq,diet-1882,es-nob
i-juGUGYJwp7mX3MQnhUEoq,diet-1867,es-nob
i-mDkXzDtc1sbficmtdJof2,diet-1897,es-cle
i-mDkXzDtc1sbficmtdJof2,diet-1900,es-cle
i-mDkXzDtc1sbficmtdJof2,diet-1899,es-cle
i-mDkXzDtc1sbficmtdJof2,diet-1894,es-cle
i-mqFQ18ES1erLNMqHvDjc5,diet-1888,es-bou
i-mqFQ18ES1erLNMqHvDjc5,diet-1885,es-bou
i-mqFQ18ES1erLNMqHvDjc5,diet-1877,es-bou
i-mqFQ18ES1erLNMqHvDjc5,diet-1882,es-bou
i-n3GLRgqXQXNFmkzaGwSPW,diet-1894,es-bou
i-n3GLRgqXQXNFmkzaGwSPW,diet-1882,es-bou
i-n3GLRgqXQXNFmkzaGwSPW,diet-1877,es-bou
i-n3GLRgqXQXNFmkzaGwSPW,diet-1885,es-bou
i-n3GLRgqXQXNFmkzaGwSPW,diet-1888,es-bou
i-n6a7VyEhiNLSYpPQaXePD,diet-1867,es-pea
i-rKkrw4Py91gKgDuj9u3Vu,diet-1900,es-bou
i-raJP4KVhfRny4UGkxwDu4,diet-1885,es-nob
i-raJP4KVhfRny4UGkxwDu4,diet-1882,es-nob
i-rhHTJ52pXmZ9omCrcdBeB,diet-1867,es-pea
i-rhHTJ52pXmZ9omCrcdBeB,diet-1877,es-pea
i-rhHTJ52pXmZ9omCrcdBeB,diet-1885,es-pea
i-rhHTJ52pXmZ9omCrcdBeB,diet-1891,es-pea
i-rmZHPkqip2GdUg6wv32Cw,diet-1904,es-nob
i-rtS2zvMx1CcSvtyFjApXZ,diet-1877,es-pea
i-rtS2zvMx1CcSvtyFjApXZ,diet-1885,es-pea
i-tGWEqay9jMPreNU8uYRU4,diet-porvoo,es-pea
i-tmNmmQ5iKubJrqgCeZYdn,diet-1894,es-bou
i-tmNmmQ5iKubJrqgCeZYdn,diet-1905,es-bou
i-uD1joERTReE2GhVvugpy1,diet-1891,es-nob
i-uD1joERTReE2GhVvugpy1,diet-1904,es-nob
i-uD1joERTReE2GhVvugpy1,diet-1905,es-nob
i-uJPhM5gzTCASn1ihrkLtX,diet-1904,es-bou
i-uXjb9J171HfAGASs8vqS9,diet-1899,es-pea
i-uaf9jg3i5ZVHXz8W9JcaM,diet-1894,es-bou
i-um2SN8BNPktTMYG2CHe7B,diet-1863,es-nob
i-vbgi84LNv1zVdZk7F59Mn,diet-porvoo,es-nob
i-w54hMDMQynKjwXWGH2CGz,diet-1877,es-nob
i-w54hMDMQynKjwXWGH2CGz,diet-1867,es-nob
i-wPTdRzX77zcPiX3pjEpko,diet-1863,es-bou
i-yGjMXojJJYe9shNXsrD3N,diet-1877,es-bou
i-ynpFoT6aL9fCNEXJQNnuy,diet-1882,es-nob
i-ynpFoT6aL9fCNEXJQNnuy,diet-1885,es-nob
i-ynpFoT6aL9fCNEXJQNnuy,diet-1877,es-nob
i-yz5WqRw8dv6YYSDpDNaKH,diet-1885,es-pea
i-yz5WqRw8dv6YYSDpDNaKH,diet-1894,es-pea
i-yz5WqRw8dv6YYSDpDNaKH,diet-1891,es-pea
i-yz5WqRw8dv6YYSDpDNaKH,diet-1897,es-pea
i-yz5WqRw8dv6YYSDpDNaKH,diet-1899,es-pea
i-yz5WqRw8dv6YYSDpDNaKH,diet-1900,es-pea
i-yz5WqRw8dv6YYSDpDNaKH,diet-1888,es-pea
i-z1aA2KyhTnRjDaaHVeKnN,diet-porvoo,es-nob
i-zC1JQ6HfsjfVTmDo1UNS4,diet-1897,es-nob
i-zC1JQ6HfsjfVTmDo1UNS4,diet-1882,es-nob
